time,open,high,low,close,tick_volume
2025-10-21 21:12:00,4195.48,4195.61,4189.88,4190.27,256
2025-10-21 21:13:00,4190.32,4196.15,4190.17,4195.63,251
2025-10-21 21:14:00,4195.68,4198.75,4192.89,4197.34,255
2025-10-21 21:15:00,4197.29,4199.46,4195.66,4199.46,232
2025-10-21 21:16:00,4199.45,4203.29,4199.15,4202.99,259
2025-10-21 21:17:00,4203.07,4206.56,4202.94,4205.39,246
2025-10-21 21:18:00,4205.38,4206.83,4203.66,4206.59,224
2025-10-21 21:19:00,4206.61,4207.3,4204.43,4204.44,215
2025-10-21 21:20:00,4203.67,4205.14,4200.58,4204.19,246
2025-10-21 21:21:00,4204.21,4209.68,4204.21,4209.08,242
2025-10-21 21:22:00,4208.98,4209.66,4207.65,4209.14,216
2025-10-21 21:23:00,4209.15,4209.36,4206.09,4209.22,217
2025-10-21 21:24:00,4209.21,4209.34,4204.29,4205.94,188
2025-10-21 21:25:00,4205.84,4205.89,4201.65,4202.04,219
2025-10-21 21:26:00,4202.05,4202.4,4199.83,4201.68,212
2025-10-21 21:27:00,4201.65,4205.57,4201.65,4204.84,217
2025-10-21 21:28:00,4204.99,4205.07,4199.78,4200.67,226
2025-10-21 21:29:00,4200.68,4202.98,4200.3,4200.93,237
2025-10-21 21:30:00,4200.95,4200.95,4191.58,4194.4,275
2025-10-21 21:31:00,4194.66,4201.77,4192.87,4197.66,275
2025-10-21 21:32:00,4197.47,4202.85,4195.3,4202.77,279
2025-10-21 21:33:00,4202.77,4206.98,4200.83,4200.83,273
2025-10-21 21:34:00,4200.79,4201.14,4195.08,4199.76,270
2025-10-21 21:35:00,4199.81,4205.61,4198.69,4205.11,274
2025-10-21 21:36:00,4204.87,4211.11,4204.04,4209.11,276
2025-10-21 21:37:00,4208.92,4224.99,4208.22,4221.26,277
2025-10-21 21:38:00,4221.47,4225.44,4221.18,4224.14,274
2025-10-21 21:39:00,4224.0,4225.45,4220.3,4223.04,267
2025-10-21 21:40:00,4222.74,4225.15,4216.58,4217.63,272
2025-10-21 21:41:00,4217.62,4218.33,4212.2,4213.17,272
2025-10-21 21:42:00,4213.22,4213.22,4207.06,4208.57,265
2025-10-21 21:43:00,4208.55,4209.54,4203.45,4204.9,268
2025-10-21 21:44:00,4204.88,4206.35,4202.02,4205.66,274
2025-10-21 21:45:00,4205.55,4209.39,4205.55,4208.65,260
2025-10-21 21:46:00,4208.66,4209.01,4195.73,4196.06,278
2025-10-21 21:47:00,4195.84,4195.99,4187.92,4188.36,280
2025-10-21 21:48:00,4188.05,4188.59,4173.82,4180.0,279
2025-10-21 21:49:00,4180.42,4184.73,4169.72,4184.28,278
2025-10-21 21:50:00,4184.5,4184.5,4175.42,4177.93,276
2025-10-21 21:51:00,4177.97,4180.07,4167.88,4174.91,275
2025-10-21 21:52:00,4175.53,4180.0,4171.07,4179.67,271
2025-10-21 21:53:00,4179.79,4181.09,4171.82,4175.76,277
2025-10-21 21:54:00,4175.77,4178.21,4168.76,4176.76,274
2025-10-21 21:55:00,4176.72,4177.28,4169.75,4173.72,277
2025-10-21 21:56:00,4173.82,4179.42,4172.09,4174.4,272
2025-10-21 21:57:00,4174.47,4177.21,4171.65,4174.19,273
2025-10-21 21:58:00,4174.56,4180.99,4174.54,4175.65,272
2025-10-21 21:59:00,4175.69,4180.01,4173.08,4174.12,270
2025-10-21 22:00:00,4173.81,4176.32,4170.11,4171.78,272
2025-10-21 22:01:00,4171.63,4175.64,4168.64,4175.1,271
2025-10-21 22:02:00,4174.69,4176.43,4165.76,4166.83,278
2025-10-21 22:03:00,4166.84,4170.17,4165.45,4167.32,276
2025-10-21 22:04:00,4167.25,4176.21,4167.25,4175.32,281
2025-10-21 22:05:00,4175.33,4180.67,4174.36,4178.64,274
2025-10-21 22:06:00,4178.67,4188.18,4178.67,4186.32,277
2025-10-21 22:07:00,4186.33,4186.33,4176.53,4178.05,262
2025-10-21 22:08:00,4178.01,4178.23,4170.67,4173.18,264
2025-10-21 22:09:00,4173.21,4175.63,4169.66,4172.95,274
2025-10-21 22:10:00,4172.5,4178.86,4171.07,4178.65,275
2025-10-21 22:11:00,4178.72,4182.6,4174.69,4175.3,263
2025-10-21 22:12:00,4175.27,4182.7,4172.29,4180.09,270
2025-10-21 22:13:00,4180.12,4181.59,4174.87,4178.45,253
2025-10-21 22:14:00,4178.39,4182.07,4175.3,4181.89,258
2025-10-21 22:15:00,4181.89,4181.89,4176.0,4176.09,259
2025-10-21 22:16:00,4176.56,4176.6,4172.16,4173.76,259
2025-10-21 22:17:00,4173.85,4175.89,4171.28,4173.32,257
2025-10-21 22:18:00,4173.33,4174.86,4166.44,4166.62,255
2025-10-21 22:19:00,4166.27,4168.37,4165.47,4166.54,256
2025-10-21 22:20:00,4166.55,4169.33,4158.96,4160.26,266
2025-10-21 22:21:00,4160.03,4163.49,4154.84,4158.06,277
2025-10-21 22:22:00,4158.21,4161.22,4153.06,4153.87,265
2025-10-21 22:23:00,4153.58,4160.43,4151.73,4152.29,272
2025-10-21 22:24:00,4152.37,4155.13,4149.03,4152.93,269
2025-10-21 22:25:00,4152.92,4157.27,4151.91,4153.36,270
2025-10-21 22:26:00,4153.42,4158.17,4152.73,4152.88,272
2025-10-21 22:27:00,4153.04,4154.3,4150.48,4151.82,270
2025-10-21 22:28:00,4151.78,4152.4,4138.92,4139.06,276
2025-10-21 22:29:00,4138.66,4142.02,4130.74,4136.78,279
2025-10-21 22:30:00,4136.86,4137.37,4122.39,4132.05,284
2025-10-21 22:31:00,4131.94,4134.53,4121.84,4129.36,281
2025-10-21 22:32:00,4128.95,4134.49,4126.25,4128.07,274
2025-10-21 22:33:00,4127.95,4134.94,4124.93,4134.3,278
2025-10-21 22:34:00,4133.87,4136.16,4129.81,4134.11,271
2025-10-21 22:35:00,4134.23,4134.99,4127.41,4129.53,266
2025-10-21 22:36:00,4129.55,4133.42,4127.2,4132.04,269
2025-10-21 22:37:00,4132.07,4134.43,4125.41,4130.92,268
2025-10-21 22:38:00,4130.62,4132.28,4116.07,4116.07,271
2025-10-21 22:39:00,4116.19,4121.52,4115.01,4118.67,275
2025-10-21 22:40:00,4118.73,4122.08,4117.02,4119.52,275
2025-10-21 22:41:00,4119.78,4123.56,4112.94,4113.13,270
2025-10-21 22:42:00,4113.02,4114.86,4106.89,4109.51,272
2025-10-21 22:43:00,4109.54,4110.17,4097.96,4105.78,281
2025-10-21 22:44:00,4105.11,4107.38,4101.01,4101.71,272
2025-10-21 22:45:00,4101.75,4106.04,4080.69,4086.64,282
2025-10-21 22:46:00,4086.61,4109.79,4086.61,4109.44,283
2025-10-21 22:47:00,4109.38,4110.28,4102.69,4108.48,276
2025-10-21 22:48:00,4108.49,4113.8,4105.17,4108.54,279
2025-10-21 22:49:00,4108.87,4114.02,4106.73,4113.48,274
2025-10-21 22:50:00,4113.45,4123.22,4112.53,4117.96,281
2025-10-21 22:51:00,4117.79,4117.85,4111.39,4117.12,268
2025-10-21 22:52:00,4117.48,4119.66,4113.72,4119.66,271
2025-10-21 22:53:00,4119.6,4120.29,4111.91,4115.54,263
2025-10-21 22:54:00,4115.72,4124.9,4114.92,4123.5,274
2025-10-21 22:55:00,4123.34,4124.29,4117.7,4119.67,272
2025-10-21 22:56:00,4119.5,4122.61,4119.5,4121.42,250
2025-10-21 22:57:00,4121.41,4127.74,4121.41,4126.58,259
2025-10-21 22:58:00,4126.57,4129.36,4123.74,4129.36,277
2025-10-21 22:59:00,4129.2,4141.47,4128.72,4139.03,273
2025-10-21 23:00:00,4138.85,4141.54,4131.31,4135.04,278
2025-10-21 23:01:00,4135.01,4137.35,4130.97,4131.47,255
2025-10-21 23:02:00,4131.6,4132.47,4125.35,4126.56,267
2025-10-21 23:03:00,4126.43,4129.43,4124.94,4124.95,247
2025-10-21 23:04:00,4125.19,4129.75,4123.15,4129.14,254
2025-10-21 23:05:00,4129.21,4130.76,4125.55,4128.69,244
2025-10-21 23:06:00,4128.72,4130.9,4127.9,4128.99,254
2025-10-21 23:07:00,4129.62,4136.22,4127.71,4136.06,253
2025-10-21 23:08:00,4136.03,4137.09,4133.93,4136.57,258
2025-10-21 23:09:00,4136.58,4139.88,4132.86,4137.11,260
2025-10-21 23:10:00,4136.97,4140.37,4134.91,4140.37,264
2025-10-21 23:11:00,4140.17,4150.41,4139.2,4149.88,272
2025-10-21 23:12:00,4149.75,4149.75,4143.32,4144.12,257
2025-10-21 23:13:00,4143.97,4147.57,4143.42,4144.08,257
2025-10-21 23:14:00,4144.15,4144.6,4140.38,4140.96,260
2025-10-21 23:15:00,4141.07,4142.95,4136.55,4139.39,270
2025-10-21 23:16:00,4139.38,4141.39,4134.7,4135.07,254
2025-10-21 23:17:00,4135.03,4139.9,4134.6,4135.14,250
2025-10-21 23:18:00,4134.97,4138.03,4131.58,4136.87,256
2025-10-21 23:19:00,4136.62,4136.62,4132.63,4136.11,243
2025-10-21 23:20:00,4136.1,4136.83,4125.1,4125.1,247
2025-10-21 23:21:00,4124.91,4126.79,4119.94,4120.28,272
2025-10-21 23:22:00,4120.31,4128.93,4120.31,4128.65,259
2025-10-21 23:23:00,4128.69,4132.18,4124.4,4131.6,252
2025-10-21 23:24:00,4131.39,4133.32,4130.47,4133.08,214
2025-10-21 23:25:00,4133.12,4134.07,4127.11,4132.9,242
2025-10-21 23:26:00,4132.91,4132.98,4129.76,4131.58,245
2025-10-21 23:27:00,4131.57,4134.73,4130.85,4132.12,229
2025-10-21 23:28:00,4132.37,4132.44,4128.57,4129.52,232
2025-10-21 23:29:00,4129.54,4132.77,4124.74,4124.84,236
2025-10-21 23:30:00,4124.88,4131.39,4123.3,4131.39,241
2025-10-21 23:31:00,4131.13,4133.17,4126.95,4126.96,249
2025-10-21 23:32:00,4126.93,4128.99,4124.2,4124.6,242
2025-10-21 23:33:00,4124.62,4128.38,4124.62,4127.63,230
2025-10-21 23:34:00,4127.65,4131.91,4126.65,4129.01,231
2025-10-21 23:35:00,4128.68,4132.11,4125.16,4130.73,257
2025-10-21 23:36:00,4130.61,4131.52,4125.8,4126.17,218
2025-10-21 23:37:00,4126.18,4128.43,4124.19,4127.13,240
2025-10-21 23:38:00,4127.6,4128.07,4124.97,4126.18,198
2025-10-21 23:39:00,4126.36,4127.11,4125.02,4125.09,221
2025-10-21 23:40:00,4125.22,4132.05,4125.21,4126.56,253
2025-10-21 23:41:00,4126.54,4131.3,4126.13,4131.0,228
2025-10-21 23:42:00,4131.17,4138.39,4130.62,4136.01,249
2025-10-21 23:43:00,4135.82,4141.98,4134.52,4141.43,238
2025-10-21 23:44:00,4141.25,4143.23,4139.43,4142.61,241
2025-10-21 23:45:00,4142.68,4144.0,4142.04,4142.8,241
2025-10-21 23:46:00,4142.76,4147.67,4140.89,4144.18,259
2025-10-21 23:47:00,4144.16,4147.07,4142.62,4145.45,246
2025-10-21 23:48:00,4145.38,4145.96,4142.24,4142.83,230
2025-10-21 23:49:00,4142.77,4144.16,4139.66,4140.47,237
2025-10-21 23:50:00,4140.48,4144.57,4140.41,4143.14,243
2025-10-21 23:51:00,4143.01,4143.86,4137.05,4137.9,219
2025-10-21 23:52:00,4137.88,4141.13,4137.88,4140.18,206
2025-10-21 23:53:00,4140.2,4140.81,4136.9,4140.14,225
2025-10-21 23:54:00,4140.2,4142.09,4139.64,4141.77,218
2025-10-22 01:00:00,4113.5,4119.46,4110.0,4117.34,263
2025-10-22 01:01:00,4117.28,4117.62,4109.94,4110.5,250
2025-10-22 01:02:00,4110.63,4111.19,4106.75,4107.48,244
2025-10-22 01:03:00,4107.36,4109.36,4105.78,4106.32,231
2025-10-22 01:04:00,4106.62,4107.39,4104.34,4104.4,235
2025-10-22 01:05:00,4104.4,4105.69,4101.22,4104.85,253
2025-10-22 01:06:00,4105.11,4107.95,4103.88,4105.04,237
2025-10-22 01:07:00,4104.96,4108.11,4104.92,4106.24,231
2025-10-22 01:08:00,4105.96,4107.86,4105.46,4107.05,232
2025-10-22 01:09:00,4107.4,4109.69,4106.53,4108.23,238
2025-10-22 01:10:00,4108.56,4109.62,4105.37,4105.75,221
2025-10-22 01:11:00,4106.19,4106.72,4101.98,4103.39,241
2025-10-22 01:12:00,4103.0,4108.29,4102.78,4107.66,221
2025-10-22 01:13:00,4107.71,4112.28,4107.71,4111.35,218
2025-10-22 01:14:00,4111.34,4114.79,4111.21,4114.21,225
2025-10-22 01:15:00,4114.24,4119.2,4113.55,4118.02,239
2025-10-22 01:16:00,4118.06,4118.06,4115.28,4117.61,219
2025-10-22 01:17:00,4117.54,4118.17,4113.81,4114.53,200
2025-10-22 01:18:00,4114.56,4114.71,4110.06,4111.6,229
2025-10-22 01:19:00,4111.58,4114.11,4108.6,4109.84,230
2025-10-22 01:20:00,4109.91,4110.81,4107.86,4108.43,233
2025-10-22 01:21:00,4108.59,4111.05,4107.91,4109.14,224
2025-10-22 01:22:00,4109.12,4109.12,4106.69,4108.47,213
2025-10-22 01:23:00,4108.49,4110.3,4107.3,4109.51,224
2025-10-22 01:24:00,4109.72,4109.72,4106.46,4108.33,226
2025-10-22 01:25:00,4108.45,4109.87,4106.25,4108.47,217
2025-10-22 01:26:00,4108.32,4108.35,4105.13,4105.23,221
2025-10-22 01:27:00,4104.98,4105.1,4094.24,4098.02,266
2025-10-22 01:28:00,4098.03,4099.75,4094.53,4096.12,255
2025-10-22 01:29:00,4096.63,4098.83,4094.57,4097.69,271
2025-10-22 01:30:00,4097.65,4101.41,4095.94,4100.25,255
2025-10-22 01:31:00,4100.22,4107.31,4100.22,4106.55,251
2025-10-22 01:32:00,4106.54,4108.96,4105.7,4106.28,238
2025-10-22 01:33:00,4106.43,4111.42,4106.31,4111.42,225
2025-10-22 01:34:00,4111.35,4115.59,4110.29,4113.84,235
2025-10-22 01:35:00,4113.93,4116.75,4111.31,4111.83,232
2025-10-22 01:36:00,4111.89,4115.31,4111.66,4115.31,237
2025-10-22 01:37:00,4115.32,4116.29,4114.29,4114.91,191
2025-10-22 01:38:00,4114.93,4117.07,4114.27,4115.48,184
2025-10-22 01:39:00,4115.42,4115.48,4111.71,4112.38,200
2025-10-22 01:40:00,4112.43,4113.65,4110.27,4112.77,206
2025-10-22 01:41:00,4112.56,4114.58,4112.46,4114.43,181
2025-10-22 01:42:00,4114.47,4117.05,4113.79,4116.43,216
2025-10-22 01:43:00,4116.5,4117.65,4115.16,4117.19,204
2025-10-22 01:44:00,4117.21,4117.73,4115.75,4116.22,173
2025-10-22 01:45:00,4116.21,4117.06,4115.12,4115.16,194
2025-10-22 01:46:00,4114.96,4117.18,4113.97,4114.7,173
2025-10-22 01:47:00,4114.73,4115.93,4113.57,4115.54,177
2025-10-22 01:48:00,4115.53,4120.29,4115.44,4117.9,223
2025-10-22 01:49:00,4117.88,4118.12,4114.5,4114.5,215
2025-10-22 01:50:00,4114.75,4114.75,4111.71,4112.92,218
2025-10-22 01:51:00,4112.93,4114.38,4111.81,4114.38,210
2025-10-22 01:52:00,4114.36,4114.48,4108.62,4109.25,206
2025-10-22 01:53:00,4109.38,4113.21,4109.22,4110.72,220
2025-10-22 01:54:00,4110.71,4112.7,4110.22,4111.56,193
2025-10-22 01:55:00,4111.55,4114.52,4111.55,4113.62,214
2025-10-22 01:56:00,4113.63,4115.17,4111.31,4112.85,188
2025-10-22 01:57:00,4112.84,4114.62,4111.56,4112.85,188
2025-10-22 01:58:00,4112.77,4112.93,4110.44,4111.35,181
2025-10-22 01:59:00,4111.17,4113.31,4111.13,4111.29,188
2025-10-22 02:00:00,4111.28,4114.95,4110.78,4114.61,191
2025-10-22 02:01:00,4114.43,4119.65,4114.39,4119.59,184
2025-10-22 02:02:00,4119.84,4122.57,4119.61,4122.37,195
2025-10-22 02:03:00,4122.4,4122.44,4120.23,4120.43,178
2025-10-22 02:04:00,4120.47,4122.52,4120.26,4122.48,165
2025-10-22 02:05:00,4122.7,4124.45,4119.59,4120.87,207
2025-10-22 02:06:00,4120.84,4120.84,4115.47,4115.69,200
2025-10-22 02:07:00,4115.64,4117.41,4115.18,4116.68,133
2025-10-22 02:08:00,4116.73,4117.58,4113.51,4114.01,216
2025-10-22 02:09:00,4114.02,4115.57,4113.5,4113.91,172
2025-10-22 02:10:00,4113.67,4115.9,4113.24,4115.71,161
2025-10-22 02:11:00,4115.77,4116.55,4113.81,4113.88,182
2025-10-22 02:12:00,4114.38,4115.39,4113.72,4113.9,166
2025-10-22 02:13:00,4113.95,4116.46,4113.19,4115.65,168
2025-10-22 02:14:00,4115.55,4119.24,4115.22,4118.67,159
2025-10-22 02:15:00,4118.66,4119.34,4115.72,4116.16,204
2025-10-22 02:16:00,4116.17,4116.17,4111.74,4114.49,228
2025-10-22 02:17:00,4114.46,4114.5,4112.9,4114.3,170
2025-10-22 02:18:00,4114.31,4116.63,4113.8,4115.43,176
2025-10-22 02:19:00,4115.42,4115.88,4113.53,4114.59,164
2025-10-22 02:20:00,4114.35,4115.35,4112.99,4115.25,177
2025-10-22 02:21:00,4115.61,4116.1,4112.87,4114.53,189
2025-10-22 02:22:00,4114.52,4115.16,4113.17,4114.79,141
2025-10-22 02:23:00,4114.96,4117.21,4114.95,4116.16,132
2025-10-22 02:24:00,4116.18,4118.11,4116.18,4117.71,173
2025-10-22 02:25:00,4117.7,4118.39,4116.5,4118.36,176
2025-10-22 02:26:00,4118.34,4119.51,4116.99,4117.06,171
2025-10-22 02:27:00,4117.05,4117.78,4115.71,4115.93,155
2025-10-22 02:28:00,4115.85,4116.92,4114.2,4116.39,186
2025-10-22 02:29:00,4116.37,4116.75,4115.64,4116.19,125
2025-10-22 02:30:00,4116.23,4116.99,4114.72,4115.7,151
2025-10-22 02:31:00,4115.79,4117.12,4114.76,4117.02,141
2025-10-22 02:32:00,4117.03,4120.94,4116.81,4120.63,150
2025-10-22 02:33:00,4120.55,4121.5,4118.64,4121.4,175
2025-10-22 02:34:00,4121.44,4121.44,4118.72,4119.79,163
2025-10-22 02:35:00,4119.77,4121.0,4119.67,4120.09,152
2025-10-22 02:36:00,4120.01,4123.13,4120.01,4122.58,160
2025-10-22 02:37:00,4122.39,4125.82,4121.46,4125.25,200
2025-10-22 02:38:00,4125.13,4125.74,4124.12,4124.73,168
2025-10-22 02:39:00,4124.7,4125.67,4124.09,4124.86,168
2025-10-22 02:40:00,4124.88,4124.88,4121.87,4122.19,178
2025-10-22 02:41:00,4122.44,4122.44,4117.96,4118.07,171
2025-10-22 02:42:00,4118.02,4119.48,4116.12,4117.04,181
2025-10-22 02:43:00,4117.18,4117.35,4114.03,4115.33,189
2025-10-22 02:44:00,4115.36,4116.74,4113.54,4113.77,197
2025-10-22 02:45:00,4113.81,4114.49,4111.45,4111.45,176
2025-10-22 02:46:00,4111.47,4111.47,4107.6,4108.4,199
2025-10-22 02:47:00,4108.68,4110.15,4106.5,4110.15,202
2025-10-22 02:48:00,4110.06,4112.04,4109.62,4111.82,218
2025-10-22 02:49:00,4111.81,4113.82,4110.75,4111.86,207
2025-10-22 02:50:00,4111.84,4115.4,4111.45,4112.42,190
2025-10-22 02:51:00,4112.41,4114.7,4109.92,4114.59,195
2025-10-22 02:52:00,4114.57,4115.18,4112.68,4113.21,158
2025-10-22 02:53:00,4113.25,4114.77,4112.13,4113.53,172
2025-10-22 02:54:00,4113.51,4114.01,4111.44,4112.25,174
2025-10-22 02:55:00,4112.26,4113.37,4111.29,4112.7,159
2025-10-22 02:56:00,4112.69,4113.9,4112.23,4113.84,155
2025-10-22 02:57:00,4113.85,4115.17,4113.45,4113.58,164
2025-10-22 02:58:00,4113.54,4114.7,4112.64,4114.31,163
2025-10-22 02:59:00,4114.3,4115.31,4113.34,4114.92,130
2025-10-22 03:00:00,4114.93,4119.14,4113.69,4118.44,194
2025-10-22 03:01:00,4118.31,4118.31,4115.09,4115.34,188
2025-10-22 03:02:00,4115.35,4119.29,4115.29,4119.24,165
2025-10-22 03:03:00,4119.63,4120.85,4118.12,4120.48,155
2025-10-22 03:04:00,4120.35,4122.08,4119.8,4122.08,159
2025-10-22 03:05:00,4122.11,4122.17,4120.22,4120.54,150
2025-10-22 03:06:00,4120.35,4120.38,4117.64,4119.21,193
2025-10-22 03:07:00,4119.24,4119.53,4117.74,4117.97,148
2025-10-22 03:08:00,4117.93,4117.96,4115.92,4116.1,146
2025-10-22 03:09:00,4116.05,4116.46,4114.13,4114.86,171
2025-10-22 03:10:00,4114.91,4115.06,4111.52,4113.27,117
2025-10-22 03:11:00,4111.49,4113.29,4109.89,4110.05,126
2025-10-22 03:12:00,4110.56,4110.56,4107.47,4109.53,201
2025-10-22 03:13:00,4109.49,4109.95,4106.89,4108.29,181
2025-10-22 03:14:00,4108.35,4110.41,4106.42,4110.21,201
2025-10-22 03:15:00,4110.44,4110.78,4107.72,4107.73,184
2025-10-22 03:16:00,4107.73,4110.25,4107.55,4107.89,196
2025-10-22 03:17:00,4107.81,4107.83,4100.99,4101.09,225
2025-10-22 03:18:00,4101.18,4106.86,4101.18,4105.45,195
2025-10-22 03:19:00,4105.25,4106.91,4103.81,4105.58,195
2025-10-22 03:20:00,4105.59,4106.07,4102.93,4104.49,182
2025-10-22 03:21:00,4104.48,4106.87,4103.71,4103.8,181
2025-10-22 03:22:00,4103.75,4106.3,4103.68,4106.01,157
2025-10-22 03:23:00,4105.66,4106.75,4105.14,4106.62,168
2025-10-22 03:24:00,4106.87,4107.4,4100.82,4100.97,191
2025-10-22 03:25:00,4100.87,4105.91,4100.87,4103.21,197
2025-10-22 03:26:00,4103.22,4104.89,4101.8,4103.09,210
2025-10-22 03:27:00,4103.13,4104.35,4100.97,4103.78,206
2025-10-22 03:28:00,4103.79,4106.33,4103.7,4104.48,194
2025-10-22 03:29:00,4105.0,4105.19,4104.15,4104.43,173
2025-10-22 03:30:00,4104.44,4105.9,4103.27,4105.9,184
2025-10-22 03:31:00,4106.0,4108.3,4105.38,4106.61,192
2025-10-22 03:32:00,4106.6,4109.11,4106.11,4109.11,193
2025-10-22 03:33:00,4109.05,4110.07,4108.2,4109.2,164
2025-10-22 03:34:00,4109.21,4110.87,4109.04,4110.35,163
2025-10-22 03:35:00,4110.34,4111.53,4109.91,4111.2,159
2025-10-22 03:36:00,4111.22,4112.48,4108.21,4108.74,168
2025-10-22 03:37:00,4108.7,4110.83,4107.98,4108.99,187
2025-10-22 03:38:00,4109.13,4110.44,4108.67,4108.86,166
2025-10-22 03:39:00,4108.8,4108.83,4104.46,4104.98,176
2025-10-22 03:40:00,4104.94,4104.94,4101.45,4101.65,178
2025-10-22 03:41:00,4101.7,4106.33,4101.68,4105.62,180
2025-10-22 03:42:00,4105.61,4106.98,4105.01,4106.52,154
2025-10-22 03:43:00,4106.5,4110.34,4106.5,4109.93,149
2025-10-22 03:44:00,4110.31,4110.96,4109.69,4110.38,160
2025-10-22 03:45:00,4110.38,4111.41,4106.81,4107.88,197
2025-10-22 03:46:00,4107.87,4110.17,4107.87,4109.39,164
2025-10-22 03:47:00,4109.4,4110.74,4107.88,4108.53,153
2025-10-22 03:48:00,4108.56,4109.12,4107.22,4107.3,164
2025-10-22 03:49:00,4107.31,4107.84,4105.05,4105.08,160
2025-10-22 03:50:00,4105.44,4106.33,4103.43,4104.36,182
2025-10-22 03:51:00,4104.38,4106.17,4103.14,4106.13,199
2025-10-22 03:52:00,4106.18,4107.5,4104.67,4105.1,162
2025-10-22 03:53:00,4105.12,4105.55,4103.63,4104.74,181
2025-10-22 03:54:00,4104.71,4104.71,4101.88,4102.09,197
2025-10-22 03:55:00,4102.1,4105.27,4101.93,4104.16,196
2025-10-22 03:56:00,4103.92,4104.12,4101.31,4101.86,193
2025-10-22 03:57:00,4101.95,4105.74,4101.89,4105.66,209
2025-10-22 03:58:00,4105.67,4108.21,4104.48,4107.49,231
2025-10-22 03:59:00,4107.4,4111.63,4105.64,4108.9,258
2025-10-22 04:00:00,4109.34,4109.72,4106.23,4109.0,220
2025-10-22 04:01:00,4108.82,4112.51,4108.11,4108.5,211
2025-10-22 04:02:00,4108.37,4115.3,4108.18,4115.3,185
2025-10-22 04:03:00,4115.23,4115.3,4111.97,4113.03,159
2025-10-22 04:04:00,4113.17,4114.09,4110.8,4114.07,155
2025-10-22 04:05:00,4114.01,4118.56,4113.93,4117.34,202
2025-10-22 04:06:00,4117.31,4120.17,4117.31,4120.09,152
2025-10-22 04:07:00,4120.01,4120.11,4117.69,4119.41,149
2025-10-22 04:08:00,4119.35,4120.33,4118.62,4120.32,123
2025-10-22 04:09:00,4120.33,4120.33,4119.2,4119.65,109
2025-10-22 04:10:00,4119.72,4120.93,4118.03,4118.71,130
2025-10-22 04:11:00,4118.62,4120.3,4118.18,4120.24,124
2025-10-22 04:12:00,4120.23,4121.88,4120.23,4120.73,130
2025-10-22 04:13:00,4120.85,4120.85,4119.31,4120.8,100
2025-10-22 04:14:00,4120.65,4121.25,4120.53,4120.77,96
2025-10-22 04:15:00,4120.96,4121.17,4120.43,4120.49,76
2025-10-22 04:16:00,4120.55,4120.7,4118.71,4119.25,96
2025-10-22 04:17:00,4119.49,4122.94,4119.48,4121.69,132
2025-10-22 04:18:00,4121.71,4122.49,4120.76,4121.91,124
2025-10-22 04:19:00,4121.92,4123.73,4121.84,4123.62,100
2025-10-22 04:20:00,4123.79,4123.98,4123.22,4123.48,97
2025-10-22 04:21:00,4123.88,4124.95,4123.32,4124.03,107
2025-10-22 04:22:00,4124.02,4124.06,4121.59,4122.07,133
2025-10-22 04:23:00,4122.27,4123.53,4121.06,4121.39,128
2025-10-22 04:24:00,4121.42,4121.77,4120.12,4120.22,119
2025-10-22 04:25:00,4120.49,4122.63,4120.45,4122.47,106
2025-10-22 04:26:00,4122.52,4124.67,4121.98,4124.35,125
2025-10-22 04:27:00,4124.33,4124.52,4124.21,4124.48,51
2025-10-22 04:28:00,4124.45,4124.59,4121.83,4123.13,113
2025-10-22 04:29:00,4123.14,4123.27,4121.95,4122.72,79
2025-10-22 04:30:00,4122.55,4122.55,4121.23,4121.41,85
2025-10-22 04:31:00,4121.42,4122.44,4121.25,4121.76,69
2025-10-22 04:32:00,4121.7,4122.64,4120.91,4122.14,97
2025-10-22 04:33:00,4122.15,4126.63,4122.15,4125.41,108
2025-10-22 04:34:00,4125.41,4128.25,4125.28,4128.13,125
2025-10-22 04:35:00,4128.25,4130.21,4128.23,4130.13,149
2025-10-22 04:36:00,4130.06,4130.1,4128.31,4129.81,124
2025-10-22 04:37:00,4129.29,4129.63,4127.39,4129.43,121
2025-10-22 04:38:00,4129.42,4129.44,4127.37,4128.17,78
2025-10-22 04:39:00,4128.23,4128.81,4127.61,4128.08,81
2025-10-22 04:40:00,4128.14,4130.97,4128.13,4130.44,102
2025-10-22 04:41:00,4130.2,4130.2,4128.22,4128.65,96
2025-10-22 04:42:00,4128.64,4129.34,4128.29,4129.34,56
2025-10-22 04:43:00,4129.37,4130.11,4128.82,4129.87,68
2025-10-22 04:44:00,4130.27,4130.83,4128.38,4128.57,97
2025-10-22 04:45:00,4128.8,4130.72,4128.8,4129.72,88
2025-10-22 04:46:00,4130.01,4130.01,4128.86,4129.51,61
2025-10-22 04:47:00,4129.55,4129.7,4128.5,4128.97,84
2025-10-22 04:48:00,4128.96,4129.08,4127.79,4128.34,85
2025-10-22 04:49:00,4128.36,4128.42,4127.14,4127.3,77
2025-10-22 04:50:00,4127.27,4128.51,4127.04,4128.13,118
2025-10-22 04:51:00,4128.15,4128.28,4124.42,4125.41,101
2025-10-22 04:52:00,4125.42,4126.54,4124.53,4125.96,126
2025-10-22 04:53:00,4125.96,4126.92,4125.96,4126.66,104
2025-10-22 04:54:00,4126.66,4127.07,4124.99,4125.7,78
2025-10-22 04:55:00,4125.81,4127.59,4125.78,4127.52,97
2025-10-22 04:56:00,4127.51,4127.52,4126.34,4126.43,68
2025-10-22 04:57:00,4126.44,4126.62,4125.31,4125.71,94
2025-10-22 04:58:00,4125.83,4125.85,4124.8,4125.06,63
2025-10-22 04:59:00,4124.94,4125.08,4124.47,4124.57,75
2025-10-22 06:01:00,4125.66,4132.38,4125.24,4132.25,135
2025-10-22 06:02:00,4132.28,4132.37,4129.2,4129.2,116
2025-10-22 06:03:00,4129.19,4131.58,4126.9,4126.92,107
2025-10-22 06:04:00,4126.71,4127.18,4122.16,4122.65,125
2025-10-22 06:05:00,4122.58,4122.58,4114.14,4117.3,175
2025-10-22 06:06:00,4118.67,4121.15,4116.47,4120.89,137
2025-10-22 06:07:00,4121.38,4123.38,4118.11,4122.55,96
2025-10-22 06:08:00,4123.23,4123.36,4120.37,4121.07,83
2025-10-22 06:09:00,4121.09,4121.09,4114.44,4115.82,123
2025-10-22 06:10:00,4115.84,4118.38,4115.62,4117.42,76
2025-10-22 06:11:00,4117.69,4118.47,4115.9,4116.51,77
2025-10-22 06:12:00,4116.29,4117.5,4114.28,4115.19,99
2025-10-22 06:13:00,4115.16,4117.34,4115.16,4116.37,72
2025-10-22 06:14:00,4116.57,4120.2,4115.67,4118.44,89
2025-10-22 06:15:00,4118.47,4121.74,4118.47,4119.33,88
2025-10-22 06:16:00,4119.25,4120.75,4117.33,4119.85,110
2025-10-22 06:17:00,4120.12,4120.88,4119.28,4120.85,86
2025-10-22 06:18:00,4121.04,4121.06,4119.12,4120.47,74
2025-10-22 06:19:00,4120.45,4123.32,4120.43,4123.16,103
2025-10-22 06:20:00,4123.23,4124.37,4121.97,4122.62,95
2025-10-22 06:21:00,4122.78,4124.46,4120.83,4124.44,99
2025-10-22 06:22:00,4124.77,4125.15,4123.39,4124.27,98
2025-10-22 06:23:00,4123.76,4126.56,4123.33,4126.4,90
2025-10-22 06:24:00,4126.48,4126.8,4125.69,4125.82,76
2025-10-22 06:25:00,4125.84,4126.81,4125.27,4125.81,112
2025-10-22 06:26:00,4125.69,4126.5,4125.02,4126.5,63
2025-10-22 06:27:00,4126.74,4126.74,4125.44,4126.3,83
2025-10-22 06:28:00,4126.2,4126.2,4124.83,4125.33,53
2025-10-22 06:29:00,4125.27,4125.84,4124.68,4124.9,70
2025-10-22 06:30:00,4124.72,4124.72,4120.79,4121.87,133
2025-10-22 06:31:00,4121.86,4122.91,4121.77,4122.04,109
2025-10-22 06:32:00,4122.03,4123.04,4120.95,4122.9,93
2025-10-22 06:33:00,4122.89,4125.94,4122.56,4125.88,70
2025-10-22 06:34:00,4125.97,4129.11,4125.95,4127.25,119
2025-10-22 06:35:00,4127.22,4128.39,4126.6,4127.9,96
2025-10-22 06:36:00,4127.87,4127.87,4125.04,4125.12,71
2025-10-22 06:37:00,4125.05,4125.35,4123.64,4124.67,73
2025-10-22 06:38:00,4124.63,4126.64,4124.63,4126.03,67
2025-10-22 06:39:00,4126.07,4127.27,4122.77,4123.99,92
2025-10-22 06:40:00,4123.7,4126.62,4123.7,4126.38,73
2025-10-22 06:41:00,4126.65,4126.94,4125.98,4126.11,55
2025-10-22 06:42:00,4126.14,4128.79,4125.72,4128.39,66
2025-10-22 06:43:00,4128.37,4128.37,4124.3,4124.87,86
2025-10-22 06:44:00,4124.75,4125.18,4123.24,4125.02,63
2025-10-22 06:45:00,4125.04,4125.59,4124.9,4125.48,62
2025-10-22 06:46:00,4125.44,4126.41,4125.22,4125.74,64
2025-10-22 06:47:00,4126.01,4127.96,4125.57,4127.16,92
2025-10-22 06:48:00,4127.05,4128.25,4126.67,4126.67,96
2025-10-22 06:49:00,4126.69,4126.81,4124.34,4124.72,75
2025-10-22 06:50:00,4124.64,4125.2,4123.95,4125.2,49
2025-10-22 06:51:00,4125.19,4125.19,4123.23,4123.23,65
2025-10-22 06:52:00,4123.21,4125.82,4123.21,4125.48,77
2025-10-22 06:53:00,4125.49,4126.02,4124.63,4124.63,49
2025-10-22 06:54:00,4124.62,4125.54,4123.6,4123.8,70
2025-10-22 06:55:00,4123.79,4124.29,4123.79,4124.18,55
2025-10-22 06:56:00,4124.17,4124.17,4122.98,4123.47,42
2025-10-22 06:57:00,4123.31,4123.65,4121.99,4122.29,65
2025-10-22 06:58:00,4122.2,4123.05,4121.9,4122.2,80
2025-10-22 06:59:00,4122.21,4123.35,4120.9,4123.35,83
2025-10-22 07:00:00,4123.46,4125.99,4122.28,4122.78,122
2025-10-22 07:01:00,4121.44,4122.04,4118.53,4119.32,123
2025-10-22 07:02:00,4119.32,4122.38,4119.32,4122.22,130
2025-10-22 07:03:00,4122.14,4122.14,4118.78,4118.82,90
2025-10-22 07:04:00,4118.81,4121.21,4118.57,4119.73,71
2025-10-22 07:05:00,4119.68,4120.45,4118.19,4118.77,74
2025-10-22 07:06:00,4118.76,4120.89,4117.98,4120.85,86
2025-10-22 07:07:00,4120.86,4120.9,4119.25,4120.76,69
2025-10-22 07:08:00,4120.81,4123.18,4120.81,4122.78,78
2025-10-22 07:09:00,4122.79,4125.47,4122.77,4125.26,70
2025-10-22 07:10:00,4125.41,4125.45,4123.76,4123.76,95
2025-10-22 07:11:00,4123.6,4124.08,4122.75,4122.97,63
2025-10-22 07:12:00,4122.97,4124.02,4121.87,4123.38,84
2025-10-22 07:13:00,4122.95,4122.95,4121.0,4122.29,90
2025-10-22 07:14:00,4122.27,4122.39,4116.35,4116.4,108
2025-10-22 07:15:00,4116.42,4119.09,4115.94,4116.56,132
2025-10-22 07:16:00,4116.92,4118.05,4116.64,4117.21,96
2025-10-22 07:17:00,4117.15,4117.65,4116.73,4117.59,74
2025-10-22 07:18:00,4117.57,4117.65,4114.47,4115.61,104
2025-10-22 07:19:00,4115.57,4117.44,4115.32,4117.38,105
2025-10-22 07:20:00,4117.49,4119.46,4116.93,4119.26,110
2025-10-22 07:21:00,4119.33,4120.4,4119.09,4119.77,91
2025-10-22 07:22:00,4119.8,4120.61,4118.32,4120.6,70
2025-10-22 07:23:00,4120.65,4121.82,4120.48,4121.37,94
2025-10-22 07:24:00,4121.49,4122.61,4121.3,4121.83,76
2025-10-22 07:25:00,4121.85,4123.21,4121.82,4122.85,74
2025-10-22 07:26:00,4122.91,4123.65,4122.59,4123.57,67
2025-10-22 07:27:00,4123.59,4123.96,4122.37,4123.29,67
2025-10-22 07:28:00,4123.36,4127.13,4122.74,4126.93,95
2025-10-22 07:29:00,4126.95,4127.12,4123.32,4123.72,91
2025-10-22 07:30:00,4123.88,4127.84,4123.54,4126.73,111
2025-10-22 07:31:00,4126.68,4126.95,4125.44,4125.49,97
2025-10-22 07:32:00,4125.51,4125.81,4123.98,4123.99,66
2025-10-22 07:33:00,4124.04,4125.87,4124.04,4125.84,78
2025-10-22 07:34:00,4125.78,4126.38,4125.19,4126.38,51
2025-10-22 07:35:00,4126.36,4126.65,4125.51,4125.54,76
2025-10-22 07:36:00,4125.62,4125.8,4124.53,4124.93,63
2025-10-22 07:37:00,4124.94,4125.04,4124.18,4124.77,58
2025-10-22 07:38:00,4124.76,4125.22,4124.24,4124.93,54
2025-10-22 07:39:00,4124.92,4125.73,4124.66,4124.89,62
2025-10-22 07:40:00,4124.82,4125.97,4123.75,4125.59,87
2025-10-22 07:41:00,4125.78,4126.09,4125.09,4125.75,51
2025-10-22 07:42:00,4125.74,4125.82,4124.32,4125.12,58
2025-10-22 07:43:00,4125.21,4125.45,4124.49,4125.06,52
2025-10-22 07:44:00,4125.05,4125.05,4123.52,4124.64,65
2025-10-22 07:45:00,4124.63,4124.63,4122.5,4122.98,63
2025-10-22 07:46:00,4122.97,4123.37,4120.28,4120.36,100
2025-10-22 07:47:00,4120.34,4121.27,4116.21,4116.21,116
2025-10-22 07:48:00,4116.12,4117.95,4115.72,4116.24,139
2025-10-22 07:49:00,4116.02,4116.21,4110.33,4111.28,171
2025-10-22 07:50:00,4111.21,4111.74,4105.02,4105.5,187
2025-10-22 07:51:00,4105.74,4109.31,4103.6,4108.38,185
2025-10-22 07:52:00,4107.75,4108.0,4105.64,4107.07,148
2025-10-22 07:53:00,4106.78,4107.91,4103.26,4103.77,148
2025-10-22 07:54:00,4104.22,4107.5,4103.83,4106.13,181
2025-10-22 07:55:00,4106.18,4107.05,4099.35,4099.58,212
2025-10-22 07:56:00,4099.61,4101.32,4097.6,4099.6,200
2025-10-22 07:57:00,4099.63,4101.92,4095.88,4096.01,200
2025-10-22 07:58:00,4096.05,4096.99,4090.43,4091.48,233
2025-10-22 07:59:00,4091.46,4094.92,4090.01,4093.12,206
2025-10-22 08:00:00,4093.14,4093.82,4081.49,4081.7,243
2025-10-22 08:01:00,4081.48,4088.72,4081.48,4085.57,232
2025-10-22 08:02:00,4085.47,4085.93,4058.68,4067.64,201
2025-10-22 08:03:00,4067.62,4072.97,4062.15,4069.49,240
2025-10-22 08:04:00,4070.07,4071.5,4059.28,4060.49,252
2025-10-22 08:05:00,4060.6,4062.37,4054.11,4054.73,257
2025-10-22 08:06:00,4054.7,4054.7,4040.45,4048.36,281
2025-10-22 08:07:00,4048.34,4053.19,4037.76,4040.06,279
2025-10-22 08:08:00,4039.6,4050.67,4039.13,4046.28,274
2025-10-22 08:09:00,4046.67,4046.81,4035.88,4036.27,257
2025-10-22 08:10:00,4037.15,4037.26,4015.13,4015.13,272
2025-10-22 08:11:00,4014.88,4023.8,4009.15,4009.42,273
2025-10-22 08:12:00,4009.21,4014.43,4004.65,4005.79,271
2025-10-22 08:13:00,4005.28,4018.77,4005.28,4018.77,256
2025-10-22 08:14:00,4020.44,4039.1,4019.15,4037.09,273
2025-10-22 08:15:00,4037.25,4046.84,4031.12,4035.43,281
2025-10-22 08:16:00,4035.26,4042.86,4033.86,4036.74,256
2025-10-22 08:17:00,4036.69,4046.42,4033.29,4041.66,258
2025-10-22 08:18:00,4041.65,4049.76,4040.47,4046.4,246
2025-10-22 08:19:00,4047.51,4059.15,4045.32,4053.36,263
2025-10-22 08:20:00,4053.43,4057.63,4049.87,4055.08,245
2025-10-22 08:21:00,4055.19,4056.53,4048.24,4051.16,261
2025-10-22 08:22:00,4051.17,4054.43,4044.34,4044.57,249
2025-10-22 08:23:00,4044.25,4048.2,4042.06,4042.07,255
2025-10-22 08:24:00,4042.1,4053.91,4037.43,4053.4,269
2025-10-22 08:25:00,4052.32,4055.46,4049.33,4049.58,235
2025-10-22 08:26:00,4049.13,4053.77,4047.42,4053.77,233
2025-10-22 08:27:00,4053.6,4055.52,4048.88,4050.54,229
2025-10-22 08:28:00,4050.78,4053.18,4047.47,4051.62,218
2025-10-22 08:29:00,4052.08,4055.33,4048.1,4049.01,218
2025-10-22 08:30:00,4049.02,4051.49,4042.98,4042.98,239
2025-10-22 08:31:00,4042.38,4046.59,4041.5,4043.34,238
2025-10-22 08:32:00,4043.36,4049.13,4042.8,4042.8,215
2025-10-22 08:33:00,4042.42,4047.57,4041.37,4047.09,221
2025-10-22 08:34:00,4047.17,4072.98,4047.17,4071.66,269
2025-10-22 08:35:00,4071.99,4079.47,4071.36,4074.73,273
2025-10-22 08:36:00,4074.27,4078.78,4071.56,4073.99,263
2025-10-22 08:37:00,4074.25,4083.08,4073.21,4073.21,251
2025-10-22 08:38:00,4073.16,4075.99,4068.35,4071.86,225
2025-10-22 08:39:00,4072.31,4081.32,4071.67,4078.76,230
2025-10-22 08:40:00,4079.27,4081.01,4074.6,4075.08,216
2025-10-22 08:41:00,4075.09,4081.57,4074.42,4075.57,217
2025-10-22 08:42:00,4075.55,4078.39,4073.18,4077.58,187
2025-10-22 08:43:00,4077.15,4077.15,4072.53,4072.77,156
2025-10-22 08:44:00,4073.09,4079.04,4073.09,4075.4,181
2025-10-22 08:45:00,4075.79,4083.35,4074.7,4082.18,186
2025-10-22 08:46:00,4081.71,4087.38,4079.95,4087.38,207
2025-10-22 08:47:00,4086.78,4087.79,4083.74,4086.93,233
2025-10-22 08:48:00,4086.86,4091.05,4082.75,4082.75,226
2025-10-22 08:49:00,4082.42,4083.31,4080.04,4081.22,217
2025-10-22 08:50:00,4081.06,4084.43,4078.05,4084.43,216
2025-10-22 08:51:00,4084.4,4086.52,4079.87,4083.12,221
2025-10-22 08:52:00,4083.16,4083.16,4079.41,4081.23,182
2025-10-22 08:53:00,4081.27,4085.49,4080.27,4081.6,186
2025-10-22 08:54:00,4081.63,4083.33,4078.54,4079.62,212
2025-10-22 08:55:00,4079.63,4079.65,4073.13,4076.91,219
2025-10-22 08:56:00,4076.99,4077.94,4072.21,4072.37,207
2025-10-22 08:57:00,4072.48,4075.02,4063.46,4063.56,232
2025-10-22 08:58:00,4063.66,4075.58,4063.66,4072.08,209
2025-10-22 08:59:00,4072.58,4077.15,4072.58,4075.14,192
2025-10-22 09:00:00,4075.16,4078.16,4065.61,4065.61,261
2025-10-22 09:01:00,4066.13,4075.62,4064.7,4073.9,252
2025-10-22 09:02:00,4074.13,4085.24,4073.55,4085.22,223
2025-10-22 09:03:00,4085.22,4090.8,4082.49,4090.71,256
2025-10-22 09:04:00,4090.72,4102.75,4089.88,4099.73,268
2025-10-22 09:05:00,4099.62,4103.81,4094.7,4102.79,260
2025-10-22 09:06:00,4102.77,4112.13,4101.45,4109.19,278
2025-10-22 09:07:00,4109.11,4112.4,4102.91,4110.89,258
2025-10-22 09:08:00,4110.73,4111.11,4101.51,4105.48,256
2025-10-22 09:09:00,4105.48,4113.01,4105.48,4111.81,228
2025-10-22 09:10:00,4111.48,4113.3,4109.56,4112.6,230
2025-10-22 09:11:00,4112.75,4119.35,4111.75,4117.56,252
2025-10-22 09:12:00,4117.43,4117.69,4108.5,4110.86,224
2025-10-22 09:13:00,4110.43,4113.03,4109.22,4111.03,203
2025-10-22 09:14:00,4111.0,4117.25,4110.93,4116.65,169
2025-10-22 09:15:00,4116.6,4117.75,4113.65,4116.49,204
2025-10-22 09:16:00,4116.61,4121.01,4114.8,4115.43,208
2025-10-22 09:17:00,4115.08,4117.02,4104.24,4104.97,228
2025-10-22 09:18:00,4105.09,4111.94,4103.59,4111.04,206
2025-10-22 09:19:00,4111.03,4111.49,4107.96,4108.67,180
2025-10-22 09:20:00,4108.72,4110.84,4105.67,4105.79,170
2025-10-22 09:21:00,4105.95,4106.4,4098.07,4098.68,203
2025-10-22 09:22:00,4098.31,4106.94,4098.31,4106.11,224
2025-10-22 09:23:00,4105.86,4112.32,4105.68,4112.32,179
2025-10-22 09:24:00,4112.12,4112.95,4108.28,4108.28,176
2025-10-22 09:25:00,4108.23,4108.5,4104.23,4104.31,172
2025-10-22 09:26:00,4102.99,4104.56,4099.92,4102.0,243
2025-10-22 09:27:00,4101.73,4105.83,4101.27,4103.61,171
2025-10-22 09:28:00,4103.64,4105.04,4100.51,4101.13,184
2025-10-22 09:29:00,4101.36,4106.18,4100.97,4104.5,140
2025-10-22 09:30:00,4104.47,4105.96,4102.17,4103.85,182
2025-10-22 09:31:00,4104.03,4107.53,4104.03,4107.36,150
2025-10-22 09:32:00,4107.34,4110.1,4107.34,4110.03,143
2025-10-22 09:33:00,4110.0,4110.03,4098.85,4102.67,236
2025-10-22 09:34:00,4102.09,4105.13,4099.81,4103.1,191
2025-10-22 09:35:00,4103.33,4106.89,4102.05,4106.45,173
2025-10-22 09:36:00,4106.46,4109.04,4105.4,4108.9,215
2025-10-22 09:37:00,4108.78,4108.81,4102.66,4103.87,184
2025-10-22 09:38:00,4103.79,4104.9,4099.71,4099.71,182
2025-10-22 09:39:00,4099.69,4101.79,4093.01,4093.06,177
2025-10-22 09:40:00,4093.24,4093.32,4083.38,4091.12,267
2025-10-22 09:41:00,4090.96,4092.28,4085.1,4089.82,208
2025-10-22 09:42:00,4090.48,4092.24,4089.73,4091.14,75
2025-10-22 09:43:00,4098.89,4100.91,4095.78,4096.15,165
2025-10-22 09:44:00,4095.89,4099.48,4095.05,4098.42,182
2025-10-22 09:45:00,4098.4,4102.5,4098.01,4099.81,186
2025-10-22 09:46:00,4099.32,4102.31,4098.77,4102.31,171
2025-10-22 09:47:00,4102.18,4106.4,4102.18,4103.27,174
2025-10-22 09:48:00,4103.32,4104.02,4099.93,4100.11,167
2025-10-22 09:49:00,4100.04,4100.91,4097.5,4100.01,196
2025-10-22 09:50:00,4099.91,4099.91,4093.08,4094.17,205
2025-10-22 09:51:00,4094.14,4094.77,4088.24,4088.83,213
2025-10-22 09:52:00,4089.01,4093.29,4087.75,4093.29,194
2025-10-22 09:53:00,4093.2,4093.5,4087.45,4089.96,199
2025-10-22 09:54:00,4090.04,4091.97,4089.58,4091.38,163
2025-10-22 09:55:00,4091.36,4093.17,4086.28,4087.6,165
2025-10-22 09:56:00,4087.6,4093.23,4086.01,4089.91,196
2025-10-22 09:57:00,4089.9,4092.96,4088.5,4092.0,171
2025-10-22 09:58:00,4092.01,4093.63,4088.4,4088.89,171
2025-10-22 09:59:00,4088.88,4088.93,4083.43,4087.39,196
2025-10-22 10:00:00,4087.79,4093.91,4087.7,4093.43,165
2025-10-22 10:01:00,4093.52,4096.82,4093.43,4094.31,170
2025-10-22 10:02:00,4094.75,4098.17,4094.75,4095.46,183
2025-10-22 10:03:00,4095.46,4098.27,4095.07,4098.05,137
2025-10-22 10:04:00,4097.72,4099.19,4096.33,4096.66,169
2025-10-22 10:05:00,4096.75,4099.96,4096.51,4099.22,132
2025-10-22 10:06:00,4099.26,4103.31,4099.26,4103.29,130
2025-10-22 10:07:00,4103.27,4104.9,4102.49,4103.67,148
2025-10-22 10:08:00,4103.86,4108.39,4102.01,4108.39,175
2025-10-22 10:09:00,4108.55,4110.55,4108.08,4109.22,158
2025-10-22 10:10:00,4109.21,4115.01,4108.85,4114.99,162
2025-10-22 10:11:00,4114.97,4116.12,4113.08,4113.57,192
2025-10-22 10:12:00,4113.62,4117.47,4112.75,4116.75,163
2025-10-22 10:13:00,4116.76,4117.87,4115.64,4117.74,168
2025-10-22 10:14:00,4117.44,4117.87,4115.58,4115.58,149
2025-10-22 10:15:00,4115.29,4115.53,4110.85,4111.25,205
2025-10-22 10:16:00,4111.28,4112.15,4110.19,4110.75,114
2025-10-22 10:17:00,4110.84,4114.51,4110.56,4113.23,133
2025-10-22 10:18:00,4113.24,4114.83,4109.44,4109.67,127
2025-10-22 10:19:00,4109.72,4112.36,4109.28,4111.58,129
2025-10-22 10:20:00,4112.03,4115.1,4110.06,4110.06,164
2025-10-22 10:21:00,4110.2,4113.47,4110.2,4111.36,92
2025-10-22 10:22:00,4111.47,4113.48,4110.42,4111.2,104
2025-10-22 10:23:00,4111.22,4112.01,4108.55,4110.12,139
2025-10-22 10:24:00,4110.11,4112.17,4110.11,4112.03,97
2025-10-22 10:25:00,4112.06,4114.12,4110.43,4110.6,128
2025-10-22 10:26:00,4110.08,4113.28,4109.68,4111.43,111
2025-10-22 10:27:00,4111.43,4111.44,4108.03,4109.8,137
2025-10-22 10:28:00,4109.51,4113.21,4108.46,4110.19,137
2025-10-22 10:29:00,4110.05,4111.18,4109.35,4110.21,90
2025-10-22 10:30:00,4110.2,4110.69,4106.43,4108.59,173
2025-10-22 10:31:00,4108.25,4109.54,4106.05,4107.0,180
2025-10-22 10:32:00,4106.97,4108.61,4105.33,4108.53,136
2025-10-22 10:33:00,4108.62,4110.28,4106.55,4108.4,173
2025-10-22 10:34:00,4108.37,4109.57,4107.85,4109.04,111
2025-10-22 10:35:00,4109.02,4109.96,4108.41,4109.84,137
2025-10-22 10:36:00,4109.86,4112.81,4109.6,4112.79,141
2025-10-22 10:37:00,4112.79,4112.79,4110.16,4110.75,115
2025-10-22 10:38:00,4110.61,4111.54,4108.15,4109.43,110
2025-10-22 10:39:00,4109.42,4109.89,4104.85,4105.64,149
2025-10-22 10:40:00,4105.6,4106.34,4103.79,4105.25,134
2025-10-22 10:41:00,4105.22,4110.3,4105.14,4110.01,146
2025-10-22 10:42:00,4110.0,4111.8,4107.21,4111.48,182
2025-10-22 10:43:00,4111.58,4113.7,4111.03,4112.77,152
2025-10-22 10:44:00,4113.35,4114.84,4112.2,4112.54,204
2025-10-22 10:45:00,4112.56,4113.85,4111.63,4111.81,160
2025-10-22 10:46:00,4111.83,4114.44,4111.83,4114.43,94
2025-10-22 10:47:00,4114.6,4115.73,4114.31,4115.46,96
2025-10-22 10:48:00,4115.64,4115.75,4113.27,4114.01,123
2025-10-22 10:49:00,4113.62,4115.45,4112.86,4115.35,107
2025-10-22 10:50:00,4115.59,4115.59,4114.01,4114.12,134
2025-10-22 10:51:00,4114.11,4115.01,4113.27,4114.23,109
2025-10-22 10:52:00,4114.12,4114.12,4113.09,4113.57,102
2025-10-22 10:53:00,4113.54,4116.51,4113.3,4115.83,108
2025-10-22 10:54:00,4115.48,4115.78,4114.0,4115.18,91
2025-10-22 10:55:00,4115.39,4116.01,4114.17,4115.57,88
2025-10-22 10:56:00,4115.39,4115.6,4113.94,4114.2,74
2025-10-22 10:57:00,4114.36,4115.6,4113.54,4114.79,80
2025-10-22 10:58:00,4114.6,4116.59,4114.45,4115.16,99
2025-10-22 10:59:00,4115.2,4115.95,4114.17,4115.2,81
2025-10-22 11:00:00,4115.1,4115.65,4110.39,4112.23,157
2025-10-22 11:01:00,4112.22,4112.62,4108.98,4110.14,121
2025-10-22 11:02:00,4110.31,4112.79,4109.71,4112.18,112
2025-10-22 11:03:00,4112.21,4112.41,4107.68,4107.68,116
2025-10-22 11:04:00,4107.52,4109.83,4107.28,4108.79,140
2025-10-22 11:05:00,4108.69,4112.0,4107.68,4111.51,129
2025-10-22 11:06:00,4111.5,4111.98,4110.34,4110.86,94
2025-10-22 11:07:00,4111.33,4111.87,4110.94,4111.59,68
2025-10-22 11:08:00,4111.75,4112.22,4110.46,4112.14,60
2025-10-22 11:09:00,4112.17,4115.03,4110.23,4110.92,145
2025-10-22 11:10:00,4110.73,4110.88,4108.4,4109.75,151
2025-10-22 11:11:00,4109.78,4112.59,4108.92,4112.59,94
2025-10-22 11:12:00,4112.62,4113.98,4112.08,4112.72,106
2025-10-22 11:13:00,4112.68,4113.65,4112.34,4113.06,68
2025-10-22 11:14:00,4113.07,4113.17,4112.39,4112.4,70
2025-10-22 11:15:00,4112.26,4112.38,4111.2,4111.92,53
2025-10-22 11:16:00,4111.94,4112.77,4110.07,4112.77,82
2025-10-22 11:17:00,4112.89,4115.53,4112.48,4114.05,106
2025-10-22 11:18:00,4114.15,4114.38,4112.51,4112.65,66
2025-10-22 11:19:00,4112.65,4113.46,4111.72,4112.42,73
2025-10-22 11:20:00,4112.39,4112.42,4110.87,4111.75,106
2025-10-22 11:21:00,4111.68,4113.5,4111.68,4112.96,91
2025-10-22 11:22:00,4112.9,4113.51,4112.47,4112.98,58
2025-10-22 11:23:00,4113.02,4113.3,4111.77,4112.74,58
2025-10-22 11:24:00,4112.79,4116.33,4112.42,4116.33,81
2025-10-22 11:25:00,4116.33,4120.98,4116.33,4119.62,169
2025-10-22 11:26:00,4119.36,4120.9,4116.17,4116.67,172
2025-10-22 11:27:00,4116.83,4117.16,4113.18,4113.8,165
2025-10-22 11:28:00,4113.74,4114.22,4112.84,4114.17,102
2025-10-22 11:29:00,4114.19,4117.27,4114.19,4117.04,153
2025-10-22 11:30:00,4117.1,4120.44,4116.61,4120.07,168
2025-10-22 11:31:00,4120.09,4121.56,4118.45,4119.02,128
2025-10-22 11:32:00,4119.05,4125.35,4118.81,4125.35,116
2025-10-22 11:33:00,4125.6,4127.19,4124.35,4126.02,154
2025-10-22 11:34:00,4126.13,4129.33,4126.06,4129.25,184
2025-10-22 11:35:00,4129.22,4130.66,4128.74,4130.44,144
2025-10-22 11:36:00,4130.09,4131.93,4128.96,4131.89,142
2025-10-22 11:37:00,4131.81,4134.47,4130.7,4133.71,160
2025-10-22 11:38:00,4133.52,4133.52,4131.76,4131.82,147
2025-10-22 11:39:00,4131.93,4132.25,4129.5,4132.2,159
2025-10-22 11:40:00,4132.27,4134.65,4132.24,4134.38,155
2025-10-22 11:41:00,4134.36,4136.91,4134.26,4136.03,161
2025-10-22 11:42:00,4136.11,4141.17,4135.99,4140.81,176
2025-10-22 11:43:00,4140.82,4140.87,4137.41,4137.41,179
2025-10-22 11:44:00,4137.28,4139.9,4134.07,4139.11,171
2025-10-22 11:45:00,4139.03,4139.69,4137.23,4139.22,159
2025-10-22 11:46:00,4139.28,4140.1,4137.85,4139.97,141
2025-10-22 11:47:00,4139.98,4141.48,4138.33,4140.97,142
2025-10-22 11:48:00,4140.94,4143.36,4140.82,4142.22,158
2025-10-22 11:49:00,4142.14,4142.14,4137.28,4138.17,199
2025-10-22 11:50:00,4138.11,4139.47,4137.36,4139.41,144
2025-10-22 11:51:00,4139.81,4139.81,4138.22,4138.95,93
2025-10-22 11:52:00,4138.97,4140.42,4136.62,4136.66,114
2025-10-22 11:53:00,4136.71,4139.74,4136.41,4138.48,128
2025-10-22 11:54:00,4138.42,4139.11,4133.92,4134.15,134
2025-10-22 11:55:00,4133.92,4136.85,4133.92,4136.32,105
2025-10-22 11:56:00,4136.28,4137.1,4134.28,4135.65,107
2025-10-22 11:57:00,4135.58,4135.58,4131.8,4132.31,121
2025-10-22 11:58:00,4132.3,4132.85,4129.39,4129.47,155
2025-10-22 11:59:00,4129.53,4131.49,4128.11,4128.64,138
2025-10-22 12:00:00,4128.75,4130.78,4126.96,4130.72,160
2025-10-22 12:01:00,4130.7,4132.93,4130.08,4132.82,131
2025-10-22 12:02:00,4132.79,4133.42,4131.81,4133.03,116
2025-10-22 12:03:00,4132.41,4132.41,4128.51,4128.57,113
2025-10-22 12:04:00,4128.55,4129.16,4127.38,4127.97,117
2025-10-22 12:05:00,4128.02,4128.04,4119.86,4124.36,218
2025-10-22 12:06:00,4124.19,4127.94,4124.18,4127.03,179
2025-10-22 12:07:00,4127.07,4128.14,4125.95,4126.06,138
2025-10-22 12:08:00,4126.07,4127.47,4125.96,4126.86,118
2025-10-22 12:09:00,4126.32,4127.57,4126.03,4126.11,105
2025-10-22 12:10:00,4126.07,4126.89,4123.11,4123.24,132
2025-10-22 12:11:00,4123.3,4123.53,4109.94,4110.86,227
2025-10-22 12:12:00,4110.66,4116.33,4107.59,4115.21,252
2025-10-22 12:13:00,4114.18,4121.77,4113.59,4121.62,205
2025-10-22 12:14:00,4121.56,4124.51,4121.3,4123.69,150
2025-10-22 12:15:00,4123.68,4125.83,4122.47,4124.59,129
2025-10-22 12:16:00,4124.57,4125.77,4123.94,4125.2,133
2025-10-22 12:17:00,4125.21,4126.52,4124.22,4126.25,120
2025-10-22 12:18:00,4126.34,4128.7,4125.99,4128.64,140
2025-10-22 12:19:00,4128.75,4130.15,4126.89,4129.34,172
2025-10-22 12:20:00,4128.81,4129.57,4126.51,4128.06,164
2025-10-22 12:21:00,4128.16,4128.98,4127.63,4127.98,114
2025-10-22 12:22:00,4127.9,4129.57,4126.12,4129.56,151
2025-10-22 12:23:00,4129.58,4130.55,4128.88,4130.27,144
2025-10-22 12:24:00,4130.2,4130.24,4128.13,4128.39,125
2025-10-22 12:25:00,4128.42,4128.67,4125.34,4128.1,151
2025-10-22 12:26:00,4128.09,4129.51,4128.09,4128.95,101
2025-10-22 12:27:00,4129.0,4129.57,4128.22,4129.48,82
2025-10-22 12:28:00,4129.46,4129.76,4128.22,4129.26,87
2025-10-22 12:29:00,4129.14,4129.62,4128.86,4129.18,56
2025-10-22 12:30:00,4129.01,4129.01,4127.69,4127.87,100
2025-10-22 12:31:00,4127.89,4128.62,4126.73,4128.17,102
2025-10-22 12:32:00,4128.18,4129.91,4127.36,4129.19,78
2025-10-22 12:33:00,4129.14,4129.9,4128.96,4128.97,82
2025-10-22 12:34:00,4129.17,4132.53,4129.15,4130.75,102
2025-10-22 12:35:00,4130.73,4133.34,4129.42,4132.63,111
2025-10-22 12:36:00,4132.69,4132.8,4130.93,4131.55,106
2025-10-22 12:37:00,4131.51,4131.51,4128.23,4130.42,107
2025-10-22 12:38:00,4130.43,4131.64,4129.93,4131.61,79
2025-10-22 12:39:00,4131.5,4131.5,4129.7,4130.42,117
2025-10-22 12:40:00,4130.38,4132.48,4130.2,4131.46,99
2025-10-22 12:41:00,4131.44,4132.01,4128.22,4128.77,130
2025-10-22 12:42:00,4128.78,4131.0,4128.38,4130.24,109
2025-10-22 12:43:00,4130.26,4131.58,4129.25,4130.28,110
2025-10-22 12:44:00,4130.81,4130.97,4128.08,4128.32,68
2025-10-22 12:45:00,4128.33,4128.92,4127.26,4128.92,94
2025-10-22 12:46:00,4128.49,4128.66,4127.1,4127.73,91
2025-10-22 12:47:00,4127.68,4127.9,4120.88,4121.63,145
2025-10-22 12:48:00,4121.7,4124.05,4118.31,4123.46,188
2025-10-22 12:49:00,4123.69,4125.18,4122.59,4125.18,89
2025-10-22 12:50:00,4125.22,4129.08,4124.61,4129.0,86
2025-10-22 12:51:00,4129.08,4130.49,4128.42,4130.18,88
2025-10-22 12:52:00,4130.22,4131.87,4129.68,4131.7,98
2025-10-22 12:53:00,4131.66,4132.03,4130.6,4130.65,75
2025-10-22 12:54:00,4130.7,4130.7,4128.93,4129.01,99
2025-10-22 12:55:00,4129.0,4129.2,4128.59,4128.63,56
2025-10-22 12:56:00,4128.13,4129.09,4127.52,4129.09,89
2025-10-22 12:57:00,4129.15,4129.42,4128.19,4128.62,53
2025-10-22 12:58:00,4128.54,4128.79,4127.8,4128.04,66
2025-10-22 12:59:00,4128.2,4128.43,4127.52,4128.27,68
2025-10-22 13:00:00,4128.45,4128.5,4126.66,4126.74,121
2025-10-22 13:01:00,4126.92,4129.58,4126.92,4129.19,115
2025-10-22 13:02:00,4129.44,4129.44,4128.08,4128.33,95
2025-10-22 13:03:00,4128.34,4130.98,4127.94,4130.92,98
2025-10-22 13:04:00,4130.92,4135.55,4130.91,4133.14,177
2025-10-22 13:05:00,4133.17,4135.73,4133.17,4134.51,134
2025-10-22 13:06:00,4134.49,4138.63,4134.49,4138.63,104
2025-10-22 13:07:00,4138.66,4141.77,4137.05,4141.25,167
2025-10-22 13:08:00,4141.29,4141.29,4138.08,4139.27,163
2025-10-22 13:09:00,4139.4,4139.75,4137.95,4139.66,117
2025-10-22 13:10:00,4139.65,4141.74,4139.14,4140.56,117
2025-10-22 13:11:00,4140.52,4141.45,4140.03,4140.3,124
2025-10-22 13:12:00,4140.26,4141.51,4139.71,4140.47,107
2025-10-22 13:13:00,4140.51,4140.63,4138.03,4139.7,127
2025-10-22 13:14:00,4139.98,4141.45,4139.61,4141.45,106
2025-10-22 13:15:00,4141.41,4142.28,4139.95,4142.2,143
2025-10-22 13:16:00,4142.24,4142.5,4141.05,4141.61,88
2025-10-22 13:17:00,4141.69,4145.13,4141.57,4145.0,120
2025-10-22 13:18:00,4144.99,4145.23,4143.7,4144.39,142
2025-10-22 13:19:00,4144.38,4145.36,4142.83,4145.34,147
2025-10-22 13:20:00,4145.36,4146.8,4144.9,4145.83,158
2025-10-22 13:21:00,4145.84,4146.97,4144.59,4144.83,145
2025-10-22 13:22:00,4144.67,4146.32,4143.37,4143.37,151
2025-10-22 13:23:00,4143.35,4143.75,4142.33,4143.23,143
2025-10-22 13:24:00,4143.32,4144.15,4142.39,4143.8,103
2025-10-22 13:25:00,4143.79,4145.15,4140.7,4140.72,157
2025-10-22 13:26:00,4140.73,4141.99,4138.7,4139.37,148
2025-10-22 13:27:00,4139.52,4142.39,4139.35,4141.18,137
2025-10-22 13:28:00,4141.17,4142.59,4140.87,4142.57,98
2025-10-22 13:29:00,4142.54,4142.6,4140.54,4140.55,129
2025-10-22 13:30:00,4140.57,4141.24,4137.76,4138.7,211
2025-10-22 13:31:00,4138.68,4139.29,4135.44,4135.44,184
2025-10-22 13:32:00,4135.88,4138.1,4135.41,4138.1,170
2025-10-22 13:33:00,4137.9,4138.05,4134.59,4134.92,190
2025-10-22 13:34:00,4134.93,4137.04,4134.74,4136.13,141
2025-10-22 13:35:00,4136.03,4136.03,4132.79,4132.79,136
2025-10-22 13:36:00,4132.8,4136.86,4132.8,4133.58,139
2025-10-22 13:37:00,4133.48,4135.01,4132.34,4134.55,169
2025-10-22 13:38:00,4134.56,4137.3,4134.55,4135.87,111
2025-10-22 13:39:00,4135.9,4137.85,4135.47,4136.24,133
2025-10-22 13:40:00,4136.03,4138.95,4135.65,4138.02,167
2025-10-22 13:41:00,4138.0,4138.01,4134.39,4134.44,147
2025-10-22 13:42:00,4134.26,4134.26,4132.75,4133.72,124
2025-10-22 13:43:00,4133.77,4137.93,4133.77,4136.85,128
2025-10-22 13:44:00,4136.59,4138.52,4135.47,4138.39,120
2025-10-22 13:45:00,4138.4,4140.94,4138.4,4140.29,147
2025-10-22 13:46:00,4140.32,4142.54,4139.81,4140.48,152
2025-10-22 13:47:00,4140.13,4140.8,4139.12,4140.62,145
2025-10-22 13:48:00,4140.9,4144.95,4140.86,4144.95,161
2025-10-22 13:49:00,4144.8,4145.57,4139.24,4139.81,157
2025-10-22 13:50:00,4139.87,4139.87,4137.51,4137.51,166
2025-10-22 13:51:00,4137.31,4138.17,4134.17,4134.17,164
2025-10-22 13:52:00,4134.08,4137.25,4133.97,4136.95,152
2025-10-22 13:53:00,4136.94,4139.06,4135.77,4138.46,171
2025-10-22 13:54:00,4138.27,4138.82,4136.61,4138.05,132
2025-10-22 13:55:00,4138.04,4138.23,4135.3,4135.31,117
2025-10-22 13:56:00,4135.66,4136.03,4134.47,4136.03,104
2025-10-22 13:57:00,4136.39,4136.6,4134.74,4134.76,106
2025-10-22 13:58:00,4134.48,4134.97,4131.82,4134.96,157
2025-10-22 13:59:00,4134.93,4135.77,4134.23,4135.04,123
2025-10-22 14:00:00,4134.97,4134.97,4130.87,4131.89,218
2025-10-22 14:01:00,4131.88,4132.4,4128.74,4130.71,199
2025-10-22 14:02:00,4130.67,4132.38,4129.57,4129.74,188
2025-10-22 14:03:00,4129.73,4133.53,4127.77,4132.59,204
2025-10-22 14:04:00,4132.62,4134.29,4128.66,4129.24,200
2025-10-22 14:05:00,4129.28,4132.26,4129.23,4131.55,181
2025-10-22 14:06:00,4131.58,4133.27,4131.55,4131.97,192
2025-10-22 14:07:00,4131.94,4132.87,4130.46,4131.38,170
2025-10-22 14:08:00,4131.34,4133.5,4131.33,4133.26,151
2025-10-22 14:09:00,4133.29,4134.91,4132.39,4134.91,199
2025-10-22 14:10:00,4135.05,4135.2,4132.11,4133.26,170
2025-10-22 14:11:00,4133.24,4137.48,4132.72,4137.48,183
2025-10-22 14:12:00,4137.45,4139.12,4134.42,4138.82,155
2025-10-22 14:13:00,4138.69,4139.13,4136.15,4136.24,142
2025-10-22 14:14:00,4137.23,4138.05,4136.52,4137.6,141
2025-10-22 14:15:00,4137.58,4138.54,4136.95,4138.19,150
2025-10-22 14:16:00,4138.37,4138.59,4135.75,4135.89,157
2025-10-22 14:17:00,4136.05,4139.36,4135.97,4138.77,150
2025-10-22 14:18:00,4138.76,4138.76,4136.04,4136.07,151
2025-10-22 14:19:00,4136.1,4138.01,4136.1,4137.84,158
2025-10-22 14:20:00,4137.91,4138.15,4136.38,4138.1,147
2025-10-22 14:21:00,4138.07,4138.68,4137.33,4138.57,133
2025-10-22 14:22:00,4138.58,4141.03,4138.42,4140.33,121
2025-10-22 14:23:00,4140.32,4141.23,4139.11,4139.26,157
2025-10-22 14:24:00,4139.27,4140.86,4139.21,4140.3,132
2025-10-22 14:25:00,4140.28,4140.79,4139.89,4140.52,136
2025-10-22 14:26:00,4140.64,4143.41,4140.21,4142.54,155
2025-10-22 14:27:00,4142.26,4143.75,4140.48,4143.13,172
2025-10-22 14:28:00,4143.12,4143.32,4140.6,4141.75,142
2025-10-22 14:29:00,4141.71,4142.53,4141.71,4142.07,157
2025-10-22 14:30:00,4141.96,4144.03,4141.8,4143.34,138
2025-10-22 14:31:00,4143.33,4149.01,4143.04,4147.88,202
2025-10-22 14:32:00,4147.87,4147.87,4145.61,4147.56,191
2025-10-22 14:33:00,4147.5,4147.63,4145.1,4145.89,173
2025-10-22 14:34:00,4145.9,4146.74,4145.01,4146.74,140
2025-10-22 14:35:00,4146.67,4147.76,4145.79,4147.4,171
2025-10-22 14:36:00,4147.54,4149.42,4146.66,4149.37,154
2025-10-22 14:37:00,4149.45,4150.46,4147.92,4148.68,165
2025-10-22 14:38:00,4148.33,4149.44,4148.14,4148.87,147
2025-10-22 14:39:00,4148.95,4149.7,4148.37,4149.34,121
2025-10-22 14:40:00,4149.11,4150.44,4148.73,4150.37,148
2025-10-22 14:41:00,4150.39,4151.08,4149.82,4150.36,124
2025-10-22 14:42:00,4150.33,4155.69,4150.33,4155.69,145
2025-10-22 14:43:00,4155.68,4158.41,4155.32,4158.32,193
2025-10-22 14:44:00,4158.35,4159.53,4157.99,4159.53,173
2025-10-22 14:45:00,4159.37,4159.48,4153.36,4153.94,205
2025-10-22 14:46:00,4153.95,4158.07,4152.39,4157.04,191
2025-10-22 14:47:00,4156.93,4160.69,4156.62,4160.52,219
2025-10-22 14:48:00,4160.61,4160.87,4155.98,4156.45,174
2025-10-22 14:49:00,4156.44,4157.39,4155.75,4156.46,134
2025-10-22 14:50:00,4156.68,4158.7,4156.27,4157.75,135
2025-10-22 14:51:00,4157.76,4158.34,4156.52,4156.83,132
2025-10-22 14:52:00,4156.65,4159.91,4156.55,4159.81,149
2025-10-22 14:53:00,4159.99,4160.14,4157.02,4158.56,146
2025-10-22 14:54:00,4158.6,4161.0,4158.35,4160.28,127
2025-10-22 14:55:00,4160.25,4161.45,4158.52,4159.77,170
2025-10-22 14:56:00,4159.74,4160.19,4157.09,4158.98,160
2025-10-22 14:57:00,4158.96,4159.09,4157.48,4158.7,151
2025-10-22 14:58:00,4158.78,4158.87,4156.65,4157.2,169
2025-10-22 14:59:00,4157.18,4157.8,4155.54,4155.75,166
2025-10-22 15:00:00,4155.88,4156.52,4153.27,4153.83,209
2025-10-22 15:01:00,4153.77,4156.32,4149.92,4150.84,231
2025-10-22 15:02:00,4150.84,4153.64,4150.25,4152.34,199
2025-10-22 15:03:00,4152.14,4152.45,4147.32,4148.43,202
2025-10-22 15:04:00,4148.41,4148.41,4141.78,4141.97,243
2025-10-22 15:05:00,4141.96,4144.36,4140.25,4140.66,214
2025-10-22 15:06:00,4140.54,4141.26,4129.57,4131.06,254
2025-10-22 15:07:00,4131.02,4138.09,4130.78,4134.01,270
2025-10-22 15:08:00,4134.22,4134.92,4130.89,4133.15,261
2025-10-22 15:09:00,4133.01,4139.74,4132.58,4139.74,253
2025-10-22 15:10:00,4139.76,4145.19,4139.21,4144.45,240
2025-10-22 15:11:00,4144.5,4145.65,4141.11,4144.69,208
2025-10-22 15:12:00,4144.08,4144.76,4138.67,4140.22,192
2025-10-22 15:13:00,4140.25,4141.89,4138.09,4139.17,207
2025-10-22 15:14:00,4139.23,4140.52,4135.0,4137.7,231
2025-10-22 15:15:00,4137.68,4143.46,4137.68,4143.46,207
2025-10-22 15:16:00,4143.47,4143.59,4138.05,4138.15,236
2025-10-22 15:17:00,4138.11,4141.39,4137.87,4139.52,187
2025-10-22 15:18:00,4139.47,4140.95,4138.95,4139.93,152
2025-10-22 15:19:00,4140.37,4141.12,4138.53,4139.86,169
2025-10-22 15:20:00,4139.83,4143.09,4139.15,4141.69,178
2025-10-22 15:21:00,4141.66,4144.86,4141.66,4142.17,181
2025-10-22 15:22:00,4142.02,4143.64,4138.33,4139.02,214
2025-10-22 15:23:00,4138.7,4141.0,4136.89,4139.5,192
2025-10-22 15:24:00,4139.49,4139.73,4136.89,4138.31,182
2025-10-22 15:25:00,4138.22,4141.37,4137.08,4141.37,181
2025-10-22 15:26:00,4141.33,4142.77,4140.29,4142.53,185
2025-10-22 15:27:00,4142.54,4143.85,4140.44,4142.38,169
2025-10-22 15:28:00,4142.36,4144.51,4141.85,4144.33,152
2025-10-22 15:29:00,4144.31,4144.68,4140.76,4141.91,166
2025-10-22 15:30:00,4141.89,4142.79,4141.19,4142.3,142
2025-10-22 15:31:00,4142.37,4142.85,4138.98,4139.07,159
2025-10-22 15:32:00,4139.08,4142.61,4138.78,4142.13,173
2025-10-22 15:33:00,4142.14,4143.78,4137.22,4137.22,186
2025-10-22 15:34:00,4137.25,4139.89,4136.83,4139.89,192
2025-10-22 15:35:00,4139.94,4142.36,4138.76,4139.42,166
2025-10-22 15:36:00,4139.09,4139.48,4137.63,4138.64,188
2025-10-22 15:37:00,4138.65,4138.67,4135.7,4137.15,194
2025-10-22 15:38:00,4137.16,4138.0,4136.11,4137.5,170
2025-10-22 15:39:00,4137.49,4139.75,4137.36,4137.4,132
2025-10-22 15:40:00,4137.93,4139.9,4137.6,4138.31,154
2025-10-22 15:41:00,4138.32,4139.05,4136.58,4138.68,172
2025-10-22 15:42:00,4138.64,4140.7,4137.56,4139.58,161
2025-10-22 15:43:00,4139.49,4140.61,4138.64,4140.44,159
2025-10-22 15:44:00,4140.43,4141.01,4137.56,4137.57,183
2025-10-22 15:45:00,4137.22,4141.18,4137.22,4140.42,164
2025-10-22 15:46:00,4140.43,4141.28,4139.42,4140.53,149
2025-10-22 15:47:00,4140.52,4141.15,4139.74,4140.83,167
2025-10-22 15:48:00,4141.07,4147.88,4140.87,4145.04,207
2025-10-22 15:49:00,4144.85,4146.44,4141.65,4142.45,215
2025-10-22 15:50:00,4142.46,4144.84,4141.29,4142.65,183
2025-10-22 15:51:00,4142.81,4143.15,4138.64,4140.14,181
2025-10-22 15:52:00,4140.16,4141.37,4139.68,4141.14,139
2025-10-22 15:53:00,4140.96,4142.71,4139.87,4140.53,154
2025-10-22 15:54:00,4140.64,4141.26,4137.83,4138.24,171
2025-10-22 15:55:00,4138.26,4140.4,4135.61,4138.61,206
2025-10-22 15:56:00,4138.63,4139.62,4135.0,4135.6,192
2025-10-22 15:57:00,4135.81,4136.39,4132.08,4132.08,215
2025-10-22 15:58:00,4132.14,4133.65,4130.96,4131.75,188
2025-10-22 15:59:00,4131.8,4133.13,4131.23,4132.98,133
2025-10-22 16:00:00,4132.93,4135.85,4132.49,4133.73,174
2025-10-22 16:01:00,4133.75,4134.45,4130.1,4130.63,160
2025-10-22 16:02:00,4130.54,4131.01,4120.91,4122.89,248
2025-10-22 16:03:00,4122.79,4124.6,4118.54,4119.39,246
2025-10-22 16:04:00,4118.99,4120.57,4116.0,4117.71,236
2025-10-22 16:05:00,4117.66,4118.55,4109.9,4112.96,266
2025-10-22 16:06:00,4112.92,4115.4,4112.09,4115.4,248
2025-10-22 16:07:00,4115.38,4119.41,4114.31,4117.94,239
2025-10-22 16:08:00,4117.86,4119.43,4110.43,4113.85,216
2025-10-22 16:09:00,4113.82,4117.15,4099.67,4102.5,226
2025-10-22 16:10:00,4102.84,4106.28,4099.86,4103.19,247
2025-10-22 16:11:00,4103.2,4107.27,4099.36,4101.99,260
2025-10-22 16:12:00,4101.89,4102.99,4089.94,4091.81,259
2025-10-22 16:13:00,4091.45,4094.37,4086.08,4087.77,250
2025-10-22 16:14:00,4087.83,4091.27,4086.73,4087.75,258
2025-10-22 16:15:00,4087.73,4088.91,4056.96,4069.56,239
2025-10-22 16:16:00,4069.53,4070.67,4063.38,4070.11,269
2025-10-22 16:17:00,4070.12,4076.72,4062.19,4066.31,268
2025-10-22 16:18:00,4066.26,4074.67,4064.15,4072.91,255
2025-10-22 16:19:00,4072.95,4081.35,4072.21,4081.19,238
2025-10-22 16:20:00,4081.22,4097.17,4079.69,4097.17,257
2025-10-22 16:21:00,4097.4,4104.78,4095.12,4101.04,266
2025-10-22 16:22:00,4101.02,4106.84,4099.35,4106.15,256
2025-10-22 16:23:00,4106.08,4114.18,4105.49,4109.79,263
2025-10-22 16:24:00,4109.85,4110.24,4104.37,4104.54,236
2025-10-22 16:25:00,4104.7,4110.91,4104.7,4106.74,220
2025-10-22 16:26:00,4106.78,4107.12,4103.76,4106.19,193
2025-10-22 16:27:00,4104.13,4110.97,4100.66,4110.88,266
2025-10-22 16:28:00,4110.79,4111.39,4104.91,4105.02,234
2025-10-22 16:29:00,4105.0,4105.04,4101.21,4103.42,212
2025-10-22 16:30:00,4102.92,4106.21,4102.39,4104.39,216
2025-10-22 16:31:00,4104.36,4108.08,4104.36,4106.71,218
2025-10-22 16:32:00,4107.12,4109.42,4106.1,4108.93,219
2025-10-22 16:33:00,4108.91,4108.93,4103.45,4106.64,203
2025-10-22 16:34:00,4106.88,4109.95,4105.86,4108.3,219
2025-10-22 16:35:00,4108.28,4109.69,4105.88,4107.5,209
2025-10-22 16:36:00,4107.59,4108.16,4102.82,4105.18,210
2025-10-22 16:37:00,4105.17,4106.38,4103.51,4106.18,185
2025-10-22 16:38:00,4106.11,4106.19,4101.51,4104.22,201
2025-10-22 16:39:00,4104.19,4107.39,4101.62,4102.69,223
2025-10-22 16:40:00,4102.71,4104.07,4097.94,4099.08,204
2025-10-22 16:41:00,4099.09,4099.26,4084.82,4084.82,262
2025-10-22 16:42:00,4084.98,4094.88,4084.77,4086.08,254
2025-10-22 16:43:00,4086.09,4092.42,4085.73,4091.57,229
2025-10-22 16:44:00,4091.86,4094.87,4088.07,4088.07,222
2025-10-22 16:45:00,4088.02,4093.0,4087.04,4090.3,201
2025-10-22 16:46:00,4090.29,4090.69,4079.09,4080.21,226
2025-10-22 16:47:00,4080.11,4088.06,4079.82,4086.93,229
2025-10-22 16:48:00,4087.1,4087.72,4081.01,4084.82,223
2025-10-22 16:49:00,4084.75,4091.07,4084.75,4087.03,217
2025-10-22 16:50:00,4087.04,4090.54,4084.85,4085.94,224
2025-10-22 16:51:00,4086.18,4089.68,4083.78,4088.45,235
2025-10-22 16:52:00,4087.95,4094.53,4087.47,4094.53,227
2025-10-22 16:53:00,4094.52,4094.52,4089.68,4089.86,199
2025-10-22 16:54:00,4089.88,4091.69,4086.41,4090.95,223
2025-10-22 16:55:00,4090.51,4091.43,4085.12,4087.9,214
2025-10-22 16:56:00,4086.89,4088.6,4084.75,4085.33,219
2025-10-22 16:57:00,4084.95,4086.71,4078.71,4079.91,244
2025-10-22 16:58:00,4079.69,4085.88,4079.45,4080.28,252
2025-10-22 16:59:00,4079.92,4079.92,4069.63,4070.6,270
2025-10-22 17:00:00,4070.58,4080.26,4070.58,4080.14,254
2025-10-22 17:01:00,4080.18,4093.91,4080.18,4089.69,238
2025-10-22 17:02:00,4089.52,4094.12,4089.52,4091.94,221
2025-10-22 17:03:00,4092.0,4092.42,4087.41,4087.64,228
2025-10-22 17:04:00,4087.64,4089.44,4085.5,4087.56,192
2025-10-22 17:05:00,4087.48,4087.68,4084.08,4087.49,223
2025-10-22 17:06:00,4087.71,4093.85,4086.27,4090.67,218
2025-10-22 17:07:00,4090.67,4093.08,4089.79,4093.01,166
2025-10-22 17:08:00,4093.02,4101.44,4090.71,4100.15,223
2025-10-22 17:09:00,4100.17,4100.33,4093.79,4094.77,198
2025-10-22 17:10:00,4094.74,4094.74,4081.6,4081.89,244
2025-10-22 17:11:00,4081.86,4084.68,4080.78,4082.49,200
2025-10-22 17:12:00,4082.44,4082.44,4073.72,4073.76,219
2025-10-22 17:13:00,4073.78,4084.73,4073.64,4084.06,242
2025-10-22 17:14:00,4084.17,4085.11,4075.55,4075.74,223
2025-10-22 17:15:00,4075.76,4080.62,4075.68,4076.23,193
2025-10-22 17:16:00,4076.21,4077.7,4070.51,4070.56,230
2025-10-22 17:17:00,4070.23,4073.37,4067.26,4070.43,215
2025-10-22 17:18:00,4070.29,4074.86,4070.27,4071.72,206
2025-10-22 17:19:00,4071.69,4073.39,4067.06,4073.39,212
2025-10-22 17:20:00,4073.31,4077.72,4072.67,4075.1,198
2025-10-22 17:21:00,4074.94,4076.06,4073.11,4073.14,199
2025-10-22 17:22:00,4073.08,4074.81,4067.68,4068.03,228
2025-10-22 17:23:00,4068.05,4069.88,4064.69,4069.44,224
2025-10-22 17:24:00,4069.46,4072.83,4067.41,4069.29,209
2025-10-22 17:25:00,4069.02,4071.23,4066.51,4068.9,201
2025-10-22 17:26:00,4069.19,4076.52,4068.42,4074.72,222
2025-10-22 17:27:00,4074.86,4076.49,4072.65,4073.79,187
2025-10-22 17:28:00,4073.84,4077.31,4072.61,4074.07,195
2025-10-22 17:29:00,4074.16,4076.76,4073.96,4075.71,194
2025-10-22 17:30:00,4075.69,4081.62,4073.38,4078.41,209
2025-10-22 17:31:00,4078.4,4082.76,4078.36,4080.99,209
2025-10-22 17:32:00,4080.97,4081.19,4076.54,4076.91,197
2025-10-22 17:33:00,4076.82,4080.86,4073.74,4078.5,209
2025-10-22 17:34:00,4078.64,4080.91,4074.49,4074.89,196
2025-10-22 17:35:00,4074.85,4079.86,4073.98,4074.82,192
2025-10-22 17:36:00,4074.83,4078.47,4070.77,4071.8,202
2025-10-22 17:37:00,4071.81,4078.8,4071.52,4078.28,203
2025-10-22 17:38:00,4078.34,4079.52,4075.34,4075.34,179
2025-10-22 17:39:00,4075.6,4075.81,4069.12,4070.03,186
2025-10-22 17:40:00,4070.42,4073.55,4069.27,4071.45,177
2025-10-22 17:41:00,4071.27,4071.56,4065.93,4071.56,217
2025-10-22 17:42:00,4071.29,4071.89,4068.69,4070.1,145
2025-10-22 17:43:00,4069.49,4069.49,4063.75,4064.01,212
2025-10-22 17:44:00,4064.0,4064.27,4062.37,4063.06,186
2025-10-22 17:45:00,4062.27,4066.73,4062.12,4066.63,166
2025-10-22 17:46:00,4066.59,4069.85,4063.77,4063.93,214
2025-10-22 17:47:00,4063.72,4064.71,4062.15,4062.9,168
2025-10-22 17:48:00,4062.97,4064.38,4062.5,4063.11,151
2025-10-22 17:49:00,4063.1,4066.15,4061.64,4064.02,167
2025-10-22 17:50:00,4064.01,4064.07,4061.94,4063.87,161
2025-10-22 17:51:00,4062.4,4063.96,4061.77,4062.92,145
2025-10-22 17:52:00,4063.53,4067.52,4062.76,4066.24,165
2025-10-22 17:53:00,4066.2,4067.03,4063.52,4065.75,151
2025-10-22 17:54:00,4065.72,4068.22,4063.66,4067.87,159
2025-10-22 17:55:00,4067.78,4070.02,4067.19,4068.1,170
2025-10-22 17:56:00,4067.96,4068.34,4064.91,4066.68,158
2025-10-22 17:57:00,4066.72,4071.63,4066.72,4071.42,135
2025-10-22 17:58:00,4071.44,4072.86,4071.04,4071.04,143
2025-10-22 17:59:00,4071.21,4071.64,4069.75,4069.75,137
2025-10-22 18:00:00,4069.74,4070.99,4067.16,4068.49,135
2025-10-22 18:01:00,4068.85,4069.43,4063.3,4064.4,162
2025-10-22 18:02:00,4064.28,4069.17,4063.8,4069.15,154
2025-10-22 18:03:00,4069.26,4075.01,4069.26,4072.81,187
2025-10-22 18:04:00,4072.91,4077.95,4070.17,4070.69,188
2025-10-22 18:05:00,4070.8,4071.24,4064.58,4064.81,208
2025-10-22 18:06:00,4064.82,4066.88,4063.34,4065.59,174
2025-10-22 18:07:00,4065.61,4069.15,4064.47,4069.15,158
2025-10-22 18:08:00,4069.25,4070.03,4066.59,4067.37,142
2025-10-22 18:09:00,4067.62,4069.73,4066.77,4069.0,173
2025-10-22 18:10:00,4068.49,4069.34,4064.48,4068.9,180
2025-10-22 18:11:00,4068.99,4072.37,4067.12,4068.84,176
2025-10-22 18:12:00,4069.04,4071.03,4067.31,4069.96,159
2025-10-22 18:13:00,4070.08,4073.75,4069.03,4073.39,165
2025-10-22 18:14:00,4073.4,4076.69,4073.4,4075.71,179
2025-10-22 18:15:00,4075.74,4076.78,4072.71,4075.9,203
2025-10-22 18:16:00,4075.96,4076.39,4070.95,4073.98,193
2025-10-22 18:17:00,4074.04,4077.9,4073.67,4073.82,205
2025-10-22 18:18:00,4073.77,4075.45,4073.64,4074.46,162
2025-10-22 18:19:00,4074.77,4074.86,4071.9,4073.01,128
2025-10-22 18:20:00,4073.0,4075.48,4072.6,4073.2,153
2025-10-22 18:21:00,4073.17,4074.12,4071.55,4072.32,122
2025-10-22 18:22:00,4072.34,4074.83,4071.81,4073.62,153
2025-10-22 18:23:00,4073.56,4074.6,4071.9,4074.08,154
2025-10-22 18:24:00,4074.06,4085.18,4074.04,4079.79,207
2025-10-22 18:25:00,4079.82,4080.68,4078.04,4078.44,151
2025-10-22 18:26:00,4078.43,4081.85,4078.28,4078.83,179
2025-10-22 18:27:00,4078.82,4084.53,4078.41,4084.25,160
2025-10-22 18:28:00,4084.33,4085.04,4081.81,4081.81,158
2025-10-22 18:29:00,4081.68,4084.78,4081.68,4084.78,151
2025-10-22 18:30:00,4084.49,4086.23,4083.12,4085.99,185
2025-10-22 18:31:00,4086.01,4088.42,4085.44,4088.04,177
2025-10-22 18:32:00,4087.76,4090.74,4087.62,4088.98,166
2025-10-22 18:33:00,4089.1,4089.57,4087.24,4087.89,144
2025-10-22 18:34:00,4087.76,4088.04,4084.54,4084.55,143
2025-10-22 18:35:00,4084.67,4085.02,4082.51,4084.23,168
2025-10-22 18:36:00,4083.93,4084.5,4077.93,4078.12,186
2025-10-22 18:37:00,4077.99,4078.85,4064.35,4067.74,235
2025-10-22 18:38:00,4067.81,4069.09,4063.0,4068.06,215
2025-10-22 18:39:00,4068.11,4069.13,4064.98,4066.4,210
2025-10-22 18:40:00,4066.39,4066.84,4061.59,4064.9,188
2025-10-22 18:41:00,4064.88,4066.21,4047.79,4052.87,223
2025-10-22 18:42:00,4052.82,4054.69,4048.48,4052.97,241
2025-10-22 18:43:00,4052.94,4053.48,4045.27,4045.74,229
2025-10-22 18:44:00,4045.8,4055.95,4045.8,4054.04,232
2025-10-22 18:45:00,4054.03,4058.0,4052.8,4057.79,214
2025-10-22 18:46:00,4057.66,4060.88,4050.64,4052.71,252
2025-10-22 18:47:00,4052.67,4056.75,4052.47,4054.24,204
2025-10-22 18:48:00,4054.26,4058.71,4053.89,4055.73,185
2025-10-22 18:49:00,4055.7,4059.59,4054.12,4059.26,169
2025-10-22 18:50:00,4059.3,4059.41,4055.24,4056.15,152
2025-10-22 18:51:00,4056.18,4057.62,4054.18,4055.35,179
2025-10-22 18:52:00,4055.05,4055.34,4045.21,4050.65,214
2025-10-22 18:53:00,4050.67,4050.84,4042.65,4044.41,217
2025-10-22 18:54:00,4044.42,4044.58,4034.5,4034.5,235
2025-10-22 18:55:00,4034.54,4038.49,4032.21,4037.47,245
2025-10-22 18:56:00,4037.49,4037.49,4024.22,4025.71,233
2025-10-22 18:57:00,4025.84,4033.04,4024.84,4029.16,245
2025-10-22 18:58:00,4028.6,4031.84,4024.84,4024.91,228
2025-10-22 18:59:00,4024.9,4037.24,4024.3,4035.17,242
2025-10-22 19:00:00,4035.13,4035.13,4031.12,4032.73,214
2025-10-22 19:01:00,4032.68,4033.32,4026.0,4028.77,233
2025-10-22 19:02:00,4028.94,4029.49,4015.63,4017.1,230
2025-10-22 19:03:00,4017.81,4022.98,4015.18,4018.03,240
2025-10-22 19:04:00,4018.11,4025.93,4018.11,4025.28,254
2025-10-22 19:05:00,4025.29,4037.6,4023.77,4037.22,242
2025-10-22 19:06:00,4037.25,4039.33,4034.47,4036.89,241
2025-10-22 19:07:00,4036.92,4040.84,4035.44,4035.44,218
2025-10-22 19:08:00,4035.23,4036.96,4030.37,4033.51,225
2025-10-22 19:09:00,4033.54,4034.49,4028.31,4028.31,221
2025-10-22 19:10:00,4028.32,4032.2,4023.72,4031.76,251
2025-10-22 19:11:00,4031.44,4031.44,4024.57,4024.74,234
2025-10-22 19:12:00,4024.41,4029.53,4023.36,4026.69,224
2025-10-22 19:13:00,4026.66,4031.73,4023.99,4026.21,218
2025-10-22 19:14:00,4026.12,4032.34,4023.29,4032.28,215
2025-10-22 19:15:00,4032.08,4034.58,4028.88,4033.73,231
2025-10-22 19:16:00,4033.18,4038.02,4032.39,4036.54,234
2025-10-22 19:17:00,4036.5,4038.69,4030.24,4031.21,204
2025-10-22 19:18:00,4031.46,4034.4,4031.45,4033.46,176
2025-10-22 19:19:00,4033.45,4035.51,4032.79,4034.67,175
2025-10-22 19:20:00,4034.7,4042.1,4033.88,4041.95,213
2025-10-22 19:21:00,4041.94,4042.06,4039.08,4040.42,190
2025-10-22 19:22:00,4040.44,4041.91,4035.69,4041.2,194
2025-10-22 19:23:00,4041.41,4041.6,4039.1,4041.6,181
2025-10-22 19:24:00,4041.62,4043.5,4039.82,4039.84,168
2025-10-22 19:25:00,4039.87,4044.98,4039.87,4044.54,170
2025-10-22 19:26:00,4044.27,4044.67,4038.24,4039.45,187
2025-10-22 19:27:00,4039.39,4039.39,4025.79,4026.89,257
2025-10-22 19:28:00,4026.85,4029.86,4024.82,4026.17,236
2025-10-22 19:29:00,4026.17,4027.57,4019.44,4020.89,225
2025-10-22 19:30:00,4020.86,4027.24,4019.3,4024.15,243
2025-10-22 19:31:00,4024.1,4028.57,4018.29,4025.35,254
2025-10-22 19:32:00,4025.69,4026.56,4022.84,4024.8,192
2025-10-22 19:33:00,4024.82,4029.89,4023.24,4027.84,217
2025-10-22 19:34:00,4027.81,4027.95,4022.24,4024.57,184
2025-10-22 19:35:00,4024.6,4026.4,4021.28,4024.23,196
2025-10-22 19:36:00,4024.25,4029.27,4024.19,4028.64,178
2025-10-22 19:37:00,4028.61,4030.84,4022.2,4022.83,191
2025-10-22 19:38:00,4022.85,4025.22,4019.87,4021.54,204
2025-10-22 19:39:00,4021.58,4022.79,4016.2,4020.24,229
2025-10-22 19:40:00,4019.13,4021.71,4015.5,4018.44,200
2025-10-22 19:41:00,4018.9,4020.8,4015.22,4016.48,189
2025-10-22 19:42:00,4016.47,4019.38,4015.3,4015.81,178
2025-10-22 19:43:00,4015.79,4020.97,4015.5,4020.24,203
2025-10-22 19:44:00,4020.21,4023.2,4020.07,4022.81,203
2025-10-22 19:45:00,4022.56,4027.12,4022.56,4023.83,214
2025-10-22 19:46:00,4023.78,4026.39,4022.59,4025.69,176
2025-10-22 19:47:00,4025.67,4025.85,4022.56,4024.55,160
2025-10-22 19:48:00,4024.58,4031.65,4024.06,4031.42,221
2025-10-22 19:49:00,4031.43,4033.72,4029.21,4031.0,203
2025-10-22 19:50:00,4030.88,4033.51,4027.51,4027.57,188
2025-10-22 19:51:00,4027.6,4028.73,4023.34,4023.6,220
2025-10-22 19:52:00,4023.58,4025.96,4020.93,4024.69,218
2025-10-22 19:53:00,4024.84,4025.82,4022.16,4023.13,208
2025-10-22 19:54:00,4023.2,4024.5,4022.27,4022.38,196
2025-10-22 19:55:00,4022.47,4023.34,4019.26,4020.02,203
2025-10-22 19:56:00,4020.31,4021.31,4016.64,4018.41,199
2025-10-22 19:57:00,4018.2,4020.72,4015.91,4020.14,195
2025-10-22 19:58:00,4020.44,4022.91,4019.79,4022.67,201
2025-10-22 19:59:00,4022.8,4028.86,4022.52,4027.67,239
2025-10-22 20:00:00,4027.94,4029.35,4026.48,4027.98,235
2025-10-22 20:01:00,4028.04,4033.58,4026.41,4033.49,232
2025-10-22 20:02:00,4033.63,4033.89,4028.02,4033.24,220
2025-10-22 20:03:00,4033.23,4045.22,4032.84,4040.74,253
2025-10-22 20:04:00,4040.78,4044.72,4040.06,4040.75,238
2025-10-22 20:05:00,4040.73,4041.69,4035.87,4038.59,225
2025-10-22 20:06:00,4038.55,4039.77,4037.4,4038.97,189
2025-10-22 20:07:00,4038.93,4041.56,4037.2,4038.61,196
2025-10-22 20:08:00,4038.72,4039.26,4031.25,4031.42,247
2025-10-22 20:09:00,4031.6,4032.34,4027.72,4028.63,234
2025-10-22 20:10:00,4028.66,4032.61,4028.23,4032.44,184
2025-10-22 20:11:00,4032.43,4035.67,4029.81,4034.76,200
2025-10-22 20:12:00,4034.73,4037.17,4032.25,4033.44,180
2025-10-22 20:13:00,4033.42,4036.27,4033.42,4034.92,167
2025-10-22 20:14:00,4034.92,4036.55,4033.25,4036.2,127
2025-10-22 20:15:00,4036.22,4040.73,4036.01,4039.2,212
2025-10-22 20:16:00,4039.25,4040.21,4037.58,4039.65,192
2025-10-22 20:17:00,4039.4,4040.4,4036.23,4039.3,187
2025-10-22 20:18:00,4039.25,4041.59,4038.07,4039.77,191
2025-10-22 20:19:00,4039.34,4040.88,4038.15,4039.86,215
2025-10-22 20:20:00,4038.98,4038.98,4028.09,4030.36,260
2025-10-22 20:21:00,4030.32,4034.99,4029.84,4030.44,229
2025-10-22 20:22:00,4030.59,4034.17,4030.41,4033.39,218
2025-10-22 20:23:00,4033.23,4035.77,4031.51,4031.51,212
2025-10-22 20:24:00,4031.77,4032.84,4029.97,4031.14,185
2025-10-22 20:25:00,4030.81,4035.35,4029.57,4033.41,227
2025-10-22 20:26:00,4033.39,4039.51,4032.63,4037.58,218
2025-10-22 20:27:00,4037.6,4039.12,4034.78,4037.61,197
2025-10-22 20:28:00,4037.98,4044.57,4037.95,4043.61,222
2025-10-22 20:29:00,4043.69,4045.23,4042.44,4045.23,236
2025-10-22 20:30:00,4045.34,4045.85,4041.81,4043.42,215
2025-10-22 20:31:00,4043.45,4048.89,4043.04,4047.8,219
2025-10-22 20:32:00,4047.94,4050.53,4047.11,4048.26,231
2025-10-22 20:33:00,4047.73,4048.86,4045.83,4046.37,222
2025-10-22 20:34:00,4046.41,4048.9,4045.54,4046.87,210
2025-10-22 20:35:00,4046.84,4049.39,4046.84,4048.42,196
2025-10-22 20:36:00,4048.19,4050.21,4047.31,4047.31,182
2025-10-22 20:37:00,4047.36,4049.63,4047.3,4048.49,179
2025-10-22 20:38:00,4048.39,4050.34,4048.0,4049.56,173
2025-10-22 20:39:00,4049.42,4050.3,4048.01,4049.67,182
2025-10-22 20:40:00,4049.97,4050.24,4047.71,4049.84,183
2025-10-22 20:41:00,4049.78,4050.31,4047.45,4048.06,206
2025-10-22 20:42:00,4048.08,4050.1,4047.95,4049.01,179
2025-10-22 20:43:00,4048.92,4050.29,4048.23,4050.28,176
2025-10-22 20:44:00,4050.14,4050.26,4044.99,4045.22,229
2025-10-22 20:45:00,4045.5,4048.14,4045.5,4045.82,205
2025-10-22 20:46:00,4045.74,4046.88,4044.68,4046.87,187
2025-10-22 20:47:00,4046.43,4049.15,4045.53,4048.39,187
2025-10-22 20:48:00,4048.31,4050.1,4047.8,4049.52,186
2025-10-22 20:49:00,4049.53,4053.32,4036.86,4040.87,254
2025-10-22 20:50:00,4041.07,4041.86,4037.75,4039.17,228
2025-10-22 20:51:00,4038.63,4038.63,4031.78,4034.26,240
2025-10-22 20:52:00,4034.84,4035.86,4030.83,4033.79,226
2025-10-22 20:53:00,4033.15,4034.88,4029.54,4029.54,239
2025-10-22 20:54:00,4029.51,4031.21,4028.4,4030.87,208
2025-10-22 20:55:00,4030.92,4032.0,4023.49,4023.49,234
2025-10-22 20:56:00,4023.38,4030.25,4023.38,4028.16,228
2025-10-22 20:57:00,4028.16,4031.07,4026.2,4029.33,208
2025-10-22 20:58:00,4028.84,4029.18,4024.72,4028.41,215
2025-10-22 20:59:00,4028.52,4035.54,4028.46,4033.87,222
2025-10-22 21:00:00,4033.78,4054.13,4033.78,4049.49,272
2025-10-22 21:01:00,4051.31,4051.31,4044.74,4048.61,259
2025-10-22 21:02:00,4048.7,4053.21,4047.33,4052.27,247
2025-10-22 21:03:00,4052.3,4062.7,4051.63,4060.83,266
2025-10-22 21:04:00,4060.85,4066.74,4060.18,4066.08,259
2025-10-22 21:05:00,4066.13,4066.13,4057.22,4057.22,266
2025-10-22 21:06:00,4057.27,4060.18,4053.13,4053.14,252
2025-10-22 21:07:00,4053.15,4059.04,4052.29,4057.95,243
2025-10-22 21:08:00,4057.99,4058.28,4054.93,4056.58,248
2025-10-22 21:09:00,4056.37,4061.29,4056.11,4057.95,243
2025-10-22 21:10:00,4058.05,4064.23,4056.55,4059.48,245
2025-10-22 21:11:00,4059.47,4067.5,4058.74,4067.24,254
2025-10-22 21:12:00,4067.46,4068.58,4059.59,4060.2,249
2025-10-22 21:13:00,4060.19,4063.26,4058.43,4059.3,243
2025-10-22 21:14:00,4059.42,4065.26,4059.07,4064.4,236
2025-10-22 21:15:00,4064.39,4065.0,4059.77,4063.04,228
2025-10-22 21:16:00,4063.05,4065.99,4062.25,4062.34,224
2025-10-22 21:17:00,4062.33,4067.21,4061.87,4066.73,235
2025-10-22 21:18:00,4066.71,4068.16,4064.86,4066.62,227
2025-10-22 21:19:00,4066.33,4066.38,4060.57,4065.18,241
2025-10-22 21:20:00,4065.11,4065.48,4058.27,4058.32,232
2025-10-22 21:21:00,4057.78,4059.82,4055.34,4056.03,240
2025-10-22 21:22:00,4055.99,4059.2,4054.79,4056.56,227
2025-10-22 21:23:00,4056.61,4058.66,4055.04,4057.9,205
2025-10-22 21:24:00,4058.15,4060.46,4057.48,4060.46,199
2025-10-22 21:25:00,4060.58,4063.42,4058.76,4058.79,209
2025-10-22 21:26:00,4058.77,4062.78,4058.0,4060.22,219
2025-10-22 21:27:00,4060.22,4061.04,4056.75,4057.62,188
2025-10-22 21:28:00,4057.55,4058.09,4053.44,4055.2,218
2025-10-22 21:29:00,4055.23,4057.16,4051.44,4052.74,193
2025-10-22 21:30:00,4052.66,4059.23,4047.43,4059.0,267
2025-10-22 21:31:00,4059.77,4060.3,4052.98,4053.88,260
2025-10-22 21:32:00,4053.9,4054.89,4050.8,4051.18,256
2025-10-22 21:33:00,4051.17,4057.72,4050.41,4056.34,251
2025-10-22 21:34:00,4056.34,4059.92,4053.19,4058.38,260
2025-10-22 21:35:00,4058.42,4063.52,4058.34,4060.06,264
2025-10-22 21:36:00,4059.99,4066.86,4059.55,4066.86,272
2025-10-22 21:37:00,4067.02,4074.19,4066.77,4070.31,270
2025-10-22 21:38:00,4070.54,4077.07,4070.5,4075.54,257
2025-10-22 21:39:00,4075.53,4081.21,4072.49,4080.84,264
2025-10-22 21:40:00,4080.91,4085.27,4076.54,4077.23,271
2025-10-22 21:41:00,4077.82,4082.12,4075.28,4077.98,258
2025-10-22 21:42:00,4078.06,4082.3,4074.83,4081.07,257
2025-10-22 21:43:00,4081.02,4081.11,4077.73,4079.9,251
2025-10-22 21:44:00,4080.34,4080.38,4071.58,4071.61,268
2025-10-22 21:45:00,4071.62,4077.41,4069.96,4074.29,263
2025-10-22 21:46:00,4074.16,4074.94,4069.82,4072.97,259
2025-10-22 21:47:00,4072.95,4073.16,4066.76,4072.35,270
2025-10-22 21:48:00,4072.22,4072.22,4064.66,4066.72,262
2025-10-22 21:49:00,4066.66,4070.04,4063.87,4069.48,259
2025-10-22 21:50:00,4069.52,4071.68,4068.51,4070.47,249
2025-10-22 21:51:00,4070.38,4075.44,4070.12,4075.44,232
2025-10-22 21:52:00,4075.25,4077.08,4072.59,4076.54,233
2025-10-22 21:53:00,4076.56,4079.82,4075.66,4079.29,235
2025-10-22 21:54:00,4079.07,4079.63,4076.33,4077.95,227
2025-10-22 21:55:00,4078.12,4080.02,4076.03,4077.8,252
2025-10-22 21:56:00,4077.7,4077.77,4074.09,4076.19,232
2025-10-22 21:57:00,4075.88,4079.34,4073.3,4073.3,243
2025-10-22 21:58:00,4073.62,4077.97,4072.75,4075.65,234
2025-10-22 21:59:00,4075.68,4077.1,4074.9,4075.98,229
2025-10-22 22:00:00,4075.85,4078.34,4071.78,4073.63,260
2025-10-22 22:01:00,4073.6,4074.91,4069.39,4073.77,264
2025-10-22 22:02:00,4073.93,4076.53,4069.26,4070.43,261
2025-10-22 22:03:00,4070.47,4077.18,4070.29,4075.01,258
2025-10-22 22:04:00,4074.72,4074.92,4070.36,4073.1,253
2025-10-22 22:05:00,4073.09,4074.55,4069.86,4070.14,246
2025-10-22 22:06:00,4070.22,4070.52,4064.23,4065.11,257
2025-10-22 22:07:00,4065.09,4070.09,4063.29,4069.87,251
2025-10-22 22:08:00,4069.88,4070.28,4060.44,4062.31,263
2025-10-22 22:09:00,4062.74,4063.33,4059.29,4061.06,261
2025-10-22 22:10:00,4060.98,4061.77,4056.15,4057.01,255
2025-10-22 22:11:00,4057.37,4061.18,4057.0,4059.11,263
2025-10-22 22:12:00,4059.4,4063.09,4058.79,4062.16,248
2025-10-22 22:13:00,4062.14,4064.28,4059.65,4059.96,251
2025-10-22 22:14:00,4060.2,4066.08,4059.44,4064.69,248
2025-10-22 22:15:00,4064.61,4065.42,4062.39,4062.59,216
2025-10-22 22:16:00,4062.54,4064.42,4060.8,4062.68,220
2025-10-22 22:17:00,4062.65,4067.38,4059.85,4067.38,245
2025-10-22 22:18:00,4067.33,4072.71,4066.52,4069.74,255
2025-10-22 22:19:00,4069.76,4070.26,4065.17,4066.35,212
2025-10-22 22:20:00,4066.57,4067.11,4062.51,4062.74,225
2025-10-22 22:21:00,4062.75,4063.06,4059.94,4060.09,231
2025-10-22 22:22:00,4060.07,4060.18,4050.09,4053.41,267
2025-10-22 22:23:00,4053.6,4053.6,4048.93,4051.19,260
2025-10-22 22:24:00,4051.2,4052.21,4048.28,4049.59,255
2025-10-22 22:25:00,4049.67,4054.89,4047.55,4051.89,246
2025-10-22 22:26:00,4052.11,4054.9,4050.85,4052.38,232
2025-10-22 22:27:00,4052.43,4056.82,4052.29,4056.82,246
2025-10-22 22:28:00,4056.84,4059.89,4056.83,4058.6,222
2025-10-22 22:29:00,4058.55,4059.75,4053.9,4056.35,250
2025-10-22 22:30:00,4056.27,4058.77,4052.02,4052.31,251
2025-10-22 22:31:00,4052.28,4053.23,4049.11,4049.11,245
2025-10-22 22:32:00,4049.1,4050.57,4038.52,4042.16,265
2025-10-22 22:33:00,4042.2,4045.11,4040.41,4041.22,247
2025-10-22 22:34:00,4040.97,4042.77,4036.23,4041.01,267
2025-10-22 22:35:00,4040.95,4042.35,4039.67,4041.96,245
2025-10-22 22:36:00,4041.89,4044.98,4038.49,4042.88,261
2025-10-22 22:37:00,4042.83,4044.13,4037.66,4037.96,247
2025-10-22 22:38:00,4038.01,4040.92,4038.01,4039.28,242
2025-10-22 22:39:00,4039.38,4040.01,4034.6,4036.06,253
2025-10-22 22:40:00,4036.05,4041.68,4035.8,4038.45,254
2025-10-22 22:41:00,4038.4,4039.04,4027.5,4027.7,264
2025-10-22 22:42:00,4027.57,4029.08,4025.59,4027.47,254
2025-10-22 22:43:00,4027.43,4028.43,4024.4,4026.45,263
2025-10-22 22:44:00,4026.44,4030.96,4024.9,4029.99,258
2025-10-22 22:45:00,4030.3,4030.73,4019.52,4020.17,266
2025-10-22 22:46:00,4020.0,4023.59,4018.03,4022.56,263
2025-10-22 22:47:00,4022.51,4027.29,4021.15,4025.29,263
2025-10-22 22:48:00,4025.21,4025.3,4015.93,4016.85,268
2025-10-22 22:49:00,4016.88,4024.25,4016.56,4023.66,256
2025-10-22 22:50:00,4023.59,4025.19,4017.42,4020.73,257
2025-10-22 22:51:00,4020.6,4023.92,4016.18,4023.92,257
2025-10-22 22:52:00,4023.59,4027.68,4022.25,4022.32,266
2025-10-22 22:53:00,4022.31,4023.22,4018.86,4021.49,248
2025-10-22 22:54:00,4021.5,4021.53,4011.66,4012.7,267
2025-10-22 22:55:00,4012.86,4013.9,4011.77,4013.16,256
2025-10-22 22:56:00,4012.74,4014.92,4011.66,4013.02,254
2025-10-22 22:57:00,4012.95,4015.3,4011.38,4013.96,249
2025-10-22 22:58:00,4014.34,4017.86,4013.22,4016.17,246
2025-10-22 22:59:00,4015.83,4017.09,4012.06,4015.22,263
2025-10-22 23:00:00,4015.02,4018.69,4015.0,4018.34,258
2025-10-22 23:01:00,4018.39,4024.73,4016.85,4024.51,261
2025-10-22 23:02:00,4024.49,4025.48,4021.94,4023.08,262
2025-10-22 23:03:00,4023.06,4026.97,4022.96,4026.19,260
2025-10-22 23:04:00,4026.09,4028.84,4024.45,4027.98,253
2025-10-22 23:05:00,4027.42,4028.87,4023.86,4024.08,252
2025-10-22 23:06:00,4024.06,4028.2,4023.97,4027.48,227
2025-10-22 23:07:00,4027.19,4031.79,4026.71,4031.29,252
2025-10-22 23:08:00,4031.16,4036.01,4031.16,4035.97,247
2025-10-22 23:09:00,4036.0,4039.17,4033.8,4035.58,242
2025-10-22 23:10:00,4035.64,4038.95,4035.64,4036.12,222
2025-10-22 23:11:00,4036.21,4040.11,4034.54,4039.28,243
2025-10-22 23:12:00,4039.43,4044.09,4038.53,4042.92,231
2025-10-22 23:13:00,4043.33,4044.7,4040.93,4041.47,254
2025-10-22 23:14:00,4041.25,4041.67,4035.68,4039.04,253
2025-10-22 23:15:00,4039.03,4040.62,4036.23,4040.62,234
2025-10-22 23:16:00,4040.58,4041.66,4036.82,4037.44,241
2025-10-22 23:17:00,4037.25,4040.96,4036.75,4040.96,225
2025-10-22 23:18:00,4041.09,4043.52,4039.0,4042.77,240
2025-10-22 23:19:00,4042.44,4042.44,4038.78,4039.79,199
2025-10-22 23:20:00,4039.66,4046.37,4039.04,4046.22,224
2025-10-22 23:21:00,4046.17,4046.95,4044.4,4045.5,225
2025-10-22 23:22:00,4045.81,4046.64,4040.83,4040.86,254
2025-10-22 23:23:00,4041.68,4041.73,4037.99,4038.89,243
2025-10-22 23:24:00,4038.88,4039.27,4035.83,4038.13,231
2025-10-22 23:25:00,4038.12,4038.49,4032.44,4032.73,251
2025-10-22 23:26:00,4032.83,4035.11,4032.41,4033.12,230
2025-10-22 23:27:00,4032.94,4033.12,4029.56,4031.06,245
2025-10-22 23:28:00,4031.11,4033.09,4028.94,4029.78,235
2025-10-22 23:29:00,4029.7,4031.11,4028.3,4029.88,197
2025-10-22 23:30:00,4029.48,4031.16,4026.11,4028.03,222
2025-10-22 23:31:00,4028.13,4029.26,4023.3,4025.94,238
2025-10-22 23:32:00,4026.09,4030.41,4026.09,4026.19,257
2025-10-22 23:33:00,4026.16,4029.12,4024.41,4028.93,227
2025-10-22 23:34:00,4029.12,4031.75,4028.2,4031.48,250
2025-10-22 23:35:00,4031.51,4038.16,4031.01,4037.82,247
2025-10-22 23:36:00,4037.93,4040.92,4035.74,4039.66,232
2025-10-22 23:37:00,4039.69,4040.39,4036.04,4036.21,242
2025-10-22 23:38:00,4036.78,4038.04,4033.53,4033.91,235
2025-10-22 23:39:00,4033.85,4034.03,4030.5,4033.09,234
2025-10-22 23:40:00,4033.21,4038.37,4033.13,4037.96,232
2025-10-22 23:41:00,4037.88,4039.04,4037.02,4037.76,199
2025-10-22 23:42:00,4037.58,4040.94,4034.79,4034.82,221
2025-10-22 23:43:00,4034.87,4036.25,4032.66,4034.09,221
2025-10-22 23:44:00,4034.22,4035.71,4034.04,4034.71,202
2025-10-22 23:45:00,4034.87,4038.01,4034.8,4037.94,211
2025-10-22 23:46:00,4037.9,4038.14,4036.72,4037.23,207
2025-10-22 23:47:00,4037.16,4037.77,4034.33,4036.94,219
2025-10-22 23:48:00,4036.9,4040.04,4036.9,4039.65,229
2025-10-22 23:49:00,4039.38,4041.05,4038.16,4040.44,195
2025-10-22 23:50:00,4040.14,4041.01,4037.52,4037.52,202
2025-10-22 23:51:00,4037.53,4040.39,4037.53,4039.44,193
2025-10-22 23:52:00,4039.39,4040.19,4037.62,4039.6,205
2025-10-22 23:53:00,4039.65,4040.94,4035.48,4040.43,221
2025-10-22 23:54:00,4040.41,4040.81,4037.48,4038.49,211
2025-10-23 01:00:00,4058.94,4059.07,4056.27,4057.67,197
2025-10-23 01:01:00,4057.65,4057.82,4053.3,4054.44,207
2025-10-23 01:02:00,4054.49,4054.51,4051.61,4051.87,198
2025-10-23 01:03:00,4051.74,4051.99,4048.22,4048.63,210
2025-10-23 01:04:00,4048.51,4048.51,4045.84,4046.67,208
2025-10-23 01:05:00,4046.56,4048.51,4044.19,4048.51,211
2025-10-23 01:06:00,4048.76,4052.4,4047.24,4051.03,211
2025-10-23 01:07:00,4050.95,4052.42,4048.86,4051.69,209
2025-10-23 01:08:00,4050.76,4052.21,4050.24,4051.1,206
2025-10-23 01:09:00,4051.15,4055.31,4050.57,4055.31,201
2025-10-23 01:10:00,4055.3,4059.28,4054.27,4054.29,235
2025-10-23 01:11:00,4054.0,4054.0,4051.41,4053.67,219
2025-10-23 01:12:00,4054.35,4057.36,4053.36,4057.22,215
2025-10-23 01:13:00,4057.21,4058.37,4054.23,4055.09,203
2025-10-23 01:14:00,4055.1,4056.99,4054.6,4055.47,218
2025-10-23 01:15:00,4055.77,4058.75,4055.26,4058.26,204
2025-10-23 01:16:00,4057.59,4057.64,4053.28,4056.11,225
2025-10-23 01:17:00,4056.14,4058.01,4056.1,4057.8,194
2025-10-23 01:18:00,4057.78,4058.86,4056.01,4056.1,161
2025-10-23 01:19:00,4056.11,4056.47,4053.88,4054.81,176
2025-10-23 01:20:00,4054.6,4056.2,4051.33,4051.8,189
2025-10-23 01:21:00,4051.74,4053.13,4049.51,4050.47,200
2025-10-23 01:22:00,4050.42,4052.27,4049.29,4049.29,186
2025-10-23 01:23:00,4049.12,4049.71,4046.93,4047.84,224
2025-10-23 01:24:00,4048.0,4049.7,4047.41,4049.52,217
2025-10-23 01:25:00,4049.59,4052.39,4049.18,4051.61,205
2025-10-23 01:26:00,4051.56,4051.78,4047.18,4049.9,224
2025-10-23 01:27:00,4049.77,4051.74,4048.89,4048.98,208
2025-10-23 01:28:00,4048.97,4052.47,4048.95,4050.48,240
2025-10-23 01:29:00,4050.62,4050.62,4048.44,4049.67,247
2025-10-23 01:30:00,4049.61,4052.38,4049.11,4049.11,207
2025-10-23 01:31:00,4049.03,4049.03,4045.09,4045.85,226
2025-10-23 01:32:00,4045.79,4052.72,4045.64,4052.72,219
2025-10-23 01:33:00,4052.69,4055.47,4051.03,4054.47,193
2025-10-23 01:34:00,4054.44,4055.73,4051.74,4053.07,206
2025-10-23 01:35:00,4053.16,4056.59,4052.62,4054.93,181
2025-10-23 01:36:00,4054.88,4057.72,4054.79,4057.36,177
2025-10-23 01:37:00,4057.5,4057.81,4055.12,4056.6,167
2025-10-23 01:38:00,4056.36,4058.82,4055.68,4058.27,167
2025-10-23 01:39:00,4058.3,4059.08,4056.69,4057.32,169
2025-10-23 01:40:00,4057.35,4060.71,4056.36,4059.28,166
2025-10-23 01:41:00,4059.23,4059.39,4054.55,4054.65,205
2025-10-23 01:42:00,4054.6,4055.03,4052.13,4054.56,195
2025-10-23 01:43:00,4054.54,4057.05,4054.5,4056.62,171
2025-10-23 01:44:00,4056.47,4056.47,4054.86,4055.0,118
2025-10-23 01:45:00,4054.99,4058.03,4054.87,4056.98,183
2025-10-23 01:46:00,4057.0,4057.01,4054.71,4055.36,188
2025-10-23 01:47:00,4055.37,4057.81,4054.93,4057.25,145
2025-10-23 01:48:00,4057.3,4064.24,4056.32,4062.43,220
2025-10-23 01:49:00,4062.36,4066.83,4062.22,4065.04,202
2025-10-23 01:50:00,4064.74,4067.06,4064.56,4066.15,183
2025-10-23 01:51:00,4066.26,4069.48,4066.15,4066.52,177
2025-10-23 01:52:00,4066.53,4066.74,4063.52,4064.9,206
2025-10-23 01:53:00,4064.89,4064.99,4062.01,4062.78,189
2025-10-23 01:54:00,4062.82,4064.9,4062.38,4064.68,182
2025-10-23 01:55:00,4064.67,4065.02,4062.85,4064.97,167
2025-10-23 01:56:00,4064.82,4065.86,4064.21,4064.39,180
2025-10-23 01:57:00,4064.33,4067.18,4064.33,4067.01,184
2025-10-23 01:58:00,4067.06,4069.39,4066.77,4069.39,200
2025-10-23 01:59:00,4069.63,4070.97,4069.45,4070.07,193
2025-10-23 02:00:00,4070.05,4070.73,4066.75,4070.62,201
2025-10-23 02:01:00,4070.36,4071.27,4069.76,4071.27,175
2025-10-23 02:02:00,4071.28,4071.38,4069.6,4070.47,154
2025-10-23 02:03:00,4070.46,4072.61,4069.69,4072.22,180
2025-10-23 02:04:00,4072.51,4073.47,4071.5,4073.45,203
2025-10-23 02:05:00,4073.43,4075.4,4072.85,4075.01,179
2025-10-23 02:06:00,4074.95,4075.24,4073.18,4073.18,180
2025-10-23 02:07:00,4073.04,4073.14,4071.76,4071.93,140
2025-10-23 02:08:00,4071.98,4072.44,4071.2,4071.46,134
2025-10-23 02:09:00,4071.57,4072.53,4069.86,4071.37,162
2025-10-23 02:10:00,4071.31,4072.55,4070.6,4071.12,162
2025-10-23 02:11:00,4071.13,4071.63,4069.75,4071.59,148
2025-10-23 02:12:00,4071.6,4072.18,4070.11,4070.25,150
2025-10-23 02:13:00,4070.2,4072.06,4069.69,4072.06,155
2025-10-23 02:14:00,4072.05,4075.89,4071.68,4075.78,191
2025-10-23 02:15:00,4075.95,4077.78,4075.08,4077.5,185
2025-10-23 02:16:00,4077.26,4077.26,4072.25,4072.34,180
2025-10-23 02:17:00,4072.33,4072.52,4069.29,4070.38,192
2025-10-23 02:18:00,4070.37,4074.74,4070.37,4074.74,160
2025-10-23 02:19:00,4074.74,4076.74,4072.87,4072.87,189
2025-10-23 02:20:00,4072.92,4073.88,4072.57,4073.45,134
2025-10-23 02:21:00,4073.48,4075.25,4072.9,4075.01,160
2025-10-23 02:22:00,4075.04,4078.7,4073.91,4078.7,160
2025-10-23 02:23:00,4078.54,4078.87,4076.65,4076.72,193
2025-10-23 02:24:00,4076.59,4078.71,4076.32,4078.3,158
2025-10-23 02:25:00,4078.28,4078.43,4075.63,4075.63,123
2025-10-23 02:26:00,4075.7,4075.75,4073.86,4073.9,142
2025-10-23 02:27:00,4073.87,4074.52,4073.38,4074.0,159
2025-10-23 02:28:00,4074.01,4075.07,4073.81,4073.81,178
2025-10-23 02:29:00,4073.8,4074.13,4073.4,4073.89,150
2025-10-23 02:30:00,4073.91,4078.35,4073.91,4077.06,168
2025-10-23 02:31:00,4077.18,4077.27,4074.64,4075.59,161
2025-10-23 02:32:00,4075.55,4076.08,4074.58,4075.22,153
2025-10-23 02:33:00,4075.21,4077.09,4074.72,4076.19,149
2025-10-23 02:34:00,4076.2,4078.74,4076.19,4078.69,141
2025-10-23 02:35:00,4078.4,4081.58,4078.32,4080.12,166
2025-10-23 02:36:00,4080.09,4080.49,4079.13,4079.78,147
2025-10-23 02:37:00,4079.66,4080.58,4078.87,4079.98,114
2025-10-23 02:38:00,4079.9,4080.32,4079.41,4080.24,122
2025-10-23 02:39:00,4080.23,4080.65,4078.98,4079.99,126
2025-10-23 02:40:00,4080.05,4080.6,4078.66,4078.66,118
2025-10-23 02:41:00,4078.64,4078.64,4075.7,4077.22,172
2025-10-23 02:42:00,4077.25,4078.64,4077.25,4078.2,149
2025-10-23 02:43:00,4078.11,4078.82,4076.37,4076.55,144
2025-10-23 02:44:00,4076.68,4077.53,4076.01,4076.03,147
2025-10-23 02:45:00,4076.11,4076.48,4075.29,4075.78,138
2025-10-23 02:46:00,4075.66,4076.46,4075.49,4075.83,118
2025-10-23 02:47:00,4075.92,4076.31,4074.46,4074.55,127
2025-10-23 02:48:00,4074.54,4076.1,4074.4,4075.86,103
2025-10-23 02:49:00,4075.98,4078.49,4075.92,4078.49,112
2025-10-23 02:50:00,4078.46,4078.9,4075.58,4076.0,154
2025-10-23 02:51:00,4076.0,4077.16,4075.73,4077.07,129
2025-10-23 02:52:00,4077.14,4077.87,4075.47,4075.54,110
2025-10-23 02:53:00,4075.53,4076.65,4075.45,4075.96,90
2025-10-23 02:54:00,4075.93,4076.19,4075.28,4075.43,93
2025-10-23 02:55:00,4075.46,4076.73,4075.4,4076.46,98
2025-10-23 02:56:00,4076.45,4076.67,4075.83,4075.98,105
2025-10-23 02:57:00,4075.91,4076.72,4075.86,4076.0,101
2025-10-23 02:58:00,4076.39,4078.37,4076.07,4077.25,113
2025-10-23 02:59:00,4077.3,4077.75,4076.48,4076.77,127
2025-10-23 03:00:00,4076.72,4079.63,4076.67,4078.49,165
2025-10-23 03:01:00,4078.44,4081.94,4078.0,4081.72,191
2025-10-23 03:02:00,4081.83,4082.58,4079.41,4080.14,184
2025-10-23 03:03:00,4080.27,4086.09,4080.15,4085.99,197
2025-10-23 03:04:00,4085.89,4087.64,4085.49,4086.02,179
2025-10-23 03:05:00,4086.0,4086.33,4083.81,4085.05,182
2025-10-23 03:06:00,4085.03,4086.55,4085.0,4085.24,129
2025-10-23 03:07:00,4085.27,4087.53,4085.27,4086.7,162
2025-10-23 03:08:00,4086.56,4087.45,4085.64,4086.12,135
2025-10-23 03:09:00,4085.73,4088.81,4085.54,4088.3,139
2025-10-23 03:10:00,4088.28,4088.74,4086.86,4088.65,152
2025-10-23 03:11:00,4088.58,4088.81,4087.02,4088.07,141
2025-10-23 03:12:00,4087.99,4090.35,4087.96,4089.85,156
2025-10-23 03:13:00,4089.84,4090.72,4089.23,4089.39,148
2025-10-23 03:14:00,4089.39,4093.74,4089.39,4092.9,185
2025-10-23 03:15:00,4092.89,4093.19,4090.74,4093.08,197
2025-10-23 03:16:00,4093.1,4094.0,4091.7,4092.59,147
2025-10-23 03:17:00,4092.49,4092.49,4090.67,4091.16,128
2025-10-23 03:18:00,4091.22,4091.4,4088.9,4091.24,144
2025-10-23 03:19:00,4091.31,4092.51,4090.85,4091.6,147
2025-10-23 03:20:00,4091.3,4092.05,4090.31,4091.74,116
2025-10-23 03:21:00,4091.69,4093.97,4091.13,4093.01,126
2025-10-23 03:22:00,4093.1,4094.47,4092.71,4094.34,158
2025-10-23 03:23:00,4094.26,4098.16,4094.21,4097.71,195
2025-10-23 03:24:00,4097.7,4099.22,4097.15,4098.84,162
2025-10-23 03:25:00,4098.83,4101.28,4097.9,4101.17,164
2025-10-23 03:26:00,4101.19,4104.68,4100.09,4104.02,211
2025-10-23 03:27:00,4104.01,4104.9,4102.8,4103.81,202
2025-10-23 03:28:00,4103.92,4105.41,4102.73,4104.19,185
2025-10-23 03:29:00,4104.13,4105.54,4102.77,4105.52,181
2025-10-23 03:30:00,4105.47,4106.03,4103.4,4106.03,193
2025-10-23 03:31:00,4105.71,4109.69,4105.71,4108.54,234
2025-10-23 03:32:00,4108.55,4113.44,4107.67,4111.42,236
2025-10-23 03:33:00,4111.41,4113.54,4111.06,4113.31,210
2025-10-23 03:34:00,4113.28,4113.43,4106.06,4107.86,225
2025-10-23 03:35:00,4107.19,4109.05,4104.82,4109.05,234
2025-10-23 03:36:00,4109.01,4110.1,4106.94,4110.08,214
2025-10-23 03:37:00,4110.07,4110.64,4106.51,4106.93,207
2025-10-23 03:38:00,4106.84,4108.7,4105.84,4106.16,206
2025-10-23 03:39:00,4106.13,4106.71,4105.0,4106.63,194
2025-10-23 03:40:00,4106.45,4106.81,4102.53,4103.71,228
2025-10-23 03:41:00,4103.6,4105.48,4103.27,4103.37,184
2025-10-23 03:42:00,4103.73,4105.85,4102.35,4105.14,194
2025-10-23 03:43:00,4105.28,4106.36,4103.85,4105.78,193
2025-10-23 03:44:00,4105.8,4106.3,4103.48,4103.71,166
2025-10-23 03:45:00,4103.34,4105.2,4102.81,4103.86,168
2025-10-23 03:46:00,4103.88,4103.9,4102.59,4102.64,140
2025-10-23 03:47:00,4102.79,4103.13,4100.27,4101.94,185
2025-10-23 03:48:00,4101.92,4105.41,4101.6,4105.35,168
2025-10-23 03:49:00,4105.37,4108.57,4105.37,4106.98,182
2025-10-23 03:50:00,4107.41,4107.44,4104.0,4104.53,186
2025-10-23 03:51:00,4104.66,4106.43,4104.26,4105.93,177
2025-10-23 03:52:00,4105.58,4105.86,4101.8,4101.85,165
2025-10-23 03:53:00,4101.84,4104.27,4101.49,4103.67,199
2025-10-23 03:54:00,4103.69,4103.85,4100.04,4101.86,197
2025-10-23 03:55:00,4102.99,4104.83,4100.52,4100.52,203
2025-10-23 03:56:00,4100.55,4106.13,4100.55,4105.67,173
2025-10-23 03:57:00,4105.65,4107.51,4103.47,4103.52,214
2025-10-23 03:58:00,4103.46,4104.95,4101.68,4102.16,215
2025-10-23 03:59:00,4102.21,4103.43,4100.99,4102.38,204
2025-10-23 04:00:00,4102.35,4102.68,4100.92,4101.57,126
2025-10-23 04:01:00,4101.67,4102.05,4098.56,4099.83,115
2025-10-23 04:02:00,4099.84,4101.54,4099.62,4101.06,116
2025-10-23 04:03:00,4101.2,4103.27,4101.2,4102.72,99
2025-10-23 04:04:00,4102.75,4104.82,4101.55,4101.67,118
2025-10-23 04:05:00,4101.79,4103.17,4100.87,4103.17,119
2025-10-23 04:06:00,4103.28,4103.3,4101.7,4102.26,117
2025-10-23 04:07:00,4102.23,4103.39,4102.03,4102.79,78
2025-10-23 04:08:00,4103.16,4103.69,4102.75,4103.68,100
2025-10-23 04:09:00,4103.7,4104.07,4102.69,4102.69,76
2025-10-23 04:10:00,4102.62,4103.77,4102.53,4103.2,81
2025-10-23 04:11:00,4103.33,4105.08,4103.31,4104.76,93
2025-10-23 04:12:00,4104.75,4104.94,4103.51,4104.28,86
2025-10-23 04:13:00,4104.25,4104.95,4103.76,4104.58,83
2025-10-23 04:14:00,4104.6,4104.7,4103.64,4104.7,73
2025-10-23 04:15:00,4104.82,4106.56,4104.82,4105.8,84
2025-10-23 04:16:00,4105.79,4107.15,4104.55,4104.62,91
2025-10-23 04:17:00,4104.64,4105.01,4103.4,4103.4,77
2025-10-23 04:18:00,4103.43,4103.43,4101.53,4101.53,114
2025-10-23 04:19:00,4101.51,4102.39,4100.65,4101.35,80
2025-10-23 04:20:00,4101.69,4102.81,4100.74,4101.27,77
2025-10-23 04:21:00,4101.3,4101.51,4097.23,4098.03,141
2025-10-23 04:22:00,4098.06,4099.32,4097.68,4097.93,157
2025-10-23 04:23:00,4097.88,4098.48,4097.14,4097.29,125
2025-10-23 04:24:00,4097.3,4097.36,4088.5,4088.77,201
2025-10-23 04:25:00,4088.73,4096.26,4088.71,4094.28,203
2025-10-23 04:26:00,4094.03,4094.42,4089.66,4091.26,180
2025-10-23 04:27:00,4091.17,4093.02,4090.69,4092.81,135
2025-10-23 04:28:00,4092.52,4093.66,4092.3,4092.45,139
2025-10-23 04:29:00,4092.44,4092.91,4091.6,4092.14,81
2025-10-23 04:30:00,4092.2,4094.33,4092.13,4093.53,139
2025-10-23 04:31:00,4093.48,4094.46,4092.26,4093.7,109
2025-10-23 04:32:00,4093.61,4094.25,4092.16,4092.5,96
2025-10-23 04:33:00,4092.44,4094.71,4092.39,4094.0,95
2025-10-23 04:34:00,4093.94,4096.48,4093.94,4096.28,128
2025-10-23 04:35:00,4096.31,4102.63,4096.31,4101.2,129
2025-10-23 04:36:00,4100.92,4100.92,4098.9,4100.66,101
2025-10-23 04:37:00,4100.61,4100.81,4097.8,4098.0,98
2025-10-23 04:38:00,4097.99,4100.39,4097.99,4098.75,99
2025-10-23 04:39:00,4098.72,4101.21,4098.55,4100.3,97
2025-10-23 04:40:00,4100.23,4101.41,4099.49,4101.24,106
2025-10-23 04:41:00,4101.3,4101.52,4099.84,4101.11,91
2025-10-23 04:42:00,4100.92,4102.94,4100.92,4102.39,99
2025-10-23 04:43:00,4102.05,4103.02,4102.05,4103.0,61
2025-10-23 04:44:00,4103.02,4103.9,4101.95,4102.15,70
2025-10-23 04:45:00,4102.39,4103.8,4101.97,4102.56,87
2025-10-23 04:46:00,4102.33,4102.33,4099.73,4100.41,110
2025-10-23 04:47:00,4100.45,4102.57,4099.99,4102.47,57
2025-10-23 04:48:00,4102.51,4103.03,4101.7,4101.98,74
2025-10-23 04:49:00,4102.02,4102.38,4101.31,4102.15,53
2025-10-23 04:50:00,4102.17,4102.83,4099.33,4099.36,91
2025-10-23 04:51:00,4099.42,4100.82,4099.42,4100.2,56
2025-10-23 04:52:00,4100.25,4100.96,4099.86,4100.77,59
2025-10-23 04:53:00,4100.66,4101.12,4100.66,4100.98,62
2025-10-23 04:54:00,4101.0,4101.1,4100.14,4100.32,59
2025-10-23 04:55:00,4100.42,4101.19,4098.27,4100.77,123
2025-10-23 04:56:00,4100.83,4101.24,4099.18,4099.62,124
2025-10-23 04:57:00,4099.66,4100.94,4098.13,4098.29,106
2025-10-23 04:58:00,4098.26,4098.67,4097.72,4098.49,100
2025-10-23 04:59:00,4098.48,4099.52,4098.07,4098.34,77
2025-10-23 06:01:00,4105.53,4106.27,4102.33,4106.26,134
2025-10-23 06:02:00,4106.27,4111.89,4106.25,4109.21,154
2025-10-23 06:03:00,4109.4,4115.85,4109.4,4114.87,136
2025-10-23 06:04:00,4114.03,4114.49,4105.77,4110.93,138
2025-10-23 06:05:00,4110.78,4110.83,4106.93,4107.29,148
2025-10-23 06:06:00,4107.28,4108.2,4106.53,4107.02,79
2025-10-23 06:07:00,4107.21,4107.21,4105.45,4105.63,60
2025-10-23 06:08:00,4105.63,4105.63,4101.59,4103.37,91
2025-10-23 06:09:00,4103.09,4103.09,4099.96,4101.1,105
2025-10-23 06:10:00,4101.11,4101.54,4099.31,4099.43,68
2025-10-23 06:11:00,4099.43,4099.61,4094.08,4099.61,133
2025-10-23 06:12:00,4099.64,4099.64,4094.32,4095.07,95
2025-10-23 06:13:00,4095.09,4096.34,4094.15,4095.48,109
2025-10-23 06:14:00,4095.46,4098.65,4093.54,4098.65,121
2025-10-23 06:15:00,4099.14,4105.1,4099.14,4105.1,147
2025-10-23 06:16:00,4105.04,4108.41,4104.46,4105.11,156
2025-10-23 06:17:00,4105.22,4105.69,4104.05,4105.44,80
2025-10-23 06:18:00,4105.45,4105.8,4104.59,4105.61,41
2025-10-23 06:19:00,4105.81,4107.77,4105.77,4106.89,75
2025-10-23 06:20:00,4106.85,4108.05,4100.56,4101.13,111
2025-10-23 06:21:00,4101.15,4105.95,4101.13,4105.4,107
2025-10-23 06:22:00,4105.43,4107.53,4105.41,4106.63,54
2025-10-23 06:23:00,4106.66,4106.93,4104.61,4105.66,50
2025-10-23 06:24:00,4105.69,4110.49,4105.69,4109.98,88
2025-10-23 06:25:00,4109.96,4109.96,4105.77,4105.91,96
2025-10-23 06:26:00,4106.04,4107.94,4105.95,4106.3,74
2025-10-23 06:27:00,4106.31,4107.89,4105.67,4107.18,99
2025-10-23 06:28:00,4107.33,4107.53,4105.24,4105.41,85
2025-10-23 06:29:00,4105.53,4105.66,4101.36,4103.18,136
2025-10-23 06:30:00,4103.13,4103.17,4100.31,4100.42,124
2025-10-23 06:31:00,4100.39,4101.62,4097.62,4099.5,126
2025-10-23 06:32:00,4099.49,4099.62,4092.54,4093.92,181
2025-10-23 06:33:00,4094.91,4099.98,4093.91,4098.35,159
2025-10-23 06:34:00,4098.49,4099.75,4092.87,4093.89,128
2025-10-23 06:35:00,4093.84,4097.2,4093.84,4094.99,148
2025-10-23 06:36:00,4095.21,4101.35,4095.17,4100.03,117
2025-10-23 06:37:00,4100.06,4100.19,4094.91,4097.07,103
2025-10-23 06:38:00,4097.09,4099.77,4096.72,4097.58,94
2025-10-23 06:39:00,4097.5,4099.61,4097.31,4097.31,73
2025-10-23 06:40:00,4097.21,4099.99,4097.21,4098.67,97
2025-10-23 06:41:00,4098.52,4098.72,4097.33,4097.9,55
2025-10-23 06:42:00,4098.18,4099.07,4096.53,4097.05,67
2025-10-23 06:43:00,4097.09,4098.54,4096.99,4098.47,61
2025-10-23 06:44:00,4098.57,4098.71,4097.0,4098.55,54
2025-10-23 06:45:00,4098.1,4098.66,4096.96,4097.83,71
2025-10-23 06:46:00,4098.0,4098.8,4095.17,4095.44,121
2025-10-23 06:47:00,4095.44,4097.44,4095.4,4097.4,85
2025-10-23 06:48:00,4097.42,4097.42,4096.45,4097.24,80
2025-10-23 06:49:00,4097.34,4097.39,4094.72,4094.72,63
2025-10-23 06:50:00,4094.79,4096.35,4094.78,4096.05,80
2025-10-23 06:51:00,4096.06,4097.58,4096.04,4097.05,86
2025-10-23 06:52:00,4097.19,4103.87,4097.19,4101.87,160
2025-10-23 06:53:00,4101.83,4102.4,4098.87,4099.74,113
2025-10-23 06:54:00,4099.75,4100.03,4098.67,4099.09,67
2025-10-23 06:55:00,4099.02,4101.92,4098.84,4101.0,100
2025-10-23 06:56:00,4101.28,4102.24,4100.58,4100.73,115
2025-10-23 06:57:00,4100.2,4100.2,4099.35,4099.87,96
2025-10-23 06:58:00,4099.85,4100.44,4099.55,4099.9,67
2025-10-23 06:59:00,4099.77,4102.24,4099.58,4102.24,100
2025-10-23 07:00:00,4103.74,4104.82,4102.29,4102.67,131
2025-10-23 07:01:00,4102.69,4103.85,4101.72,4103.6,100
2025-10-23 07:02:00,4103.59,4103.62,4101.34,4101.39,130
2025-10-23 07:03:00,4101.29,4101.48,4099.83,4101.08,114
2025-10-23 07:04:00,4101.12,4102.15,4100.44,4101.59,75
2025-10-23 07:05:00,4101.58,4101.58,4093.96,4095.84,157
2025-10-23 07:06:00,4095.83,4100.08,4095.71,4096.86,115
2025-10-23 07:07:00,4096.89,4097.47,4094.71,4094.72,103
2025-10-23 07:08:00,4094.8,4096.22,4094.68,4095.72,93
2025-10-23 07:09:00,4095.63,4096.23,4094.96,4095.63,79
2025-10-23 07:10:00,4095.57,4095.6,4089.79,4091.23,154
2025-10-23 07:11:00,4091.19,4091.37,4087.73,4087.73,192
2025-10-23 07:12:00,4087.6,4091.43,4084.81,4090.98,183
2025-10-23 07:13:00,4090.97,4096.18,4090.97,4094.73,137
2025-10-23 07:14:00,4095.03,4095.1,4090.32,4091.13,145
2025-10-23 07:15:00,4090.79,4091.78,4087.35,4090.07,163
2025-10-23 07:16:00,4090.02,4090.02,4084.52,4087.07,157
2025-10-23 07:17:00,4087.02,4091.59,4087.02,4090.13,126
2025-10-23 07:18:00,4090.14,4090.66,4087.28,4088.98,105
2025-10-23 07:19:00,4089.31,4090.31,4087.95,4087.97,99
2025-10-23 07:20:00,4087.95,4091.11,4087.92,4090.68,81
2025-10-23 07:21:00,4090.81,4090.81,4088.62,4089.49,82
2025-10-23 07:22:00,4089.14,4089.49,4087.89,4089.43,88
2025-10-23 07:23:00,4089.6,4089.64,4087.28,4088.31,87
2025-10-23 07:24:00,4088.34,4088.81,4087.81,4088.69,61
2025-10-23 07:25:00,4088.7,4089.97,4087.94,4089.48,73
2025-10-23 07:26:00,4089.23,4089.3,4085.39,4085.39,85
2025-10-23 07:27:00,4085.38,4086.77,4080.75,4083.66,173
2025-10-23 07:28:00,4083.71,4086.28,4083.65,4086.28,86
2025-10-23 07:29:00,4088.69,4088.69,4084.53,4086.2,109
2025-10-23 07:30:00,4086.23,4087.3,4085.66,4085.67,85
2025-10-23 07:31:00,4085.68,4086.47,4083.92,4084.43,107
2025-10-23 07:32:00,4084.44,4090.91,4084.43,4090.33,108
2025-10-23 07:33:00,4090.4,4094.44,4089.42,4093.63,137
2025-10-23 07:34:00,4093.62,4094.8,4092.86,4093.52,130
2025-10-23 07:35:00,4093.51,4093.61,4090.28,4092.3,128
2025-10-23 07:36:00,4092.36,4093.98,4091.1,4093.98,103
2025-10-23 07:37:00,4094.06,4094.11,4093.21,4093.8,106
2025-10-23 07:38:00,4093.79,4093.79,4090.7,4092.01,88
2025-10-23 07:39:00,4092.03,4092.7,4090.69,4090.75,80
2025-10-23 07:40:00,4090.56,4090.58,4088.68,4089.37,112
2025-10-23 07:41:00,4089.33,4090.28,4087.91,4088.53,107
2025-10-23 07:42:00,4088.45,4088.45,4087.34,4088.22,71
2025-10-23 07:43:00,4088.35,4089.27,4087.64,4088.04,82
2025-10-23 07:44:00,4087.99,4091.18,4087.23,4088.96,96
2025-10-23 07:45:00,4088.97,4093.0,4088.84,4092.58,140
2025-10-23 07:46:00,4092.59,4092.6,4087.53,4087.75,171
2025-10-23 07:47:00,4087.61,4089.34,4085.85,4089.09,142
2025-10-23 07:48:00,4089.1,4091.71,4087.98,4088.6,143
2025-10-23 07:49:00,4088.71,4089.47,4086.63,4086.95,165
2025-10-23 07:50:00,4086.91,4089.83,4085.66,4089.83,140
2025-10-23 07:51:00,4089.88,4092.81,4089.73,4089.73,167
2025-10-23 07:52:00,4089.71,4091.52,4088.6,4090.89,132
2025-10-23 07:53:00,4090.91,4091.18,4088.97,4089.87,163
2025-10-23 07:54:00,4090.06,4091.13,4087.96,4090.49,167
2025-10-23 07:55:00,4090.44,4090.61,4088.58,4090.57,132
2025-10-23 07:56:00,4090.62,4092.59,4090.11,4090.66,121
2025-10-23 07:57:00,4091.05,4093.23,4090.17,4092.35,151
2025-10-23 07:58:00,4092.47,4092.62,4090.06,4090.18,124
2025-10-23 07:59:00,4089.79,4090.05,4087.69,4087.73,167
2025-10-23 08:00:00,4087.62,4088.7,4084.09,4084.26,219
2025-10-23 08:01:00,4084.38,4091.64,4083.43,4089.08,204
2025-10-23 08:02:00,4089.14,4093.91,4088.84,4093.77,184
2025-10-23 08:03:00,4093.92,4096.77,4093.9,4094.89,196
2025-10-23 08:04:00,4094.89,4096.54,4093.74,4095.02,190
2025-10-23 08:05:00,4095.05,4095.77,4091.31,4091.76,206
2025-10-23 08:06:00,4091.84,4092.4,4088.73,4092.34,199
2025-10-23 08:07:00,4092.23,4093.78,4089.24,4091.07,178
2025-10-23 08:08:00,4091.11,4091.25,4089.0,4089.92,179
2025-10-23 08:09:00,4089.93,4092.27,4089.02,4092.08,155
2025-10-23 08:10:00,4091.99,4092.09,4090.32,4091.1,139
2025-10-23 08:11:00,4091.08,4091.47,4090.03,4091.16,140
2025-10-23 08:12:00,4091.24,4092.73,4089.2,4090.27,145
2025-10-23 08:13:00,4090.24,4091.24,4087.49,4089.04,170
2025-10-23 08:14:00,4088.97,4088.97,4085.76,4085.76,167
2025-10-23 08:15:00,4085.83,4086.65,4083.7,4086.17,216
2025-10-23 08:16:00,4086.19,4087.7,4085.61,4086.53,172
2025-10-23 08:17:00,4086.46,4086.53,4083.28,4085.45,165
2025-10-23 08:18:00,4085.21,4085.39,4083.07,4084.37,172
2025-10-23 08:19:00,4084.36,4085.27,4081.38,4081.86,195
2025-10-23 08:20:00,4081.85,4082.17,4079.78,4079.79,198
2025-10-23 08:21:00,4079.45,4080.1,4066.14,4066.14,228
2025-10-23 08:22:00,4066.81,4075.55,4066.47,4068.67,261
2025-10-23 08:23:00,4068.64,4071.57,4067.9,4068.13,239
2025-10-23 08:24:00,4068.14,4073.99,4068.14,4071.19,222
2025-10-23 08:25:00,4071.21,4071.87,4067.48,4069.87,229
2025-10-23 08:26:00,4069.96,4072.8,4069.77,4071.29,217
2025-10-23 08:27:00,4071.26,4075.76,4071.26,4074.8,187
2025-10-23 08:28:00,4074.45,4075.46,4073.27,4074.83,156
2025-10-23 08:29:00,4074.82,4076.48,4074.33,4076.23,160
2025-10-23 08:30:00,4076.27,4078.34,4075.97,4077.49,176
2025-10-23 08:31:00,4077.72,4079.4,4076.9,4079.4,165
2025-10-23 08:32:00,4079.29,4083.45,4078.71,4082.51,191
2025-10-23 08:33:00,4082.43,4084.48,4081.58,4083.25,226
2025-10-23 08:34:00,4083.11,4083.55,4081.85,4082.75,164
2025-10-23 08:35:00,4082.66,4083.31,4079.48,4080.13,156
2025-10-23 08:36:00,4079.6,4079.96,4076.81,4077.04,163
2025-10-23 08:37:00,4076.96,4077.8,4073.61,4073.78,184
2025-10-23 08:38:00,4073.71,4076.5,4071.85,4075.29,177
2025-10-23 08:39:00,4075.28,4079.79,4075.25,4078.74,174
2025-10-23 08:40:00,4078.81,4081.29,4078.26,4080.37,138
2025-10-23 08:41:00,4080.35,4080.53,4077.9,4077.9,108
2025-10-23 08:42:00,4078.36,4080.36,4078.26,4079.85,124
2025-10-23 08:43:00,4079.86,4081.55,4079.29,4080.58,130
2025-10-23 08:44:00,4080.26,4081.61,4080.26,4081.61,112
2025-10-23 08:45:00,4081.68,4082.98,4080.28,4080.57,146
2025-10-23 08:46:00,4080.56,4083.57,4080.34,4082.98,132
2025-10-23 08:47:00,4082.97,4084.45,4082.55,4083.83,195
2025-10-23 08:48:00,4083.81,4084.19,4082.07,4083.16,148
2025-10-23 08:49:00,4083.34,4084.08,4082.51,4082.88,126
2025-10-23 08:50:00,4082.98,4083.52,4082.26,4082.96,92
2025-10-23 08:51:00,4082.92,4084.03,4081.19,4081.47,100
2025-10-23 08:52:00,4081.38,4085.53,4079.61,4083.16,233
2025-10-23 08:53:00,4083.2,4085.12,4082.98,4085.01,173
2025-10-23 08:54:00,4085.13,4085.88,4083.84,4084.03,163
2025-10-23 08:55:00,4084.14,4085.15,4080.59,4082.15,190
2025-10-23 08:56:00,4082.1,4082.1,4079.93,4081.14,150
2025-10-23 08:57:00,4081.19,4083.2,4080.97,4082.13,131
2025-10-23 08:58:00,4082.12,4082.34,4080.96,4081.4,112
2025-10-23 08:59:00,4081.36,4082.29,4079.93,4081.89,185
2025-10-23 09:00:00,4081.91,4082.15,4073.7,4074.47,254
2025-10-23 09:01:00,4074.4,4079.59,4074.2,4077.3,231
2025-10-23 09:02:00,4077.29,4079.55,4074.28,4076.49,222
2025-10-23 09:03:00,4076.57,4077.22,4073.12,4074.94,208
2025-10-23 09:04:00,4074.91,4077.24,4073.68,4075.65,247
2025-10-23 09:05:00,4075.56,4080.11,4075.52,4080.11,238
2025-10-23 09:06:00,4080.15,4081.74,4077.84,4079.13,213
2025-10-23 09:07:00,4079.03,4079.58,4075.92,4076.54,182
2025-10-23 09:08:00,4076.53,4078.61,4075.49,4078.08,204
2025-10-23 09:09:00,4078.09,4078.09,4071.99,4073.37,189
2025-10-23 09:10:00,4072.87,4078.84,4072.67,4077.63,196
2025-10-23 09:11:00,4077.58,4081.38,4077.12,4080.89,188
2025-10-23 09:12:00,4080.88,4080.99,4078.75,4078.88,141
2025-10-23 09:13:00,4078.86,4080.03,4077.92,4078.55,200
2025-10-23 09:14:00,4078.54,4080.39,4077.08,4077.71,171
2025-10-23 09:15:00,4077.73,4079.77,4076.67,4077.47,180
2025-10-23 09:16:00,4077.49,4078.33,4076.37,4076.52,130
2025-10-23 09:17:00,4076.45,4076.61,4073.95,4075.1,173
2025-10-23 09:18:00,4075.08,4077.65,4074.97,4075.43,172
2025-10-23 09:19:00,4075.4,4077.11,4075.15,4076.92,140
2025-10-23 09:20:00,4076.88,4080.52,4076.75,4080.06,195
2025-10-23 09:21:00,4079.86,4083.32,4079.33,4083.32,163
2025-10-23 09:22:00,4083.93,4088.63,4083.48,4087.99,220
2025-10-23 09:23:00,4088.0,4090.59,4087.33,4087.38,215
2025-10-23 09:24:00,4087.41,4091.1,4086.15,4090.92,222
2025-10-23 09:25:00,4090.9,4092.76,4090.68,4091.17,194
2025-10-23 09:26:00,4090.86,4091.12,4088.6,4089.51,207
2025-10-23 09:27:00,4089.53,4090.08,4087.12,4087.87,178
2025-10-23 09:28:00,4087.93,4090.65,4087.85,4090.55,190
2025-10-23 09:29:00,4090.53,4091.16,4087.14,4087.34,191
2025-10-23 09:30:00,4087.3,4088.91,4085.93,4088.52,198
2025-10-23 09:31:00,4088.52,4089.0,4085.0,4085.29,195
2025-10-23 09:32:00,4085.16,4086.51,4084.38,4085.08,195
2025-10-23 09:33:00,4085.09,4088.51,4084.11,4087.54,189
2025-10-23 09:34:00,4087.5,4089.79,4087.15,4088.03,173
2025-10-23 09:35:00,4088.01,4089.16,4087.2,4088.8,172
2025-10-23 09:36:00,4088.83,4088.83,4086.22,4086.53,160
2025-10-23 09:37:00,4086.52,4088.61,4086.43,4088.55,191
2025-10-23 09:38:00,4088.61,4089.19,4086.9,4087.54,171
2025-10-23 09:39:00,4087.66,4088.62,4087.06,4087.54,162
2025-10-23 09:40:00,4087.76,4091.39,4087.24,4089.12,198
2025-10-23 09:41:00,4089.13,4091.55,4087.03,4087.31,209
2025-10-23 09:42:00,4087.53,4087.54,4085.96,4087.08,141
2025-10-23 09:43:00,4086.85,4087.54,4082.61,4082.78,158
2025-10-23 09:44:00,4082.69,4083.72,4081.41,4082.06,176
2025-10-23 09:45:00,4082.05,4082.13,4078.05,4081.2,211
2025-10-23 09:46:00,4081.24,4086.59,4081.24,4086.59,214
2025-10-23 09:47:00,4086.39,4087.15,4084.59,4085.82,184
2025-10-23 09:48:00,4085.89,4085.89,4081.93,4081.93,161
2025-10-23 09:49:00,4081.8,4083.55,4080.2,4080.2,187
2025-10-23 09:50:00,4080.35,4083.08,4080.35,4081.69,173
2025-10-23 09:51:00,4081.61,4082.2,4079.97,4080.38,160
2025-10-23 09:52:00,4080.35,4081.53,4078.9,4079.99,194
2025-10-23 09:53:00,4079.87,4080.91,4079.18,4079.29,143
2025-10-23 09:54:00,4079.28,4080.16,4078.57,4078.67,132
2025-10-23 09:55:00,4078.51,4079.52,4076.3,4076.52,194
2025-10-23 09:56:00,4076.48,4077.66,4075.79,4077.38,175
2025-10-23 09:57:00,4077.3,4077.33,4075.62,4076.2,136
2025-10-23 09:58:00,4076.19,4077.41,4075.61,4076.44,124
2025-10-23 09:59:00,4076.45,4077.27,4072.82,4073.04,168
2025-10-23 10:00:00,4073.13,4075.48,4071.96,4072.82,184
2025-10-23 10:01:00,4072.83,4076.22,4072.35,4076.22,167
2025-10-23 10:02:00,4076.21,4076.37,4073.86,4075.26,164
2025-10-23 10:03:00,4075.49,4076.97,4075.18,4076.03,119
2025-10-23 10:04:00,4076.04,4078.45,4075.35,4076.74,154
2025-10-23 10:05:00,4076.73,4078.31,4076.58,4077.52,142
2025-10-23 10:06:00,4077.53,4078.66,4077.28,4078.38,155
2025-10-23 10:07:00,4078.35,4078.89,4077.44,4078.7,97
2025-10-23 10:08:00,4078.77,4079.04,4076.88,4077.34,113
2025-10-23 10:09:00,4077.35,4078.35,4077.33,4077.33,110
2025-10-23 10:10:00,4077.17,4078.97,4076.97,4077.45,149
2025-10-23 10:11:00,4077.46,4078.45,4075.77,4075.77,139
2025-10-23 10:12:00,4075.79,4078.19,4074.73,4077.94,191
2025-10-23 10:13:00,4077.91,4078.18,4076.0,4076.11,142
2025-10-23 10:14:00,4075.71,4076.04,4074.86,4075.73,127
2025-10-23 10:15:00,4075.69,4075.89,4074.42,4075.32,132
2025-10-23 10:16:00,4075.33,4076.79,4074.33,4074.83,139
2025-10-23 10:17:00,4074.83,4077.74,4074.4,4075.36,136
2025-10-23 10:18:00,4075.4,4075.46,4072.43,4073.57,150
2025-10-23 10:19:00,4074.19,4076.21,4073.61,4074.79,130
2025-10-23 10:20:00,4074.68,4075.04,4073.15,4074.25,141
2025-10-23 10:21:00,4074.27,4077.76,4073.78,4077.33,149
2025-10-23 10:22:00,4077.32,4078.41,4076.81,4077.58,126
2025-10-23 10:23:00,4077.6,4079.63,4077.2,4079.61,111
2025-10-23 10:24:00,4079.47,4080.17,4078.05,4078.84,125
2025-10-23 10:25:00,4078.9,4082.94,4078.9,4082.61,134
2025-10-23 10:26:00,4082.59,4084.07,4082.57,4084.0,139
2025-10-23 10:27:00,4084.04,4084.35,4082.94,4084.05,113
2025-10-23 10:28:00,4083.87,4084.98,4082.05,4082.4,107
2025-10-23 10:29:00,4082.28,4082.62,4081.03,4081.03,139
2025-10-23 10:30:00,4081.05,4082.3,4079.58,4080.2,188
2025-10-23 10:31:00,4080.21,4083.7,4080.21,4082.2,205
2025-10-23 10:32:00,4082.18,4084.08,4081.85,4083.3,211
2025-10-23 10:33:00,4083.29,4084.51,4083.02,4083.82,183
2025-10-23 10:34:00,4083.82,4083.82,4081.58,4081.7,155
2025-10-23 10:35:00,4081.89,4083.85,4081.54,4083.52,161
2025-10-23 10:36:00,4083.48,4084.3,4082.78,4083.15,168
2025-10-23 10:37:00,4083.17,4084.62,4081.7,4081.7,137
2025-10-23 10:38:00,4081.35,4083.46,4081.35,4082.53,135
2025-10-23 10:39:00,4082.57,4082.77,4079.84,4080.04,127
2025-10-23 10:40:00,4079.81,4079.82,4077.12,4077.54,126
2025-10-23 10:41:00,4077.57,4078.64,4076.86,4077.24,117
2025-10-23 10:42:00,4077.23,4079.12,4076.56,4078.79,131
2025-10-23 10:43:00,4078.78,4079.67,4077.59,4078.64,159
2025-10-23 10:44:00,4078.59,4079.98,4077.65,4079.75,155
2025-10-23 10:45:00,4079.77,4080.41,4078.85,4080.04,114
2025-10-23 10:46:00,4079.98,4083.0,4079.98,4082.81,139
2025-10-23 10:47:00,4082.74,4084.44,4081.55,4084.44,96
2025-10-23 10:48:00,4084.39,4084.39,4082.2,4082.53,135
2025-10-23 10:49:00,4082.46,4084.38,4082.2,4083.43,132
2025-10-23 10:50:00,4083.44,4083.98,4082.02,4082.33,135
2025-10-23 10:51:00,4082.34,4083.52,4082.06,4082.87,137
2025-10-23 10:52:00,4083.0,4083.52,4082.73,4083.41,136
2025-10-23 10:53:00,4083.54,4083.66,4080.7,4080.7,109
2025-10-23 10:54:00,4080.71,4081.06,4080.0,4081.01,89
2025-10-23 10:55:00,4080.9,4082.71,4080.75,4081.77,150
2025-10-23 10:56:00,4081.74,4082.83,4081.37,4081.87,106
2025-10-23 10:57:00,4081.81,4083.08,4081.2,4081.5,137
2025-10-23 10:58:00,4081.5,4083.11,4081.47,4083.06,100
2025-10-23 10:59:00,4083.07,4085.4,4082.16,4082.41,132
2025-10-23 11:00:00,4082.53,4083.69,4080.28,4080.28,160
2025-10-23 11:01:00,4080.28,4082.41,4078.23,4078.55,155
2025-10-23 11:02:00,4078.53,4082.2,4077.98,4082.16,168
2025-10-23 11:03:00,4082.2,4083.84,4082.16,4082.76,162
2025-10-23 11:04:00,4083.09,4084.15,4082.02,4082.78,151
2025-10-23 11:05:00,4082.76,4083.93,4082.41,4083.62,122
2025-10-23 11:06:00,4083.69,4084.28,4083.35,4084.28,149
2025-10-23 11:07:00,4084.66,4085.46,4083.65,4083.93,117
2025-10-23 11:08:00,4083.91,4085.33,4083.68,4084.1,132
2025-10-23 11:09:00,4084.14,4085.23,4083.86,4085.07,137
2025-10-23 11:10:00,4085.08,4085.18,4083.92,4084.08,101
2025-10-23 11:11:00,4084.1,4085.43,4084.1,4084.52,138
2025-10-23 11:12:00,4084.45,4086.01,4084.0,4084.91,120
2025-10-23 11:13:00,4084.89,4085.91,4084.49,4085.81,146
2025-10-23 11:14:00,4085.8,4088.58,4085.8,4088.58,122
2025-10-23 11:15:00,4088.9,4090.08,4088.7,4089.97,187
2025-10-23 11:16:00,4090.04,4091.35,4089.97,4091.19,181
2025-10-23 11:17:00,4091.16,4093.81,4090.62,4093.38,201
2025-10-23 11:18:00,4093.36,4095.59,4093.35,4094.53,154
2025-10-23 11:19:00,4094.95,4096.43,4094.5,4095.92,151
2025-10-23 11:20:00,4095.8,4097.37,4094.92,4097.37,199
2025-10-23 11:21:00,4097.31,4097.89,4095.65,4097.89,169
2025-10-23 11:22:00,4097.89,4098.03,4096.16,4096.42,136
2025-10-23 11:23:00,4096.41,4100.05,4096.41,4099.85,125
2025-10-23 11:24:00,4099.84,4100.17,4098.48,4099.55,135
2025-10-23 11:25:00,4099.61,4100.49,4098.83,4100.02,165
2025-10-23 11:26:00,4099.97,4100.48,4099.28,4099.99,125
2025-10-23 11:27:00,4099.96,4100.04,4096.99,4096.99,142
2025-10-23 11:28:00,4097.14,4097.4,4095.68,4096.16,129
2025-10-23 11:29:00,4095.99,4096.52,4095.29,4095.35,137
2025-10-23 11:30:00,4095.57,4096.09,4093.22,4094.38,116
2025-10-23 11:31:00,4093.97,4095.2,4093.46,4093.62,115
2025-10-23 11:32:00,4093.63,4093.71,4091.53,4091.69,132
2025-10-23 11:33:00,4091.71,4093.82,4091.6,4092.31,118
2025-10-23 11:34:00,4092.42,4092.49,4090.11,4090.81,133
2025-10-23 11:35:00,4090.75,4091.79,4089.84,4090.21,131
2025-10-23 11:36:00,4090.19,4093.62,4089.97,4092.99,144
2025-10-23 11:37:00,4092.89,4094.12,4092.51,4093.14,101
2025-10-23 11:38:00,4092.7,4093.36,4092.08,4093.19,114
2025-10-23 11:39:00,4093.15,4094.17,4092.95,4093.63,117
2025-10-23 11:40:00,4093.62,4094.95,4093.47,4094.65,91
2025-10-23 11:41:00,4094.64,4095.08,4093.16,4093.71,86
2025-10-23 11:42:00,4093.7,4093.95,4091.81,4091.93,112
2025-10-23 11:43:00,4091.94,4092.57,4091.78,4092.43,107
2025-10-23 11:44:00,4092.45,4093.48,4091.87,4093.48,98
2025-10-23 11:45:00,4093.54,4094.09,4092.97,4093.09,81
2025-10-23 11:46:00,4093.01,4094.33,4092.15,4092.27,91
2025-10-23 11:47:00,4092.24,4092.31,4090.53,4091.31,122
2025-10-23 11:48:00,4091.44,4093.04,4091.15,4092.58,103
2025-10-23 11:49:00,4092.47,4092.81,4091.79,4092.34,72
2025-10-23 11:50:00,4092.38,4092.42,4091.1,4091.25,99
2025-10-23 11:51:00,4091.48,4091.97,4091.1,4091.55,81
2025-10-23 11:52:00,4091.61,4091.64,4091.17,4091.51,65
2025-10-23 11:53:00,4091.43,4091.47,4090.88,4090.95,90
2025-10-23 11:54:00,4090.82,4090.84,4090.14,4090.36,121
2025-10-23 11:55:00,4090.33,4092.53,4090.28,4092.05,104
2025-10-23 11:56:00,4092.13,4092.13,4091.19,4091.53,73
2025-10-23 11:57:00,4091.48,4092.34,4091.38,4092.15,64
2025-10-23 11:58:00,4092.13,4092.13,4091.2,4091.87,47
2025-10-23 11:59:00,4092.03,4092.05,4091.26,4091.26,64
2025-10-23 12:00:00,4091.27,4091.93,4091.03,4091.47,63
2025-10-23 12:01:00,4091.48,4091.52,4090.62,4090.63,59
2025-10-23 12:02:00,4090.62,4091.17,4089.97,4090.25,77
2025-10-23 12:03:00,4090.27,4091.41,4089.44,4090.72,106
2025-10-23 12:04:00,4090.72,4090.83,4090.23,4090.62,71
2025-10-23 12:05:00,4090.67,4091.22,4090.09,4090.14,49
2025-10-23 12:06:00,4090.24,4090.67,4090.07,4090.56,67
2025-10-23 12:07:00,4090.55,4091.01,4089.03,4090.61,107
2025-10-23 12:08:00,4090.55,4091.0,4088.58,4088.58,92
2025-10-23 12:09:00,4088.41,4088.41,4087.72,4087.77,102
2025-10-23 12:10:00,4087.77,4089.93,4087.65,4089.15,81
2025-10-23 12:11:00,4089.11,4089.14,4087.75,4087.76,80
2025-10-23 12:12:00,4087.79,4088.84,4087.57,4088.62,80
2025-10-23 12:13:00,4088.69,4090.87,4088.3,4090.47,102
2025-10-23 12:14:00,4090.36,4091.9,4090.33,4091.5,88
2025-10-23 12:15:00,4091.43,4092.93,4090.25,4091.01,97
2025-10-23 12:16:00,4091.08,4092.27,4089.8,4090.61,111
2025-10-23 12:17:00,4090.51,4090.6,4089.78,4090.38,86
2025-10-23 12:18:00,4090.3,4090.33,4089.34,4089.44,50
2025-10-23 12:19:00,4089.48,4089.53,4087.42,4087.42,72
2025-10-23 12:20:00,4087.41,4087.92,4086.78,4087.34,65
2025-10-23 12:21:00,4087.3,4087.3,4084.68,4084.68,79
2025-10-23 12:22:00,4084.41,4084.64,4083.07,4083.93,127
2025-10-23 12:23:00,4083.92,4085.29,4083.64,4084.88,93
2025-10-23 12:24:00,4084.92,4086.05,4084.45,4085.1,78
2025-10-23 12:25:00,4085.09,4085.93,4083.59,4083.59,92
2025-10-23 12:26:00,4083.57,4083.62,4080.58,4081.27,138
2025-10-23 12:27:00,4081.35,4082.4,4079.77,4082.4,124
2025-10-23 12:28:00,4082.52,4083.37,4082.09,4083.36,85
2025-10-23 12:29:00,4084.87,4085.15,4084.34,4084.56,86
2025-10-23 12:30:00,4084.62,4084.83,4083.61,4084.11,66
2025-10-23 12:31:00,4083.86,4084.69,4083.86,4084.66,61
2025-10-23 12:32:00,4084.28,4084.73,4083.47,4083.48,76
2025-10-23 12:33:00,4083.8,4083.98,4082.58,4083.85,93
2025-10-23 12:34:00,4083.73,4087.6,4083.58,4087.4,115
2025-10-23 12:35:00,4087.37,4087.5,4086.62,4087.13,65
2025-10-23 12:36:00,4087.14,4088.78,4087.03,4088.41,100
2025-10-23 12:37:00,4088.44,4090.18,4087.62,4087.62,111
2025-10-23 12:38:00,4087.63,4087.63,4086.81,4086.93,102
2025-10-23 12:39:00,4086.8,4087.56,4086.8,4087.5,67
2025-10-23 12:40:00,4087.58,4087.71,4085.96,4086.69,102
2025-10-23 12:41:00,4086.72,4086.83,4085.52,4085.57,59
2025-10-23 12:42:00,4085.56,4087.63,4085.39,4087.62,64
2025-10-23 12:43:00,4087.79,4088.5,4087.57,4088.26,56
2025-10-23 12:44:00,4088.2,4088.2,4086.78,4087.59,54
2025-10-23 12:45:00,4087.61,4087.61,4086.81,4087.21,37
2025-10-23 12:46:00,4087.25,4087.25,4086.51,4086.93,63
2025-10-23 12:47:00,4086.94,4087.99,4086.92,4087.88,43
2025-10-23 12:48:00,4087.85,4090.25,4087.85,4090.2,85
2025-10-23 12:49:00,4090.17,4090.49,4089.49,4090.27,79
2025-10-23 12:50:00,4090.29,4091.17,4090.09,4090.3,72
2025-10-23 12:51:00,4090.41,4090.76,4089.08,4089.47,79
2025-10-23 12:52:00,4089.52,4089.83,4086.73,4088.92,115
2025-10-23 12:53:00,4088.94,4089.65,4087.63,4089.59,126
2025-10-23 12:54:00,4089.34,4090.1,4088.74,4089.89,94
2025-10-23 12:55:00,4089.92,4091.37,4089.63,4090.29,117
2025-10-23 12:56:00,4090.28,4090.93,4088.96,4089.73,110
2025-10-23 12:57:00,4089.71,4089.97,4088.39,4089.72,104
2025-10-23 12:58:00,4089.78,4091.1,4089.25,4089.92,143
2025-10-23 12:59:00,4089.4,4090.68,4088.56,4089.49,172
2025-10-23 13:00:00,4089.47,4091.05,4089.38,4089.51,110
2025-10-23 13:01:00,4089.52,4091.27,4088.62,4090.11,111
2025-10-23 13:02:00,4090.13,4090.77,4089.41,4090.75,101
2025-10-23 13:03:00,4090.64,4091.31,4089.72,4090.14,106
2025-10-23 13:04:00,4090.07,4090.74,4089.68,4090.26,93
2025-10-23 13:05:00,4090.31,4091.97,4089.78,4090.44,94
2025-10-23 13:06:00,4090.85,4091.37,4090.37,4091.11,100
2025-10-23 13:07:00,4091.22,4092.91,4089.99,4092.73,113
2025-10-23 13:08:00,4092.75,4092.75,4091.49,4092.12,99
2025-10-23 13:09:00,4092.11,4092.51,4090.99,4092.48,114
2025-10-23 13:10:00,4092.48,4092.67,4088.67,4088.83,109
2025-10-23 13:11:00,4088.96,4093.42,4088.96,4092.79,107
2025-10-23 13:12:00,4092.8,4093.2,4091.94,4092.54,106
2025-10-23 13:13:00,4092.55,4094.02,4090.98,4091.38,118
2025-10-23 13:14:00,4091.56,4091.58,4090.87,4091.08,100
2025-10-23 13:15:00,4091.11,4091.7,4090.69,4091.61,85
2025-10-23 13:16:00,4091.65,4091.85,4090.81,4091.84,89
2025-10-23 13:17:00,4091.62,4091.76,4091.01,4091.07,70
2025-10-23 13:18:00,4091.08,4091.58,4089.78,4089.78,97
2025-10-23 13:19:00,4089.8,4090.46,4088.99,4089.09,79
2025-10-23 13:20:00,4089.14,4089.37,4086.84,4087.11,137
2025-10-23 13:21:00,4087.07,4088.24,4086.01,4086.79,125
2025-10-23 13:22:00,4086.87,4086.99,4084.83,4085.31,140
2025-10-23 13:23:00,4085.34,4086.55,4084.38,4085.38,126
2025-10-23 13:24:00,4085.3,4086.04,4085.29,4085.71,76
2025-10-23 13:25:00,4085.7,4086.69,4084.61,4086.55,102
2025-10-23 13:26:00,4086.5,4086.5,4084.07,4084.8,81
2025-10-23 13:27:00,4084.78,4087.7,4084.67,4087.64,101
2025-10-23 13:28:00,4087.65,4088.57,4087.65,4088.51,94
2025-10-23 13:29:00,4088.42,4089.76,4088.26,4089.71,85
2025-10-23 13:30:00,4089.74,4092.51,4089.48,4090.13,185
2025-10-23 13:31:00,4089.68,4092.59,4088.8,4092.46,189
2025-10-23 13:32:00,4092.83,4098.22,4092.45,4097.41,217
2025-10-23 13:33:00,4097.31,4098.49,4095.46,4096.25,167
2025-10-23 13:34:00,4096.18,4096.72,4094.53,4094.53,124
2025-10-23 13:35:00,4094.49,4094.53,4090.98,4092.25,168
2025-10-23 13:36:00,4092.28,4092.47,4090.64,4091.95,111
2025-10-23 13:37:00,4091.8,4093.9,4091.8,4093.9,149
2025-10-23 13:38:00,4093.89,4095.8,4093.89,4094.75,142
2025-10-23 13:39:00,4094.64,4095.17,4092.3,4093.61,156
2025-10-23 13:40:00,4093.6,4093.89,4091.11,4091.11,132
2025-10-23 13:41:00,4091.12,4095.12,4091.02,4094.6,141
2025-10-23 13:42:00,4094.76,4095.78,4094.61,4095.17,117
2025-10-23 13:43:00,4095.18,4095.93,4095.0,4095.14,97
2025-10-23 13:44:00,4095.18,4097.21,4094.71,4096.87,108
2025-10-23 13:45:00,4096.79,4099.57,4096.7,4099.57,128
2025-10-23 13:46:00,4099.59,4099.65,4097.19,4097.42,119
2025-10-23 13:47:00,4097.34,4098.53,4097.28,4098.26,73
2025-10-23 13:48:00,4097.86,4098.78,4097.72,4098.64,79
2025-10-23 13:49:00,4098.71,4099.51,4098.44,4098.95,95
2025-10-23 13:50:00,4098.99,4099.34,4098.54,4099.18,89
2025-10-23 13:51:00,4099.27,4099.27,4098.49,4098.81,87
2025-10-23 13:52:00,4098.85,4101.06,4098.78,4100.08,118
2025-10-23 13:53:00,4099.88,4102.96,4098.98,4102.95,150
2025-10-23 13:54:00,4102.85,4105.99,4102.5,4105.84,145
2025-10-23 13:55:00,4105.84,4106.66,4105.12,4106.16,161
2025-10-23 13:56:00,4105.93,4108.52,4105.85,4108.4,151
2025-10-23 13:57:00,4108.32,4110.21,4107.84,4108.94,155
2025-10-23 13:58:00,4108.99,4109.74,4108.55,4109.49,163
2025-10-23 13:59:00,4109.54,4110.51,4108.88,4110.48,93
2025-10-23 14:00:00,4110.49,4116.85,4110.49,4116.38,234
2025-10-23 14:01:00,4116.53,4116.75,4114.4,4115.27,181
2025-10-23 14:02:00,4115.33,4116.35,4112.47,4112.94,183
2025-10-23 14:03:00,4113.08,4116.24,4112.99,4115.95,160
2025-10-23 14:04:00,4116.0,4125.12,4115.69,4122.85,239
2025-10-23 14:05:00,4122.82,4125.63,4120.88,4123.13,225
2025-10-23 14:06:00,4123.15,4127.35,4121.89,4124.84,233
2025-10-23 14:07:00,4124.36,4125.3,4121.27,4125.09,224
2025-10-23 14:08:00,4124.97,4125.92,4122.78,4123.29,201
2025-10-23 14:09:00,4123.47,4127.88,4123.47,4126.97,223
2025-10-23 14:10:00,4127.03,4131.8,4126.85,4128.95,222
2025-10-23 14:11:00,4129.06,4131.67,4127.2,4129.99,217
2025-10-23 14:12:00,4130.25,4132.08,4127.42,4131.47,226
2025-10-23 14:13:00,4132.09,4133.29,4130.07,4132.78,251
2025-10-23 14:14:00,4132.77,4137.67,4129.89,4129.89,251
2025-10-23 14:15:00,4129.55,4132.34,4128.57,4131.19,224
2025-10-23 14:16:00,4131.07,4131.71,4128.42,4130.41,210
2025-10-23 14:17:00,4130.39,4130.94,4128.53,4128.9,188
2025-10-23 14:18:00,4128.91,4132.25,4128.91,4132.16,201
2025-10-23 14:19:00,4132.62,4132.62,4124.32,4125.04,218
2025-10-23 14:20:00,4125.03,4125.76,4122.03,4123.67,212
2025-10-23 14:21:00,4123.78,4124.32,4120.86,4122.0,189
2025-10-23 14:22:00,4121.86,4124.79,4121.48,4124.13,199
2025-10-23 14:23:00,4123.7,4124.53,4121.23,4121.56,188
2025-10-23 14:24:00,4121.47,4127.39,4120.9,4126.72,195
2025-10-23 14:25:00,4126.73,4129.54,4126.08,4127.4,231
2025-10-23 14:26:00,4127.43,4127.96,4125.01,4125.96,206
2025-10-23 14:27:00,4126.09,4126.95,4123.83,4124.93,210
2025-10-23 14:28:00,4124.91,4126.33,4124.65,4125.99,201
2025-10-23 14:29:00,4125.95,4129.14,4124.75,4125.57,228
2025-10-23 14:30:00,4125.35,4127.3,4124.99,4126.59,195
2025-10-23 14:31:00,4126.74,4127.54,4122.26,4124.86,185
2025-10-23 14:32:00,4124.81,4124.81,4120.4,4120.93,199
2025-10-23 14:33:00,4121.12,4123.01,4119.84,4120.58,202
2025-10-23 14:34:00,4120.54,4122.74,4120.2,4121.25,167
2025-10-23 14:35:00,4121.1,4122.92,4120.51,4121.23,178
2025-10-23 14:36:00,4121.3,4122.16,4120.32,4121.18,160
2025-10-23 14:37:00,4120.81,4121.24,4118.11,4119.2,183
2025-10-23 14:38:00,4119.28,4121.2,4117.24,4117.61,205
2025-10-23 14:39:00,4117.58,4118.29,4113.45,4113.58,205
2025-10-23 14:40:00,4113.58,4117.99,4113.17,4117.99,187
2025-10-23 14:41:00,4118.03,4118.78,4114.36,4114.7,202
2025-10-23 14:42:00,4114.69,4117.2,4114.64,4116.26,169
2025-10-23 14:43:00,4116.46,4120.62,4115.98,4120.4,177
2025-10-23 14:44:00,4120.75,4123.63,4119.61,4122.61,215
2025-10-23 14:45:00,4122.54,4124.4,4122.06,4122.62,214
2025-10-23 14:46:00,4122.48,4123.31,4119.8,4120.3,182
2025-10-23 14:47:00,4120.41,4121.49,4118.87,4119.2,179
2025-10-23 14:48:00,4119.13,4120.28,4117.86,4117.94,199
2025-10-23 14:49:00,4117.93,4119.97,4117.53,4117.75,180
2025-10-23 14:50:00,4118.28,4118.44,4116.53,4118.21,162
2025-10-23 14:51:00,4118.0,4118.25,4113.93,4114.65,157
2025-10-23 14:52:00,4114.69,4119.71,4114.69,4119.65,167
2025-10-23 14:53:00,4119.29,4120.27,4116.51,4118.05,201
2025-10-23 14:54:00,4118.06,4119.98,4117.14,4117.32,197
2025-10-23 14:55:00,4117.24,4118.32,4115.33,4115.91,160
2025-10-23 14:56:00,4115.89,4116.14,4112.53,4113.85,154
2025-10-23 14:57:00,4113.32,4113.32,4111.97,4112.28,153
2025-10-23 14:58:00,4112.3,4113.24,4111.05,4112.06,151
2025-10-23 14:59:00,4112.04,4114.14,4111.19,4113.72,166
2025-10-23 15:00:00,4113.55,4114.89,4112.37,4113.72,212
2025-10-23 15:01:00,4113.71,4116.48,4113.31,4116.33,188
2025-10-23 15:02:00,4116.32,4116.86,4114.43,4115.59,145
2025-10-23 15:03:00,4115.58,4118.4,4114.93,4117.9,150
2025-10-23 15:04:00,4117.75,4120.89,4117.55,4120.53,172
2025-10-23 15:05:00,4120.56,4120.98,4118.11,4119.26,170
2025-10-23 15:06:00,4119.35,4120.14,4117.07,4117.8,161
2025-10-23 15:07:00,4117.74,4117.74,4114.63,4115.84,147
2025-10-23 15:08:00,4115.9,4117.31,4115.5,4115.57,121
2025-10-23 15:09:00,4115.4,4116.84,4114.65,4115.09,158
2025-10-23 15:10:00,4115.24,4115.62,4114.86,4115.55,137
2025-10-23 15:11:00,4115.56,4117.67,4115.5,4116.8,132
2025-10-23 15:12:00,4116.83,4116.9,4115.54,4116.27,96
2025-10-23 15:13:00,4116.36,4117.03,4114.06,4114.16,140
2025-10-23 15:14:00,4114.17,4115.08,4113.79,4114.46,115
2025-10-23 15:15:00,4114.41,4116.26,4113.47,4114.46,149
2025-10-23 15:16:00,4114.48,4117.83,4114.38,4117.32,140
2025-10-23 15:17:00,4117.13,4117.5,4115.29,4116.01,125
2025-10-23 15:18:00,4115.98,4117.6,4115.0,4116.71,159
2025-10-23 15:19:00,4116.72,4119.84,4116.71,4119.84,150
2025-10-23 15:20:00,4119.66,4120.36,4118.52,4118.89,165
2025-10-23 15:21:00,4118.8,4118.8,4116.79,4117.29,165
2025-10-23 15:22:00,4117.38,4119.2,4116.53,4116.85,165
2025-10-23 15:23:00,4116.76,4118.05,4115.7,4117.66,193
2025-10-23 15:24:00,4118.13,4118.29,4115.9,4117.98,154
2025-10-23 15:25:00,4118.17,4119.65,4114.28,4114.8,191
2025-10-23 15:26:00,4114.88,4117.18,4114.88,4115.65,154
2025-10-23 15:27:00,4115.81,4117.36,4115.7,4116.39,179
2025-10-23 15:28:00,4116.4,4117.48,4114.57,4116.32,165
2025-10-23 15:29:00,4116.31,4116.46,4115.33,4115.43,92
2025-10-23 15:30:00,4115.45,4115.6,4113.66,4113.83,151
2025-10-23 15:31:00,4113.82,4115.4,4112.89,4114.15,159
2025-10-23 15:32:00,4114.21,4115.19,4113.63,4114.85,112
2025-10-23 15:33:00,4114.87,4114.87,4112.74,4113.22,130
2025-10-23 15:34:00,4113.19,4113.32,4110.87,4111.3,130
2025-10-23 15:35:00,4111.31,4111.47,4100.19,4100.61,251
2025-10-23 15:36:00,4101.14,4102.74,4097.68,4098.45,228
2025-10-23 15:37:00,4098.82,4098.91,4092.07,4095.28,239
2025-10-23 15:38:00,4095.27,4098.69,4094.63,4098.67,196
2025-10-23 15:39:00,4098.88,4102.58,4098.74,4100.1,215
2025-10-23 15:40:00,4100.09,4101.93,4096.37,4096.47,216
2025-10-23 15:41:00,4096.54,4103.32,4096.54,4103.03,219
2025-10-23 15:42:00,4103.0,4107.57,4103.0,4106.42,204
2025-10-23 15:43:00,4106.38,4106.81,4104.2,4105.91,165
2025-10-23 15:44:00,4105.69,4106.33,4102.41,4102.79,171
2025-10-23 15:45:00,4103.12,4104.82,4100.79,4104.47,182
2025-10-23 15:46:00,4104.49,4104.91,4103.99,4104.34,129
2025-10-23 15:47:00,4104.39,4104.88,4101.92,4102.45,163
2025-10-23 15:48:00,4102.47,4103.61,4101.16,4103.55,180
2025-10-23 15:49:00,4103.52,4104.36,4100.46,4101.47,169
2025-10-23 15:50:00,4101.88,4102.29,4099.68,4100.65,163
2025-10-23 15:51:00,4100.68,4101.71,4096.55,4096.71,198
2025-10-23 15:52:00,4096.82,4100.74,4096.66,4100.66,164
2025-10-23 15:53:00,4100.69,4101.38,4100.07,4100.69,159
2025-10-23 15:54:00,4100.65,4101.03,4099.49,4100.08,128
2025-10-23 15:55:00,4100.34,4100.42,4096.92,4097.13,160
2025-10-23 15:56:00,4097.18,4098.97,4095.04,4095.04,181
2025-10-23 15:57:00,4095.02,4097.49,4095.02,4096.51,188
2025-10-23 15:58:00,4096.5,4098.67,4095.01,4096.05,182
2025-10-23 15:59:00,4096.0,4096.43,4093.89,4094.14,199
2025-10-23 16:00:00,4094.79,4099.4,4094.62,4099.17,222
2025-10-23 16:01:00,4099.37,4099.82,4098.28,4099.65,181
2025-10-23 16:02:00,4099.66,4102.31,4099.51,4100.95,242
2025-10-23 16:03:00,4100.93,4108.01,4100.88,4106.89,224
2025-10-23 16:04:00,4106.72,4108.72,4103.61,4108.72,202
2025-10-23 16:05:00,4108.7,4112.42,4107.13,4112.16,196
2025-10-23 16:06:00,4112.39,4114.61,4111.71,4112.93,191
2025-10-23 16:07:00,4113.0,4115.03,4112.84,4112.87,199
2025-10-23 16:08:00,4112.82,4113.27,4109.29,4111.32,212
2025-10-23 16:09:00,4110.94,4112.22,4110.17,4111.39,182
2025-10-23 16:10:00,4110.76,4112.7,4110.17,4110.17,157
2025-10-23 16:11:00,4110.39,4111.61,4109.65,4110.25,161
2025-10-23 16:12:00,4110.45,4111.8,4109.09,4110.14,175
2025-10-23 16:13:00,4110.1,4111.42,4109.0,4110.75,171
2025-10-23 16:14:00,4110.81,4112.6,4110.66,4110.86,149
2025-10-23 16:15:00,4111.32,4115.49,4110.92,4114.79,181
2025-10-23 16:16:00,4114.7,4117.02,4112.2,4113.45,218
2025-10-23 16:17:00,4113.48,4117.35,4113.13,4115.75,188
2025-10-23 16:18:00,4115.48,4116.3,4114.16,4114.58,149
2025-10-23 16:19:00,4114.26,4115.68,4113.68,4114.9,166
2025-10-23 16:20:00,4114.89,4115.73,4113.65,4115.24,136
2025-10-23 16:21:00,4115.22,4118.31,4114.85,4118.07,167
2025-10-23 16:22:00,4117.98,4118.95,4116.31,4116.92,150
2025-10-23 16:23:00,4116.89,4117.22,4114.3,4115.37,164
2025-10-23 16:24:00,4115.35,4115.7,4113.29,4113.67,183
2025-10-23 16:25:00,4113.7,4116.45,4112.38,4115.64,185
2025-10-23 16:26:00,4115.6,4115.62,4111.19,4111.21,166
2025-10-23 16:27:00,4111.23,4112.06,4110.65,4112.03,147
2025-10-23 16:28:00,4111.93,4113.76,4111.22,4113.38,146
2025-10-23 16:29:00,4113.39,4114.41,4113.38,4114.32,127
2025-10-23 16:30:00,4114.0,4114.8,4113.15,4114.52,120
2025-10-23 16:31:00,4114.63,4115.55,4114.45,4115.15,107
2025-10-23 16:32:00,4115.18,4115.18,4113.41,4114.18,99
2025-10-23 16:33:00,4114.16,4114.97,4113.06,4113.21,94
2025-10-23 16:34:00,4113.26,4115.34,4112.69,4112.77,111
2025-10-23 16:35:00,4112.35,4112.35,4110.72,4112.05,104
2025-10-23 16:36:00,4112.08,4112.08,4110.61,4110.63,99
2025-10-23 16:37:00,4110.65,4110.99,4110.1,4110.26,108
2025-10-23 16:38:00,4110.51,4111.02,4109.73,4109.89,92
2025-10-23 16:39:00,4109.87,4111.09,4109.87,4110.67,110
2025-10-23 16:40:00,4110.68,4111.49,4109.97,4109.97,85
2025-10-23 16:41:00,4110.01,4112.32,4109.99,4111.62,101
2025-10-23 16:42:00,4111.6,4111.79,4110.84,4111.18,79
2025-10-23 16:43:00,4110.88,4110.88,4108.59,4108.9,139
2025-10-23 16:44:00,4108.85,4112.11,4108.63,4111.24,137
2025-10-23 16:45:00,4111.53,4115.61,4111.53,4112.01,163
2025-10-23 16:46:00,4112.16,4113.6,4111.84,4112.67,146
2025-10-23 16:47:00,4112.57,4112.84,4111.73,4111.96,101
2025-10-23 16:48:00,4111.74,4113.5,4109.13,4113.24,127
2025-10-23 16:49:00,4113.26,4116.43,4113.14,4116.32,114
2025-10-23 16:50:00,4116.21,4118.58,4114.44,4114.44,146
2025-10-23 16:51:00,4114.43,4116.12,4113.34,4116.12,125
2025-10-23 16:52:00,4116.19,4116.34,4115.01,4115.03,90
2025-10-23 16:53:00,4115.13,4115.41,4113.65,4114.57,88
2025-10-23 16:54:00,4114.65,4114.65,4113.79,4114.18,84
2025-10-23 16:55:00,4114.22,4114.68,4113.51,4113.8,119
2025-10-23 16:56:00,4113.78,4114.55,4113.28,4114.24,90
2025-10-23 16:57:00,4114.22,4116.74,4113.81,4114.09,147
2025-10-23 16:58:00,4114.39,4116.05,4112.97,4115.05,109
2025-10-23 16:59:00,4114.84,4116.71,4114.82,4116.31,110
2025-10-23 17:00:00,4116.36,4118.43,4116.33,4118.09,105
2025-10-23 17:01:00,4118.11,4118.25,4116.0,4116.19,127
2025-10-23 17:02:00,4116.39,4116.68,4113.58,4116.07,122
2025-10-23 17:03:00,4115.99,4116.83,4115.0,4115.01,125
2025-10-23 17:04:00,4114.95,4115.28,4114.05,4114.41,112
2025-10-23 17:05:00,4114.22,4116.76,4113.29,4116.43,124
2025-10-23 17:06:00,4115.83,4115.83,4114.0,4115.34,75
2025-10-23 17:07:00,4115.01,4116.66,4115.01,4116.18,108
2025-10-23 17:08:00,4116.17,4121.06,4116.17,4120.98,140
2025-10-23 17:09:00,4120.92,4120.95,4114.9,4116.43,150
2025-10-23 17:10:00,4116.43,4116.43,4112.35,4112.4,171
2025-10-23 17:11:00,4112.38,4112.57,4111.13,4112.37,135
2025-10-23 17:12:00,4112.38,4114.03,4111.62,4114.02,95
2025-10-23 17:13:00,4114.04,4116.8,4113.97,4116.75,112
2025-10-23 17:14:00,4116.79,4119.0,4116.23,4118.52,123
2025-10-23 17:15:00,4118.61,4121.83,4118.4,4121.62,118
2025-10-23 17:16:00,4121.59,4122.63,4120.32,4121.37,165
2025-10-23 17:17:00,4121.29,4123.4,4121.29,4122.22,145
2025-10-23 17:18:00,4122.17,4123.33,4121.98,4122.8,89
2025-10-23 17:19:00,4122.78,4123.69,4122.63,4122.97,82
2025-10-23 17:20:00,4123.05,4123.38,4121.83,4122.59,129
2025-10-23 17:21:00,4122.61,4122.73,4118.71,4119.09,140
2025-10-23 17:22:00,4119.74,4119.75,4118.14,4119.39,152
2025-10-23 17:23:00,4119.41,4120.37,4117.7,4118.71,163
2025-10-23 17:24:00,4118.71,4119.41,4118.04,4119.11,126
2025-10-23 17:25:00,4119.11,4119.34,4117.62,4118.49,70
2025-10-23 17:26:00,4118.47,4120.1,4117.65,4119.31,98
2025-10-23 17:27:00,4119.32,4120.94,4119.04,4120.83,95
2025-10-23 17:28:00,4120.81,4122.05,4119.95,4121.09,106
2025-10-23 17:29:00,4121.01,4122.24,4121.01,4122.12,64
2025-10-23 17:30:00,4121.51,4124.19,4121.06,4124.18,101
2025-10-23 17:31:00,4124.07,4125.2,4123.53,4123.89,116
2025-10-23 17:32:00,4123.93,4125.39,4123.8,4125.39,116
2025-10-23 17:33:00,4125.4,4125.4,4121.46,4123.36,129
2025-10-23 17:34:00,4123.35,4123.95,4122.52,4122.54,103
2025-10-23 17:35:00,4122.39,4123.6,4121.22,4122.31,130
2025-10-23 17:36:00,4122.22,4122.45,4118.65,4120.39,157
2025-10-23 17:37:00,4120.34,4120.56,4118.66,4119.55,150
2025-10-23 17:38:00,4119.52,4121.83,4118.33,4120.07,155
2025-10-23 17:39:00,4119.78,4120.08,4119.11,4119.11,91
2025-10-23 17:40:00,4119.09,4119.68,4117.91,4117.92,106
2025-10-23 17:41:00,4117.88,4119.01,4116.64,4116.79,130
2025-10-23 17:42:00,4116.72,4116.91,4113.8,4114.0,148
2025-10-23 17:43:00,4114.02,4115.4,4113.96,4114.22,113
2025-10-23 17:44:00,4114.19,4114.67,4111.47,4114.26,145
2025-10-23 17:45:00,4114.35,4114.53,4111.39,4113.63,145
2025-10-23 17:46:00,4113.64,4117.72,4113.64,4117.29,185
2025-10-23 17:47:00,4117.29,4117.29,4115.68,4116.98,127
2025-10-23 17:48:00,4116.85,4117.0,4116.15,4116.69,94
2025-10-23 17:49:00,4116.77,4118.07,4116.13,4118.07,62
2025-10-23 17:50:00,4118.2,4118.53,4115.85,4118.28,116
2025-10-23 17:51:00,4118.27,4118.81,4117.1,4118.63,111
2025-10-23 17:52:00,4118.4,4120.52,4118.18,4120.31,101
2025-10-23 17:53:00,4120.08,4121.54,4119.94,4120.76,91
2025-10-23 17:54:00,4120.78,4121.61,4120.51,4121.2,73
2025-10-23 17:55:00,4121.31,4122.2,4120.95,4121.96,69
2025-10-23 17:56:00,4122.48,4124.05,4122.48,4123.37,79
2025-10-23 17:57:00,4123.47,4124.98,4123.47,4124.03,85
2025-10-23 17:58:00,4124.17,4124.22,4121.94,4122.03,76
2025-10-23 17:59:00,4122.26,4125.05,4121.52,4124.7,121
2025-10-23 18:00:00,4124.55,4125.49,4122.71,4124.38,135
2025-10-23 18:01:00,4124.25,4124.84,4122.99,4123.65,100
2025-10-23 18:02:00,4123.72,4124.94,4123.26,4123.47,78
2025-10-23 18:03:00,4123.5,4124.06,4122.11,4122.25,117
2025-10-23 18:04:00,4122.27,4123.4,4122.07,4122.37,90
2025-10-23 18:05:00,4122.46,4123.59,4121.12,4121.79,144
2025-10-23 18:06:00,4121.69,4122.13,4120.08,4121.14,127
2025-10-23 18:07:00,4121.02,4121.02,4119.62,4120.06,79
2025-10-23 18:08:00,4120.05,4120.11,4119.17,4119.17,51
2025-10-23 18:09:00,4119.24,4120.08,4118.57,4120.08,74
2025-10-23 18:10:00,4120.06,4120.13,4119.48,4119.48,46
2025-10-23 18:11:00,4119.46,4119.72,4118.56,4119.0,76
2025-10-23 18:12:00,4118.98,4118.98,4117.31,4117.62,98
2025-10-23 18:13:00,4117.56,4120.36,4117.53,4120.18,81
2025-10-23 18:14:00,4120.29,4122.83,4119.48,4121.34,108
2025-10-23 18:15:00,4121.35,4122.02,4119.93,4120.9,102
2025-10-23 18:16:00,4120.88,4121.63,4119.87,4120.11,97
2025-10-23 18:17:00,4120.64,4120.8,4119.62,4119.82,50
2025-10-23 18:18:00,4119.74,4119.91,4116.14,4119.73,155
2025-10-23 18:19:00,4119.86,4120.08,4118.75,4118.75,100
2025-10-23 18:20:00,4118.57,4119.42,4117.01,4118.31,129
2025-10-23 18:21:00,4118.33,4118.49,4116.76,4117.34,68
2025-10-23 18:22:00,4117.71,4118.14,4117.29,4117.48,65
2025-10-23 18:23:00,4117.49,4118.55,4116.54,4117.27,75
2025-10-23 18:24:00,4117.19,4117.79,4116.08,4117.57,89
2025-10-23 18:25:00,4117.48,4117.89,4116.39,4117.49,88
2025-10-23 18:26:00,4117.23,4120.33,4117.23,4120.26,124
2025-10-23 18:27:00,4120.16,4120.25,4118.25,4119.35,105
2025-10-23 18:28:00,4119.27,4120.19,4110.04,4112.45,195
2025-10-23 18:29:00,4112.37,4112.89,4109.03,4109.84,205
2025-10-23 18:30:00,4109.86,4111.42,4106.79,4111.42,215
2025-10-23 18:31:00,4111.41,4112.36,4109.46,4111.25,181
2025-10-23 18:32:00,4111.33,4111.4,4108.71,4110.33,170
2025-10-23 18:33:00,4110.56,4113.31,4110.17,4112.4,139
2025-10-23 18:34:00,4112.04,4114.96,4112.04,4112.87,148
2025-10-23 18:35:00,4112.75,4114.97,4112.75,4114.24,160
2025-10-23 18:36:00,4114.26,4117.22,4113.97,4116.79,127
2025-10-23 18:37:00,4117.17,4119.32,4116.52,4118.63,155
2025-10-23 18:38:00,4118.51,4118.76,4115.4,4115.74,158
2025-10-23 18:39:00,4115.9,4118.0,4115.61,4116.14,167
2025-10-23 18:40:00,4116.23,4117.54,4115.85,4116.74,76
2025-10-23 18:41:00,4116.79,4117.14,4115.36,4117.14,104
2025-10-23 18:42:00,4117.17,4117.77,4115.1,4115.19,82
2025-10-23 18:43:00,4115.18,4115.74,4112.63,4112.63,101
2025-10-23 18:44:00,4112.5,4112.5,4110.36,4110.38,155
2025-10-23 18:45:00,4109.92,4109.92,4104.91,4107.14,217
2025-10-23 18:46:00,4107.07,4107.98,4105.42,4106.42,142
2025-10-23 18:47:00,4106.44,4109.0,4105.47,4107.72,185
2025-10-23 18:48:00,4107.54,4111.65,4105.58,4111.63,198
2025-10-23 18:49:00,4111.64,4111.88,4108.57,4111.28,206
2025-10-23 18:50:00,4111.24,4112.98,4109.9,4110.78,169
2025-10-23 18:51:00,4110.69,4111.27,4107.84,4108.17,158
2025-10-23 18:52:00,4108.16,4109.24,4108.04,4109.24,109
2025-10-23 18:53:00,4108.82,4108.93,4104.9,4105.55,132
2025-10-23 18:54:00,4105.52,4106.01,4101.83,4105.54,196
2025-10-23 18:55:00,4105.52,4108.41,4105.46,4107.99,152
2025-10-23 18:56:00,4107.63,4107.73,4106.16,4107.41,136
2025-10-23 18:57:00,4107.4,4107.51,4105.79,4105.79,96
2025-10-23 18:58:00,4106.31,4108.33,4105.81,4108.08,151
2025-10-23 18:59:00,4108.11,4109.38,4106.97,4109.1,120
2025-10-23 19:00:00,4109.19,4112.43,4107.86,4112.14,165
2025-10-23 19:01:00,4112.17,4113.89,4111.74,4112.84,167
2025-10-23 19:02:00,4112.81,4116.56,4112.81,4116.09,143
2025-10-23 19:03:00,4116.15,4118.47,4115.79,4117.89,143
2025-10-23 19:04:00,4117.79,4120.86,4117.01,4117.79,176
2025-10-23 19:05:00,4117.69,4118.95,4117.25,4117.4,142
2025-10-23 19:06:00,4117.38,4117.38,4112.58,4116.83,214
2025-10-23 19:07:00,4116.82,4117.28,4112.66,4112.91,159
2025-10-23 19:08:00,4112.89,4114.92,4110.11,4114.92,183
2025-10-23 19:09:00,4114.9,4117.74,4114.02,4117.3,132
2025-10-23 19:10:00,4117.32,4117.73,4115.3,4117.22,128
2025-10-23 19:11:00,4117.12,4117.14,4115.19,4115.34,128
2025-10-23 19:12:00,4115.33,4116.76,4114.95,4115.54,97
2025-10-23 19:13:00,4115.53,4116.51,4114.7,4116.51,94
2025-10-23 19:14:00,4116.59,4116.79,4116.08,4116.47,86
2025-10-23 19:15:00,4116.5,4116.57,4115.79,4115.96,85
2025-10-23 19:16:00,4116.03,4116.65,4115.23,4115.77,85
2025-10-23 19:17:00,4115.77,4117.6,4114.87,4116.3,125
2025-10-23 19:18:00,4116.53,4118.09,4114.86,4115.2,145
2025-10-23 19:19:00,4115.27,4115.27,4113.32,4114.9,133
2025-10-23 19:20:00,4115.01,4115.44,4114.1,4114.1,109
2025-10-23 19:21:00,4114.04,4115.21,4112.16,4114.21,113
2025-10-23 19:22:00,4114.2,4114.2,4113.42,4113.42,88
2025-10-23 19:23:00,4113.34,4114.19,4111.97,4112.98,102
2025-10-23 19:24:00,4113.27,4114.28,4112.85,4114.23,124
2025-10-23 19:25:00,4114.07,4114.64,4112.0,4114.43,113
2025-10-23 19:26:00,4114.64,4115.63,4114.13,4114.35,120
2025-10-23 19:27:00,4114.18,4114.54,4112.95,4112.95,99
2025-10-23 19:28:00,4112.9,4113.53,4112.07,4113.05,111
2025-10-23 19:29:00,4113.07,4114.53,4112.86,4113.52,86
2025-10-23 19:30:00,4113.64,4113.85,4111.16,4111.71,140
2025-10-23 19:31:00,4111.81,4115.08,4111.01,4114.91,166
2025-10-23 19:32:00,4114.89,4115.82,4113.89,4114.68,140
2025-10-23 19:33:00,4114.57,4116.44,4113.58,4115.03,119
2025-10-23 19:34:00,4115.06,4115.07,4112.38,4112.93,166
2025-10-23 19:35:00,4112.92,4113.95,4112.2,4113.8,153
2025-10-23 19:36:00,4113.81,4116.99,4113.35,4113.39,178
2025-10-23 19:37:00,4113.39,4113.78,4110.58,4112.77,152
2025-10-23 19:38:00,4112.74,4113.52,4109.61,4112.02,180
2025-10-23 19:39:00,4112.12,4114.2,4112.12,4113.55,168
2025-10-23 19:40:00,4114.08,4114.91,4112.41,4114.81,165
2025-10-23 19:41:00,4114.88,4115.58,4113.44,4114.4,168
2025-10-23 19:42:00,4114.13,4116.39,4114.11,4116.24,77
2025-10-23 19:43:00,4116.25,4116.78,4115.18,4115.87,134
2025-10-23 19:44:00,4115.85,4116.2,4113.26,4114.18,98
2025-10-23 19:45:00,4114.15,4114.85,4113.11,4114.85,100
2025-10-23 19:46:00,4114.73,4115.65,4114.56,4115.19,98
2025-10-23 19:47:00,4115.49,4116.28,4113.99,4116.25,89
2025-10-23 19:48:00,4116.28,4117.7,4112.88,4114.35,147
2025-10-23 19:49:00,4114.37,4116.08,4114.22,4115.17,130
2025-10-23 19:50:00,4114.69,4116.58,4114.53,4116.24,94
2025-10-23 19:51:00,4116.25,4117.09,4114.55,4114.55,140
2025-10-23 19:52:00,4114.54,4117.25,4114.38,4117.11,83
2025-10-23 19:53:00,4117.11,4117.31,4114.87,4116.23,119
2025-10-23 19:54:00,4116.23,4116.43,4114.69,4115.29,142
2025-10-23 19:55:00,4115.42,4115.57,4114.0,4114.35,116
2025-10-23 19:56:00,4114.31,4114.36,4111.79,4111.91,117
2025-10-23 19:57:00,4111.9,4113.23,4110.29,4110.91,160
2025-10-23 19:58:00,4110.65,4112.39,4107.75,4112.23,191
2025-10-23 19:59:00,4112.43,4112.43,4109.4,4109.6,144
2025-10-23 20:00:00,4109.61,4111.6,4109.45,4111.51,208
2025-10-23 20:01:00,4111.43,4113.72,4111.43,4113.49,138
2025-10-23 20:02:00,4113.54,4116.04,4113.27,4113.33,139
2025-10-23 20:03:00,4113.61,4114.48,4113.13,4114.02,134
2025-10-23 20:04:00,4113.98,4114.49,4112.51,4113.51,134
2025-10-23 20:05:00,4113.52,4114.37,4113.12,4113.12,116
2025-10-23 20:06:00,4113.3,4113.99,4112.26,4113.67,144
2025-10-23 20:07:00,4113.79,4113.82,4112.21,4112.36,118
2025-10-23 20:08:00,4112.34,4113.07,4110.95,4112.0,107
2025-10-23 20:09:00,4111.98,4112.42,4109.66,4112.41,126
2025-10-23 20:10:00,4112.26,4113.11,4109.38,4109.38,132
2025-10-23 20:11:00,4109.42,4110.06,4108.34,4108.82,139
2025-10-23 20:12:00,4109.33,4109.51,4107.21,4107.23,136
2025-10-23 20:13:00,4107.24,4108.26,4106.58,4107.12,111
2025-10-23 20:14:00,4107.03,4107.03,4103.88,4104.98,152
2025-10-23 20:15:00,4105.36,4108.77,4104.43,4107.78,180
2025-10-23 20:16:00,4107.84,4108.91,4107.53,4107.96,157
2025-10-23 20:17:00,4108.21,4109.34,4107.78,4108.1,129
2025-10-23 20:18:00,4108.09,4110.07,4107.22,4107.99,151
2025-10-23 20:19:00,4107.98,4108.15,4105.04,4105.29,177
2025-10-23 20:20:00,4105.35,4106.92,4102.92,4104.63,183
2025-10-23 20:21:00,4104.6,4105.48,4102.39,4102.81,202
2025-10-23 20:22:00,4102.8,4104.83,4102.56,4103.19,169
2025-10-23 20:23:00,4103.2,4103.71,4100.18,4100.57,202
2025-10-23 20:24:00,4100.46,4102.89,4100.31,4101.51,143
2025-10-23 20:25:00,4101.44,4104.37,4101.39,4103.43,185
2025-10-23 20:26:00,4103.4,4105.98,4103.05,4105.21,137
2025-10-23 20:27:00,4105.26,4109.19,4105.26,4108.54,159
2025-10-23 20:28:00,4108.56,4109.77,4108.55,4109.26,137
2025-10-23 20:29:00,4109.24,4109.87,4108.84,4109.28,104
2025-10-23 20:30:00,4109.18,4115.5,4109.03,4115.11,169
2025-10-23 20:31:00,4114.84,4120.82,4114.84,4118.79,246
2025-10-23 20:32:00,4118.84,4120.16,4118.1,4118.85,194
2025-10-23 20:33:00,4118.88,4119.91,4117.71,4118.4,172
2025-10-23 20:34:00,4118.34,4119.39,4117.6,4118.51,152
2025-10-23 20:35:00,4118.63,4121.15,4118.28,4119.35,212
2025-10-23 20:36:00,4119.33,4120.07,4118.43,4119.1,182
2025-10-23 20:37:00,4119.06,4119.93,4118.57,4119.1,154
2025-10-23 20:38:00,4119.11,4119.99,4118.23,4119.94,142
2025-10-23 20:39:00,4119.95,4124.87,4119.95,4124.87,185
2025-10-23 20:40:00,4124.89,4127.99,4124.2,4126.58,228
2025-10-23 20:41:00,4126.67,4126.81,4124.6,4124.65,173
2025-10-23 20:42:00,4124.68,4126.05,4124.33,4125.53,150
2025-10-23 20:43:00,4125.55,4125.57,4119.2,4119.55,170
2025-10-23 20:44:00,4119.59,4119.8,4118.62,4118.89,175
2025-10-23 20:45:00,4118.93,4120.43,4118.93,4119.5,141
2025-10-23 20:46:00,4119.63,4120.33,4119.04,4120.28,108
2025-10-23 20:47:00,4120.31,4121.3,4119.19,4120.53,131
2025-10-23 20:48:00,4120.8,4123.55,4120.41,4123.29,146
2025-10-23 20:49:00,4123.27,4124.7,4122.74,4123.8,135
2025-10-23 20:50:00,4123.78,4125.09,4123.22,4124.8,113
2025-10-23 20:51:00,4124.81,4129.21,4124.44,4129.21,157
2025-10-23 20:52:00,4129.23,4129.29,4126.61,4127.3,144
2025-10-23 20:53:00,4127.49,4128.95,4125.87,4128.08,164
2025-10-23 20:54:00,4128.17,4128.94,4127.43,4128.0,157
2025-10-23 20:55:00,4128.06,4128.06,4126.49,4126.72,122
2025-10-23 20:56:00,4126.72,4128.68,4126.59,4127.92,133
2025-10-23 20:57:00,4127.87,4127.87,4124.24,4124.52,176
2025-10-23 20:58:00,4124.42,4125.89,4123.85,4125.54,161
2025-10-23 20:59:00,4125.49,4127.53,4125.22,4127.37,155
2025-10-23 21:00:00,4127.14,4131.1,4126.84,4130.35,229
2025-10-23 21:01:00,4130.6,4130.6,4127.08,4127.9,198
2025-10-23 21:02:00,4127.84,4128.68,4126.13,4126.88,211
2025-10-23 21:03:00,4126.7,4130.73,4126.33,4126.98,223
2025-10-23 21:04:00,4126.78,4129.78,4125.88,4129.29,199
2025-10-23 21:05:00,4129.34,4130.96,4128.34,4130.31,211
2025-10-23 21:06:00,4130.32,4135.26,4130.15,4133.71,228
2025-10-23 21:07:00,4133.61,4134.63,4131.85,4131.85,238
2025-10-23 21:08:00,4131.73,4135.24,4130.9,4134.69,239
2025-10-23 21:09:00,4134.51,4135.39,4132.43,4132.91,224
2025-10-23 21:10:00,4133.11,4136.0,4132.86,4135.01,199
2025-10-23 21:11:00,4134.98,4135.25,4133.07,4133.72,163
2025-10-23 21:12:00,4133.61,4135.67,4133.04,4134.01,190
2025-10-23 21:13:00,4134.0,4135.19,4133.37,4134.8,192
2025-10-23 21:14:00,4134.7,4136.6,4133.66,4135.52,222
2025-10-23 21:15:00,4135.24,4135.26,4131.13,4132.03,226
2025-10-23 21:16:00,4132.06,4136.16,4132.05,4134.92,161
2025-10-23 21:17:00,4134.65,4135.18,4131.6,4134.88,228
2025-10-23 21:18:00,4134.82,4141.15,4134.8,4140.05,234
2025-10-23 21:19:00,4140.03,4141.16,4139.44,4140.14,213
2025-10-23 21:20:00,4140.1,4143.74,4140.1,4143.1,229
2025-10-23 21:21:00,4143.11,4144.86,4142.08,4144.77,235
2025-10-23 21:22:00,4144.86,4145.27,4141.47,4141.81,225
2025-10-23 21:23:00,4141.87,4142.75,4140.3,4142.74,217
2025-10-23 21:24:00,4143.17,4147.18,4143.17,4146.81,202
2025-10-23 21:25:00,4146.77,4147.01,4145.24,4146.41,179
2025-10-23 21:26:00,4146.59,4148.49,4146.26,4148.37,171
2025-10-23 21:27:00,4148.3,4150.0,4147.43,4148.46,174
2025-10-23 21:28:00,4148.55,4149.31,4147.12,4148.5,192
2025-10-23 21:29:00,4148.71,4148.72,4146.01,4147.12,192
2025-10-23 21:30:00,4147.18,4147.64,4142.74,4144.28,259
2025-10-23 21:31:00,4144.15,4145.17,4139.93,4140.52,251
2025-10-23 21:32:00,4140.86,4142.26,4135.15,4135.15,250
2025-10-23 21:33:00,4135.17,4141.22,4132.46,4140.15,262
2025-10-23 21:34:00,4140.29,4142.03,4137.43,4140.08,246
2025-10-23 21:35:00,4140.11,4145.07,4139.67,4141.75,262
2025-10-23 21:36:00,4141.88,4144.3,4139.18,4140.28,239
2025-10-23 21:37:00,4140.96,4142.18,4136.65,4138.72,254
2025-10-23 21:38:00,4138.55,4140.22,4135.63,4140.17,219
2025-10-23 21:39:00,4140.25,4142.74,4140.12,4141.25,222
2025-10-23 21:40:00,4141.36,4144.22,4139.19,4142.51,234
2025-10-23 21:41:00,4142.52,4144.91,4140.8,4141.42,240
2025-10-23 21:42:00,4141.4,4145.74,4139.99,4144.7,239
2025-10-23 21:43:00,4144.66,4144.99,4143.9,4144.58,80
2025-10-23 21:44:00,4144.45,4149.6,4143.69,4149.6,315
2025-10-23 21:45:00,4149.61,4150.83,4148.73,4149.54,213
2025-10-23 21:46:00,4149.43,4149.89,4144.53,4145.82,123
2025-10-23 21:47:00,4145.65,4148.71,4141.15,4147.45,295
2025-10-23 21:48:00,4147.4,4147.84,4143.48,4143.54,232
2025-10-23 21:49:00,4143.4,4143.97,4139.46,4139.99,244
2025-10-23 21:50:00,4139.94,4143.5,4138.01,4142.46,246
2025-10-23 21:51:00,4142.13,4143.98,4141.1,4142.57,233
2025-10-23 21:52:00,4142.57,4144.83,4140.93,4144.78,214
2025-10-23 21:53:00,4144.77,4150.0,4144.77,4149.06,241
2025-10-23 21:54:00,4148.97,4149.93,4146.61,4148.73,248
2025-10-23 21:55:00,4148.89,4149.66,4146.77,4148.25,234
2025-10-23 21:56:00,4148.32,4148.76,4147.34,4147.51,222
2025-10-23 21:57:00,4147.54,4149.04,4143.69,4144.13,195
2025-10-23 21:58:00,4144.1,4146.11,4141.32,4144.45,223
2025-10-23 21:59:00,4144.48,4146.17,4143.84,4144.95,197
2025-10-23 22:00:00,4144.89,4144.89,4142.1,4142.75,216
2025-10-23 22:01:00,4142.99,4145.77,4140.55,4143.52,195
2025-10-23 22:02:00,4143.19,4145.37,4142.11,4144.43,210
2025-10-23 22:03:00,4144.63,4149.81,4144.55,4147.21,230
2025-10-23 22:04:00,4147.19,4148.75,4146.17,4146.35,223
2025-10-23 22:05:00,4146.64,4149.39,4146.64,4148.48,212
2025-10-23 22:06:00,4148.5,4151.66,4147.86,4149.94,247
2025-10-23 22:07:00,4149.95,4152.52,4148.42,4151.99,234
2025-10-23 22:08:00,4152.0,4154.64,4151.59,4154.44,229
2025-10-23 22:09:00,4154.41,4154.88,4152.38,4153.17,210
2025-10-23 22:10:00,4153.18,4153.18,4149.81,4152.9,196
2025-10-23 22:11:00,4152.87,4152.87,4149.58,4149.64,191
2025-10-23 22:12:00,4149.62,4150.93,4147.21,4150.39,214
2025-10-23 22:13:00,4150.19,4150.31,4145.41,4146.55,204
2025-10-23 22:14:00,4146.52,4146.67,4141.97,4142.27,216
2025-10-23 22:15:00,4142.36,4142.53,4137.0,4137.0,252
2025-10-23 22:16:00,4137.0,4140.89,4136.17,4139.88,254
2025-10-23 22:17:00,4140.08,4143.08,4139.78,4141.76,246
2025-10-23 22:18:00,4141.76,4142.19,4137.53,4138.91,207
2025-10-23 22:19:00,4138.82,4140.5,4136.32,4139.01,240
2025-10-23 22:20:00,4138.75,4140.62,4137.31,4140.62,237
2025-10-23 22:21:00,4140.49,4140.62,4137.89,4138.84,217
2025-10-23 22:22:00,4138.86,4140.29,4136.79,4139.58,225
2025-10-23 22:23:00,4139.61,4144.3,4138.38,4144.3,229
2025-10-23 22:24:00,4144.35,4147.03,4143.92,4146.09,188
2025-10-23 22:25:00,4146.32,4146.48,4144.72,4146.24,195
2025-10-23 22:26:00,4146.2,4147.57,4145.99,4146.04,194
2025-10-23 22:27:00,4146.1,4146.1,4142.27,4144.43,221
2025-10-23 22:28:00,4144.42,4144.44,4143.3,4143.98,134
2025-10-23 22:29:00,4144.09,4147.51,4143.64,4147.27,159
2025-10-23 22:30:00,4147.3,4147.61,4143.49,4145.06,200
2025-10-23 22:31:00,4145.08,4146.61,4144.69,4145.11,164
2025-10-23 22:32:00,4145.11,4145.6,4142.97,4144.07,195
2025-10-23 22:33:00,4144.14,4146.24,4143.7,4145.89,212
2025-10-23 22:34:00,4145.86,4146.34,4144.09,4145.8,184
2025-10-23 22:35:00,4145.78,4146.17,4144.53,4145.31,171
2025-10-23 22:36:00,4145.32,4146.37,4143.38,4145.17,224
2025-10-23 22:37:00,4145.24,4147.29,4145.22,4146.28,201
2025-10-23 22:38:00,4146.28,4146.28,4143.12,4143.19,175
2025-10-23 22:39:00,4143.13,4144.39,4142.45,4142.61,162
2025-10-23 22:40:00,4142.78,4143.39,4141.7,4143.25,190
2025-10-23 22:41:00,4143.3,4145.2,4141.31,4142.3,193
2025-10-23 22:42:00,4142.27,4146.59,4141.16,4145.14,196
2025-10-23 22:43:00,4145.16,4145.27,4140.43,4143.02,219
2025-10-23 22:44:00,4143.33,4144.93,4141.75,4144.16,175
2025-10-23 22:45:00,4143.95,4144.44,4140.2,4142.95,200
2025-10-23 22:46:00,4143.35,4147.28,4143.35,4147.12,182
2025-10-23 22:47:00,4147.04,4149.31,4146.68,4149.2,206
2025-10-23 22:48:00,4149.01,4151.55,4148.74,4150.13,184
2025-10-23 22:49:00,4150.33,4150.39,4146.84,4148.14,185
2025-10-23 22:50:00,4148.16,4150.02,4147.65,4148.01,173
2025-10-23 22:51:00,4147.97,4150.02,4146.75,4150.0,179
2025-10-23 22:52:00,4149.94,4151.73,4148.22,4151.64,208
2025-10-23 22:53:00,4151.55,4151.82,4146.77,4148.27,183
2025-10-23 22:54:00,4148.26,4148.26,4146.04,4146.96,173
2025-10-23 22:55:00,4146.92,4147.2,4141.78,4143.55,207
2025-10-23 22:56:00,4143.54,4144.07,4142.79,4143.91,192
2025-10-23 22:57:00,4143.83,4146.69,4142.92,4145.6,192
2025-10-23 22:58:00,4145.62,4147.38,4144.88,4146.27,176
2025-10-23 22:59:00,4146.27,4148.32,4146.26,4148.29,163
2025-10-23 23:00:00,4148.31,4151.0,4148.07,4150.81,218
2025-10-23 23:01:00,4151.04,4151.8,4148.96,4149.34,201
2025-10-23 23:02:00,4149.31,4150.34,4148.42,4148.87,190
2025-10-23 23:03:00,4148.85,4150.97,4148.68,4150.07,214
2025-10-23 23:04:00,4150.04,4150.46,4148.38,4149.97,185
2025-10-23 23:05:00,4149.99,4150.38,4148.2,4148.67,148
2025-10-23 23:06:00,4148.66,4148.78,4145.02,4145.49,187
2025-10-23 23:07:00,4145.32,4147.17,4145.18,4145.95,143
2025-10-23 23:08:00,4145.8,4148.22,4145.39,4146.5,197
2025-10-23 23:09:00,4146.47,4148.22,4146.41,4148.22,154
2025-10-23 23:10:00,4148.36,4149.42,4147.83,4148.4,185
2025-10-23 23:11:00,4148.41,4150.21,4148.41,4149.92,157
2025-10-23 23:12:00,4149.97,4150.16,4148.18,4148.7,144
2025-10-23 23:13:00,4149.04,4149.11,4143.62,4143.68,166
2025-10-23 23:14:00,4143.61,4144.9,4142.35,4144.54,196
2025-10-23 23:15:00,4144.51,4145.02,4143.16,4144.44,176
2025-10-23 23:16:00,4144.51,4144.94,4143.45,4144.75,170
2025-10-23 23:17:00,4144.74,4147.88,4144.53,4147.32,170
2025-10-23 23:18:00,4147.34,4147.73,4144.16,4145.54,194
2025-10-23 23:19:00,4145.58,4145.73,4143.72,4145.25,142
2025-10-23 23:20:00,4145.29,4145.32,4141.45,4141.53,150
2025-10-23 23:21:00,4141.64,4141.81,4137.34,4138.96,207
2025-10-23 23:22:00,4138.94,4140.98,4138.53,4140.98,168
2025-10-23 23:23:00,4140.99,4143.98,4140.17,4140.17,201
2025-10-23 23:24:00,4140.08,4141.04,4139.3,4140.54,176
2025-10-23 23:25:00,4140.75,4142.46,4140.28,4142.0,183
2025-10-23 23:26:00,4142.12,4142.34,4141.34,4141.39,135
2025-10-23 23:27:00,4141.53,4144.87,4141.09,4144.87,167
2025-10-23 23:28:00,4144.83,4147.24,4144.83,4147.11,151
2025-10-23 23:29:00,4147.09,4147.15,4144.82,4144.99,156
2025-10-23 23:30:00,4145.12,4146.38,4145.12,4145.77,143
2025-10-23 23:31:00,4145.85,4146.82,4145.68,4145.74,121
2025-10-23 23:32:00,4145.78,4146.66,4145.24,4145.24,124
2025-10-23 23:33:00,4145.29,4146.25,4144.95,4145.81,114
2025-10-23 23:34:00,4145.82,4146.21,4142.71,4142.79,149
2025-10-23 23:35:00,4142.78,4143.56,4141.91,4142.46,142
2025-10-23 23:36:00,4142.51,4143.06,4141.13,4142.16,118
2025-10-23 23:37:00,4142.16,4142.22,4139.08,4139.38,210
2025-10-23 23:38:00,4139.46,4142.08,4139.27,4141.66,186
2025-10-23 23:39:00,4141.48,4142.69,4140.08,4141.69,177
2025-10-23 23:40:00,4141.68,4142.13,4140.7,4140.75,122
2025-10-23 23:41:00,4140.76,4141.92,4140.69,4141.91,104
2025-10-23 23:42:00,4141.9,4142.33,4140.81,4142.12,143
2025-10-23 23:43:00,4142.13,4143.13,4141.44,4142.13,116
2025-10-23 23:44:00,4142.01,4143.37,4140.98,4142.91,163
2025-10-23 23:45:00,4142.89,4142.92,4140.7,4142.0,149
2025-10-23 23:46:00,4142.14,4142.8,4140.45,4140.68,140
2025-10-23 23:47:00,4140.69,4141.05,4139.14,4139.87,136
2025-10-23 23:48:00,4139.9,4142.32,4138.13,4139.34,200
2025-10-23 23:49:00,4139.41,4139.84,4137.21,4137.83,186
2025-10-23 23:50:00,4137.79,4139.79,4137.55,4139.29,200
2025-10-23 23:51:00,4139.36,4140.47,4138.49,4140.11,151
2025-10-23 23:52:00,4140.14,4140.74,4139.51,4140.74,140
2025-10-23 23:53:00,4140.75,4142.84,4140.69,4142.14,158
2025-10-23 23:54:00,4142.37,4143.12,4142.02,4142.44,146
2025-10-24 01:00:00,4132.68,4135.56,4131.86,4135.54,168
2025-10-24 01:01:00,4135.54,4137.52,4135.33,4137.47,168
2025-10-24 01:02:00,4137.29,4137.55,4136.33,4136.83,201
2025-10-24 01:03:00,4136.68,4137.36,4136.47,4137.14,182
2025-10-24 01:04:00,4137.2,4137.94,4136.51,4137.86,140
2025-10-24 01:05:00,4137.74,4138.3,4136.9,4136.91,133
2025-10-24 01:06:00,4136.98,4137.47,4135.23,4135.83,153
2025-10-24 01:07:00,4135.62,4136.01,4133.77,4133.78,141
2025-10-24 01:08:00,4133.77,4134.52,4128.29,4134.09,232
2025-10-24 01:09:00,4134.12,4135.12,4132.91,4135.12,180
2025-10-24 01:10:00,4135.04,4136.07,4134.4,4135.51,165
2025-10-24 01:11:00,4135.52,4135.92,4134.3,4135.22,132
2025-10-24 01:12:00,4135.28,4138.81,4134.33,4138.68,165
2025-10-24 01:13:00,4138.83,4139.32,4136.92,4137.85,138
2025-10-24 01:14:00,4137.89,4138.23,4137.07,4138.23,113
2025-10-24 01:15:00,4138.28,4138.31,4137.21,4137.7,128
2025-10-24 01:16:00,4137.75,4137.78,4134.39,4136.13,166
2025-10-24 01:17:00,4135.77,4137.39,4135.55,4136.47,182
2025-10-24 01:18:00,4136.46,4137.06,4136.1,4136.46,148
2025-10-24 01:19:00,4136.43,4136.64,4135.25,4135.32,127
2025-10-24 01:20:00,4134.84,4135.77,4134.32,4134.99,169
2025-10-24 01:21:00,4135.01,4135.35,4132.39,4132.81,189
2025-10-24 01:22:00,4132.84,4132.84,4130.86,4131.8,184
2025-10-24 01:23:00,4131.89,4131.89,4128.44,4128.93,182
2025-10-24 01:24:00,4128.81,4129.19,4126.66,4127.12,219
2025-10-24 01:25:00,4127.03,4127.53,4125.29,4125.29,219
2025-10-24 01:26:00,4125.76,4128.34,4125.23,4128.31,214
2025-10-24 01:27:00,4128.28,4128.28,4126.37,4126.71,191
2025-10-24 01:28:00,4126.64,4129.33,4126.64,4129.33,189
2025-10-24 01:29:00,4129.32,4129.78,4127.95,4129.61,224
2025-10-24 01:30:00,4129.85,4130.22,4126.8,4128.49,159
2025-10-24 01:31:00,4128.22,4131.94,4128.22,4131.94,137
2025-10-24 01:32:00,4131.93,4133.21,4131.67,4131.79,147
2025-10-24 01:33:00,4131.84,4133.68,4131.82,4133.4,126
2025-10-24 01:34:00,4133.42,4134.08,4131.49,4132.93,169
2025-10-24 01:35:00,4132.97,4133.15,4131.14,4131.36,168
2025-10-24 01:36:00,4131.38,4133.58,4131.31,4133.19,145
2025-10-24 01:37:00,4133.4,4136.43,4133.4,4135.85,183
2025-10-24 01:38:00,4135.86,4136.58,4135.78,4136.2,136
2025-10-24 01:39:00,4136.21,4136.83,4134.28,4134.37,159
2025-10-24 01:40:00,4134.35,4134.74,4131.65,4131.65,175
2025-10-24 01:41:00,4131.61,4132.24,4130.21,4130.21,167
2025-10-24 01:42:00,4130.26,4134.77,4130.23,4134.19,170
2025-10-24 01:43:00,4134.19,4135.65,4133.99,4135.37,110
2025-10-24 01:44:00,4135.01,4135.01,4134.24,4134.33,77
2025-10-24 01:45:00,4134.35,4134.79,4132.94,4133.11,115
2025-10-24 01:46:00,4133.12,4133.86,4133.05,4133.41,100
2025-10-24 01:47:00,4133.46,4134.19,4132.28,4132.67,104
2025-10-24 01:48:00,4132.64,4134.0,4132.64,4133.44,105
2025-10-24 01:49:00,4133.49,4133.62,4132.92,4133.07,120
2025-10-24 01:50:00,4133.0,4134.51,4132.67,4133.88,151
2025-10-24 01:51:00,4134.0,4136.68,4133.71,4136.39,144
2025-10-24 01:52:00,4136.35,4137.21,4135.53,4135.9,130
2025-10-24 01:53:00,4135.81,4136.14,4134.86,4135.34,124
2025-10-24 01:54:00,4134.6,4137.0,4133.74,4136.83,149
2025-10-24 01:55:00,4136.85,4137.33,4135.92,4136.36,131
2025-10-24 01:56:00,4136.34,4136.79,4135.47,4135.47,118
2025-10-24 01:57:00,4135.48,4136.4,4135.32,4136.28,125
2025-10-24 01:58:00,4136.26,4137.63,4136.2,4137.59,130
2025-10-24 01:59:00,4137.53,4138.49,4137.47,4137.73,144
2025-10-24 02:00:00,4137.71,4139.17,4137.64,4138.25,140
2025-10-24 02:01:00,4138.19,4138.95,4137.88,4138.95,110
2025-10-24 02:02:00,4138.95,4139.74,4138.49,4139.36,109
2025-10-24 02:03:00,4139.33,4139.33,4138.25,4138.6,93
2025-10-24 02:04:00,4138.61,4139.07,4138.39,4138.5,106
2025-10-24 02:05:00,4138.49,4138.82,4136.96,4137.69,104
2025-10-24 02:06:00,4137.86,4138.23,4137.6,4137.75,80
2025-10-24 02:07:00,4137.71,4138.17,4136.99,4137.23,93
2025-10-24 02:08:00,4137.23,4137.36,4135.73,4135.93,97
2025-10-24 02:09:00,4135.9,4135.94,4133.29,4133.77,182
2025-10-24 02:10:00,4134.14,4136.53,4133.91,4136.36,110
2025-10-24 02:11:00,4136.37,4138.95,4136.15,4138.95,93
2025-10-24 02:12:00,4139.09,4139.29,4138.36,4139.11,96
2025-10-24 02:13:00,4139.16,4140.07,4138.26,4139.81,113
2025-10-24 02:14:00,4139.7,4141.19,4139.52,4140.62,123
2025-10-24 02:15:00,4140.64,4140.75,4137.19,4138.57,127
2025-10-24 02:16:00,4138.43,4140.53,4137.69,4139.7,169
2025-10-24 02:17:00,4139.69,4139.69,4138.16,4139.49,123
2025-10-24 02:18:00,4139.43,4140.08,4139.1,4139.75,80
2025-10-24 02:19:00,4139.67,4140.27,4139.55,4140.23,79
2025-10-24 02:20:00,4140.24,4140.73,4139.65,4139.7,99
2025-10-24 02:21:00,4139.71,4140.31,4138.88,4140.3,112
2025-10-24 02:22:00,4140.23,4141.18,4140.09,4140.76,128
2025-10-24 02:23:00,4140.72,4140.9,4139.99,4140.2,85
2025-10-24 02:24:00,4140.22,4140.84,4140.16,4140.61,110
2025-10-24 02:25:00,4140.64,4141.06,4140.49,4140.85,86
2025-10-24 02:26:00,4140.86,4142.87,4140.76,4141.99,106
2025-10-24 02:27:00,4141.9,4143.54,4141.9,4142.99,105
2025-10-24 02:28:00,4143.11,4143.31,4142.58,4142.58,86
2025-10-24 02:29:00,4142.5,4143.33,4142.34,4142.76,114
2025-10-24 02:30:00,4142.77,4142.78,4140.13,4140.52,103
2025-10-24 02:31:00,4140.66,4142.74,4140.66,4141.37,105
2025-10-24 02:32:00,4141.36,4141.42,4138.86,4138.99,87
2025-10-24 02:33:00,4139.15,4139.65,4138.18,4138.91,114
2025-10-24 02:34:00,4138.71,4139.78,4137.98,4139.16,82
2025-10-24 02:35:00,4139.15,4139.15,4137.04,4137.17,101
2025-10-24 02:36:00,4137.21,4138.66,4136.54,4138.57,95
2025-10-24 02:37:00,4138.58,4139.15,4138.23,4138.62,94
2025-10-24 02:38:00,4138.54,4139.32,4138.24,4138.68,78
2025-10-24 02:39:00,4138.69,4140.75,4138.68,4140.31,86
2025-10-24 02:40:00,4140.31,4140.9,4139.55,4140.9,82
2025-10-24 02:41:00,4140.89,4140.89,4138.77,4138.85,95
2025-10-24 02:42:00,4138.88,4139.3,4137.11,4137.13,74
2025-10-24 02:43:00,4137.37,4139.86,4137.34,4139.75,101
2025-10-24 02:44:00,4139.81,4140.37,4139.69,4139.94,77
2025-10-24 02:45:00,4139.99,4140.24,4138.49,4138.91,76
2025-10-24 02:46:00,4138.9,4139.32,4138.38,4139.02,54
2025-10-24 02:47:00,4138.87,4138.89,4136.51,4136.97,103
2025-10-24 02:48:00,4137.0,4137.12,4135.84,4136.1,109
2025-10-24 02:49:00,4136.17,4137.13,4135.85,4137.11,88
2025-10-24 02:50:00,4137.29,4137.29,4135.86,4136.02,103
2025-10-24 02:51:00,4136.01,4136.94,4135.73,4136.18,88
2025-10-24 02:52:00,4136.07,4136.16,4133.96,4134.63,123
2025-10-24 02:53:00,4134.58,4136.34,4133.61,4136.23,103
2025-10-24 02:54:00,4136.25,4137.01,4135.22,4135.59,108
2025-10-24 02:55:00,4135.57,4135.85,4135.18,4135.31,105
2025-10-24 02:56:00,4135.31,4137.12,4135.31,4136.03,122
2025-10-24 02:57:00,4136.22,4137.33,4135.84,4135.92,135
2025-10-24 02:58:00,4135.93,4135.93,4134.32,4134.43,102
2025-10-24 02:59:00,4134.45,4136.69,4134.39,4136.04,132
2025-10-24 03:00:00,4136.11,4137.75,4135.38,4136.44,110
2025-10-24 03:01:00,4136.45,4136.45,4135.23,4135.69,104
2025-10-24 03:02:00,4135.64,4135.93,4133.68,4134.9,107
2025-10-24 03:03:00,4134.95,4137.82,4134.86,4137.82,127
2025-10-24 03:04:00,4137.79,4138.19,4137.26,4137.26,136
2025-10-24 03:05:00,4137.31,4137.67,4135.58,4135.69,102
2025-10-24 03:06:00,4135.71,4135.86,4134.5,4134.58,123
2025-10-24 03:07:00,4134.67,4136.2,4134.44,4134.93,111
2025-10-24 03:08:00,4134.97,4135.54,4134.38,4135.5,104
2025-10-24 03:09:00,4135.52,4136.3,4134.95,4136.29,113
2025-10-24 03:10:00,4136.39,4136.85,4135.7,4136.85,89
2025-10-24 03:11:00,4136.84,4136.89,4134.54,4134.7,77
2025-10-24 03:12:00,4134.72,4135.41,4134.65,4135.04,73
2025-10-24 03:13:00,4135.03,4135.28,4134.02,4134.43,103
2025-10-24 03:14:00,4134.41,4135.3,4134.26,4135.14,94
2025-10-24 03:15:00,4135.13,4135.47,4134.82,4135.25,86
2025-10-24 03:16:00,4135.29,4135.43,4133.07,4134.17,109
2025-10-24 03:17:00,4134.46,4134.46,4132.68,4132.76,111
2025-10-24 03:18:00,4132.76,4133.22,4132.34,4132.67,85
2025-10-24 03:19:00,4132.58,4132.67,4131.05,4131.68,110
2025-10-24 03:20:00,4131.73,4132.54,4130.92,4130.92,107
2025-10-24 03:21:00,4130.92,4131.69,4128.96,4129.18,122
2025-10-24 03:22:00,4128.66,4129.41,4125.77,4126.63,138
2025-10-24 03:23:00,4126.62,4127.3,4125.91,4127.06,112
2025-10-24 03:24:00,4127.16,4129.58,4127.16,4129.28,157
2025-10-24 03:25:00,4129.28,4131.66,4129.28,4129.95,129
2025-10-24 03:26:00,4129.97,4131.43,4129.82,4131.43,109
2025-10-24 03:27:00,4131.43,4131.85,4130.29,4130.35,95
2025-10-24 03:28:00,4130.3,4130.95,4129.43,4129.82,88
2025-10-24 03:29:00,4129.8,4130.01,4128.4,4128.59,76
2025-10-24 03:30:00,4128.67,4128.67,4125.82,4126.07,141
2025-10-24 03:31:00,4126.11,4127.84,4125.8,4126.59,139
2025-10-24 03:32:00,4126.55,4127.3,4125.9,4126.8,102
2025-10-24 03:33:00,4126.78,4126.78,4125.47,4125.55,107
2025-10-24 03:34:00,4125.6,4126.17,4125.19,4125.66,124
2025-10-24 03:35:00,4125.63,4127.28,4125.56,4126.11,142
2025-10-24 03:36:00,4125.92,4125.92,4124.71,4125.2,143
2025-10-24 03:37:00,4125.18,4125.33,4120.14,4120.41,184
2025-10-24 03:38:00,4120.45,4120.78,4119.38,4119.76,136
2025-10-24 03:39:00,4119.75,4120.03,4117.5,4118.71,143
2025-10-24 03:40:00,4118.72,4119.25,4117.55,4117.68,117
2025-10-24 03:41:00,4118.06,4121.5,4117.61,4121.38,164
2025-10-24 03:42:00,4121.36,4122.91,4120.91,4122.4,167
2025-10-24 03:43:00,4122.42,4122.42,4119.14,4119.58,135
2025-10-24 03:44:00,4119.56,4120.11,4119.09,4119.79,109
2025-10-24 03:45:00,4119.84,4120.82,4117.81,4118.25,139
2025-10-24 03:46:00,4118.23,4119.87,4117.97,4119.67,154
2025-10-24 03:47:00,4119.73,4121.8,4119.14,4121.12,138
2025-10-24 03:48:00,4121.07,4121.07,4119.78,4120.07,123
2025-10-24 03:49:00,4120.01,4120.02,4118.82,4119.0,110
2025-10-24 03:50:00,4118.99,4120.01,4117.57,4119.75,169
2025-10-24 03:51:00,4119.67,4121.42,4119.48,4120.53,138
2025-10-24 03:52:00,4120.65,4121.83,4119.95,4120.6,118
2025-10-24 03:53:00,4120.63,4121.05,4118.38,4120.13,108
2025-10-24 03:54:00,4120.11,4120.5,4119.4,4119.78,112
2025-10-24 03:55:00,4119.37,4120.23,4117.51,4119.12,133
2025-10-24 03:56:00,4119.09,4120.16,4118.18,4118.9,152
2025-10-24 03:57:00,4119.03,4119.33,4118.3,4118.53,98
2025-10-24 03:58:00,4118.33,4118.38,4116.48,4116.75,165
2025-10-24 03:59:00,4116.91,4118.48,4116.41,4118.31,184
2025-10-24 04:00:00,4118.41,4118.41,4114.61,4117.07,174
2025-10-24 04:01:00,4117.01,4118.59,4115.88,4118.54,139
2025-10-24 04:02:00,4118.56,4119.29,4116.77,4117.3,120
2025-10-24 04:03:00,4117.51,4118.05,4116.29,4116.29,88
2025-10-24 04:04:00,4116.3,4116.69,4113.0,4115.49,154
2025-10-24 04:05:00,4115.49,4118.83,4114.36,4117.79,125
2025-10-24 04:06:00,4117.82,4118.88,4116.94,4117.23,71
2025-10-24 04:07:00,4116.81,4117.13,4115.39,4116.36,72
2025-10-24 04:08:00,4115.96,4115.96,4114.75,4114.82,68
2025-10-24 04:09:00,4114.85,4115.02,4114.55,4114.57,68
2025-10-24 04:10:00,4114.62,4114.89,4111.27,4111.38,132
2025-10-24 04:11:00,4111.34,4114.03,4111.34,4111.43,120
2025-10-24 04:12:00,4111.42,4113.04,4111.08,4111.36,112
2025-10-24 04:13:00,4111.47,4112.06,4111.02,4111.76,97
2025-10-24 04:14:00,4111.92,4113.97,4111.92,4113.39,140
2025-10-24 04:15:00,4113.42,4113.43,4112.42,4112.75,85
2025-10-24 04:16:00,4112.79,4115.74,4112.79,4114.57,140
2025-10-24 04:17:00,4113.47,4116.06,4113.29,4115.92,104
2025-10-24 04:18:00,4115.85,4116.0,4113.57,4113.57,103
2025-10-24 04:19:00,4113.55,4114.27,4113.24,4113.75,93
2025-10-24 04:20:00,4113.75,4114.67,4113.75,4114.31,66
2025-10-24 04:21:00,4114.31,4115.09,4111.76,4111.81,86
2025-10-24 04:22:00,4111.82,4111.85,4111.12,4111.32,73
2025-10-24 04:23:00,4111.28,4111.28,4107.73,4108.41,161
2025-10-24 04:24:00,4108.56,4111.55,4107.78,4110.91,109
2025-10-24 04:25:00,4110.91,4111.72,4109.98,4111.15,76
2025-10-24 04:26:00,4111.0,4111.09,4110.32,4110.32,58
2025-10-24 04:27:00,4110.37,4110.37,4108.46,4109.39,71
2025-10-24 04:28:00,4109.38,4109.99,4108.74,4108.82,65
2025-10-24 04:29:00,4108.91,4109.12,4107.9,4108.5,93
2025-10-24 04:30:00,4108.57,4109.15,4107.51,4108.43,118
2025-10-24 04:31:00,4108.62,4110.5,4108.52,4110.4,114
2025-10-24 04:32:00,4110.5,4112.09,4110.49,4111.65,98
2025-10-24 04:33:00,4111.62,4112.42,4111.6,4112.39,65
2025-10-24 04:34:00,4112.38,4113.71,4111.9,4113.23,89
2025-10-24 04:35:00,4113.24,4113.27,4111.63,4112.27,73
2025-10-24 04:36:00,4112.25,4112.96,4112.22,4112.44,61
2025-10-24 04:37:00,4112.44,4113.04,4112.3,4112.3,27
2025-10-24 04:38:00,4112.31,4113.74,4112.24,4113.74,53
2025-10-24 04:39:00,4113.63,4115.27,4113.53,4114.97,82
2025-10-24 04:40:00,4115.14,4115.29,4114.77,4115.16,64
2025-10-24 04:41:00,4115.15,4116.99,4115.15,4116.9,100
2025-10-24 04:42:00,4116.89,4117.44,4116.38,4116.38,89
2025-10-24 04:43:00,4116.35,4116.36,4115.41,4116.15,58
2025-10-24 04:44:00,4116.06,4116.94,4115.2,4115.2,67
2025-10-24 04:45:00,4115.19,4115.4,4114.71,4115.32,74
2025-10-24 04:46:00,4115.33,4116.43,4115.32,4116.43,42
2025-10-24 04:47:00,4116.41,4118.71,4116.39,4118.02,84
2025-10-24 04:48:00,4118.0,4119.0,4117.91,4119.0,72
2025-10-24 04:49:00,4118.93,4119.58,4118.92,4119.43,56
2025-10-24 04:50:00,4119.38,4122.49,4119.34,4122.43,91
2025-10-24 04:51:00,4122.21,4122.49,4120.72,4121.44,71
2025-10-24 04:52:00,4121.25,4121.59,4120.61,4121.43,65
2025-10-24 04:53:00,4121.51,4122.28,4120.93,4122.22,62
2025-10-24 04:54:00,4122.3,4123.28,4121.54,4121.85,85
2025-10-24 04:55:00,4121.9,4123.51,4121.9,4123.41,60
2025-10-24 04:56:00,4123.4,4125.14,4123.4,4124.96,53
2025-10-24 04:57:00,4124.62,4125.96,4124.28,4125.54,67
2025-10-24 04:58:00,4125.52,4126.02,4125.04,4126.02,62
2025-10-24 04:59:00,4126.02,4126.02,4126.02,4126.02,1
2025-10-24 06:01:00,4130.42,4132.73,4130.23,4131.8,99
2025-10-24 06:02:00,4131.74,4131.85,4128.91,4129.34,80
2025-10-24 06:03:00,4129.25,4129.25,4122.02,4125.29,124
2025-10-24 06:04:00,4125.39,4126.67,4125.01,4126.27,63
2025-10-24 06:05:00,4126.2,4127.01,4123.02,4123.02,80
2025-10-24 06:06:00,4123.0,4123.37,4120.63,4122.78,85
2025-10-24 06:07:00,4122.92,4123.82,4120.76,4123.3,79
2025-10-24 06:08:00,4123.29,4125.22,4122.76,4124.9,54
2025-10-24 06:09:00,4124.44,4126.68,4124.27,4124.86,65
2025-10-24 06:10:00,4124.95,4126.57,4124.95,4126.51,49
2025-10-24 06:11:00,4126.5,4128.6,4126.3,4127.45,70
2025-10-24 06:12:00,4127.5,4128.94,4127.29,4128.61,35
2025-10-24 06:13:00,4128.63,4128.64,4126.28,4126.47,38
2025-10-24 06:14:00,4126.43,4126.85,4125.98,4126.73,22
2025-10-24 06:15:00,4126.59,4126.64,4122.4,4122.4,48
2025-10-24 06:16:00,4122.52,4123.16,4120.96,4122.06,36
2025-10-24 06:17:00,4122.1,4124.88,4122.06,4123.26,43
2025-10-24 06:18:00,4123.25,4123.66,4123.05,4123.17,25
2025-10-24 06:19:00,4123.14,4123.14,4119.38,4120.02,52
2025-10-24 06:20:00,4120.35,4122.51,4119.53,4121.07,76
2025-10-24 06:21:00,4120.5,4120.59,4117.48,4117.56,86
2025-10-24 06:22:00,4118.01,4120.21,4118.01,4119.35,63
2025-10-24 06:23:00,4119.28,4120.35,4118.43,4118.73,68
2025-10-24 06:24:00,4118.46,4121.22,4118.42,4120.81,67
2025-10-24 06:25:00,4120.83,4123.52,4120.82,4122.97,131
2025-10-24 06:26:00,4123.02,4124.15,4122.83,4123.43,102
2025-10-24 06:27:00,4123.41,4123.54,4121.49,4123.14,52
2025-10-24 06:28:00,4123.26,4123.51,4121.24,4121.26,53
2025-10-24 06:29:00,4121.25,4122.57,4121.25,4122.16,39
2025-10-24 06:30:00,4122.2,4122.66,4121.52,4121.79,36
2025-10-24 06:31:00,4121.79,4121.79,4121.57,4121.59,20
2025-10-24 06:32:00,4121.64,4122.28,4121.03,4122.22,44
2025-10-24 06:33:00,4122.38,4122.44,4121.48,4121.75,35
2025-10-24 06:34:00,4121.83,4121.92,4120.24,4120.44,44
2025-10-24 06:35:00,4120.34,4120.69,4120.26,4120.38,29
2025-10-24 06:36:00,4120.36,4120.65,4120.32,4120.63,24
2025-10-24 06:37:00,4120.65,4121.54,4119.19,4119.51,44
2025-10-24 06:38:00,4119.53,4119.61,4117.88,4119.25,69
2025-10-24 06:39:00,4119.17,4119.17,4118.36,4118.43,48
2025-10-24 06:40:00,4118.5,4119.96,4118.26,4119.41,43
2025-10-24 06:41:00,4119.39,4119.61,4118.02,4118.12,56
2025-10-24 06:42:00,4117.89,4119.29,4117.61,4119.2,69
2025-10-24 06:43:00,4119.16,4119.29,4115.37,4116.54,73
2025-10-24 06:44:00,4116.44,4117.11,4111.83,4111.83,123
2025-10-24 06:45:00,4111.62,4116.47,4111.46,4115.11,141
2025-10-24 06:46:00,4115.02,4115.55,4113.11,4114.39,97
2025-10-24 06:47:00,4114.47,4116.5,4114.47,4116.44,61
2025-10-24 06:48:00,4116.38,4117.16,4116.0,4116.18,60
2025-10-24 06:49:00,4116.23,4117.69,4116.23,4116.9,59
2025-10-24 06:50:00,4117.0,4117.51,4116.21,4117.5,28
2025-10-24 06:51:00,4117.41,4117.71,4117.16,4117.29,69
2025-10-24 06:52:00,4117.2,4117.63,4117.2,4117.45,37
2025-10-24 06:53:00,4117.47,4117.48,4116.26,4116.91,51
2025-10-24 06:54:00,4116.8,4118.33,4116.72,4118.1,58
2025-10-24 06:55:00,4118.11,4118.51,4117.37,4117.57,63
2025-10-24 06:56:00,4117.34,4117.89,4117.13,4117.57,32
2025-10-24 06:57:00,4117.56,4117.57,4115.85,4116.38,53
2025-10-24 06:58:00,4116.39,4116.93,4114.8,4115.16,58
2025-10-24 06:59:00,4115.47,4116.65,4115.46,4116.21,68
2025-10-24 07:00:00,4116.46,4117.83,4116.43,4117.51,90
2025-10-24 07:01:00,4117.52,4118.42,4117.52,4117.62,56
2025-10-24 07:02:00,4117.79,4119.21,4117.67,4118.83,66
2025-10-24 07:03:00,4118.67,4119.77,4118.59,4119.77,41
2025-10-24 07:04:00,4119.59,4119.66,4118.88,4118.88,31
2025-10-24 07:05:00,4118.23,4118.23,4116.89,4116.92,63
2025-10-24 07:06:00,4116.91,4116.93,4114.87,4115.14,89
2025-10-24 07:07:00,4115.04,4115.37,4114.88,4115.12,43
2025-10-24 07:08:00,4115.11,4116.47,4114.9,4116.47,39
2025-10-24 07:09:00,4116.44,4116.44,4115.05,4115.05,33
2025-10-24 07:10:00,4115.03,4115.46,4114.02,4114.02,47
2025-10-24 07:11:00,4114.07,4115.96,4113.84,4115.73,41
2025-10-24 07:12:00,4116.2,4116.66,4116.15,4116.61,42
2025-10-24 07:13:00,4116.63,4116.7,4115.83,4115.92,23
2025-10-24 07:14:00,4115.87,4116.75,4115.85,4116.06,35
2025-10-24 07:15:00,4116.05,4116.06,4114.74,4114.91,39
2025-10-24 07:16:00,4114.87,4114.89,4113.96,4114.5,68
2025-10-24 07:17:00,4114.4,4114.4,4113.13,4113.98,63
2025-10-24 07:18:00,4113.91,4114.66,4113.83,4114.62,49
2025-10-24 07:19:00,4114.65,4115.24,4114.57,4114.67,41
2025-10-24 07:20:00,4114.62,4114.62,4113.8,4113.87,27
2025-10-24 07:21:00,4113.76,4114.18,4113.74,4114.12,25
2025-10-24 07:22:00,4114.11,4114.16,4111.51,4112.26,60
2025-10-24 07:23:00,4112.24,4112.35,4111.06,4112.03,51
2025-10-24 07:24:00,4112.0,4112.68,4111.39,4111.64,53
2025-10-24 07:25:00,4111.62,4112.51,4111.62,4112.24,71
2025-10-24 07:26:00,4112.25,4112.66,4112.21,4112.64,45
2025-10-24 07:27:00,4112.63,4113.97,4112.62,4113.28,52
2025-10-24 07:28:00,4113.24,4113.24,4111.79,4111.98,49
2025-10-24 07:29:00,4111.97,4112.02,4111.82,4111.97,33
2025-10-24 07:30:00,4111.99,4111.99,4110.24,4110.56,59
2025-10-24 07:31:00,4110.61,4110.91,4109.57,4109.58,61
2025-10-24 07:32:00,4109.59,4109.7,4106.16,4106.62,98
2025-10-24 07:33:00,4106.61,4108.83,4106.27,4107.43,110
2025-10-24 07:34:00,4107.46,4108.32,4106.12,4108.0,103
2025-10-24 07:35:00,4107.81,4109.43,4107.81,4109.42,66
2025-10-24 07:36:00,4109.42,4109.42,4108.36,4108.37,71
2025-10-24 07:37:00,4108.4,4111.32,4107.79,4111.32,58
2025-10-24 07:38:00,4111.33,4111.46,4110.53,4111.14,45
2025-10-24 07:39:00,4111.12,4112.57,4110.84,4112.21,55
2025-10-24 07:40:00,4112.35,4113.06,4112.35,4113.04,39
2025-10-24 07:41:00,4113.01,4113.56,4112.5,4113.1,60
2025-10-24 07:42:00,4113.07,4114.31,4112.53,4114.05,64
2025-10-24 07:43:00,4114.04,4115.77,4114.04,4115.02,86
2025-10-24 07:44:00,4115.03,4117.23,4114.74,4117.21,102
2025-10-24 07:45:00,4117.24,4117.61,4115.02,4116.13,81
2025-10-24 07:46:00,4116.14,4117.39,4115.87,4116.84,52
2025-10-24 07:47:00,4116.85,4117.91,4116.26,4116.77,64
2025-10-24 07:48:00,4117.23,4119.0,4117.03,4119.0,100
2025-10-24 07:49:00,4119.01,4119.92,4118.35,4119.64,132
2025-10-24 07:50:00,4119.65,4121.51,4119.29,4120.92,105
2025-10-24 07:51:00,4120.95,4121.54,4119.48,4121.27,116
2025-10-24 07:52:00,4121.31,4122.84,4121.0,4121.42,106
2025-10-24 07:53:00,4121.54,4121.55,4117.54,4118.11,188
2025-10-24 07:54:00,4118.15,4120.61,4118.12,4120.6,126
2025-10-24 07:55:00,4120.62,4120.74,4118.88,4119.34,96
2025-10-24 07:56:00,4119.36,4120.06,4118.05,4120.02,97
2025-10-24 07:57:00,4120.03,4121.92,4119.94,4119.96,110
2025-10-24 07:58:00,4119.97,4120.68,4119.41,4120.23,80
2025-10-24 07:59:00,4120.03,4121.46,4120.03,4121.46,67
2025-10-24 08:00:00,4121.67,4121.67,4117.87,4119.3,156
2025-10-24 08:01:00,4119.34,4122.99,4119.34,4121.71,104
2025-10-24 08:02:00,4121.72,4122.76,4120.06,4122.76,103
2025-10-24 08:03:00,4122.36,4125.28,4121.93,4123.88,120
2025-10-24 08:04:00,4123.5,4124.52,4122.19,4123.41,120
2025-10-24 08:05:00,4123.34,4125.4,4122.4,4124.73,136
2025-10-24 08:06:00,4124.52,4125.75,4123.24,4125.73,112
2025-10-24 08:07:00,4125.89,4127.0,4125.5,4126.55,134
2025-10-24 08:08:00,4126.47,4129.41,4126.47,4129.11,136
2025-10-24 08:09:00,4129.16,4130.49,4128.6,4130.25,144
2025-10-24 08:10:00,4130.25,4130.87,4129.76,4130.8,119
2025-10-24 08:11:00,4130.77,4132.32,4129.22,4131.32,154
2025-10-24 08:12:00,4131.38,4131.38,4129.84,4130.23,122
2025-10-24 08:13:00,4130.27,4131.07,4128.54,4128.73,123
2025-10-24 08:14:00,4128.6,4129.05,4127.46,4128.55,123
2025-10-24 08:15:00,4128.25,4130.9,4126.49,4130.72,130
2025-10-24 08:16:00,4130.23,4130.67,4127.89,4128.72,109
2025-10-24 08:17:00,4128.71,4128.82,4127.13,4127.8,69
2025-10-24 08:18:00,4127.75,4128.36,4127.21,4127.44,80
2025-10-24 08:19:00,4127.91,4128.24,4127.17,4127.92,83
2025-10-24 08:20:00,4127.88,4127.88,4125.6,4126.54,81
2025-10-24 08:21:00,4126.32,4126.91,4125.47,4126.56,100
2025-10-24 08:22:00,4126.57,4129.32,4126.51,4128.85,114
2025-10-24 08:23:00,4128.85,4129.26,4127.52,4128.39,81
2025-10-24 08:24:00,4128.41,4128.84,4128.07,4128.29,55
2025-10-24 08:25:00,4128.32,4128.32,4126.81,4128.24,78
2025-10-24 08:26:00,4128.57,4129.82,4127.73,4129.82,74
2025-10-24 08:27:00,4129.81,4131.4,4129.81,4131.4,128
2025-10-24 08:28:00,4131.24,4132.09,4130.89,4131.24,89
2025-10-24 08:29:00,4131.19,4133.17,4131.0,4132.95,81
2025-10-24 08:30:00,4132.98,4133.67,4131.15,4132.9,115
2025-10-24 08:31:00,4132.72,4132.75,4129.83,4130.54,98
2025-10-24 08:32:00,4130.62,4131.82,4129.7,4129.82,63
2025-10-24 08:33:00,4129.82,4130.06,4129.17,4129.73,84
2025-10-24 08:34:00,4129.78,4129.78,4128.05,4128.05,102
2025-10-24 08:35:00,4128.07,4128.07,4126.45,4126.45,90
2025-10-24 08:36:00,4126.44,4127.83,4126.3,4127.06,88
2025-10-24 08:37:00,4127.06,4130.2,4127.06,4129.35,66
2025-10-24 08:38:00,4129.34,4129.92,4128.67,4129.17,64
2025-10-24 08:39:00,4129.16,4129.47,4128.04,4128.74,79
2025-10-24 08:40:00,4128.04,4129.48,4127.95,4128.86,61
2025-10-24 08:41:00,4128.48,4128.87,4127.94,4127.97,48
2025-10-24 08:42:00,4128.0,4128.85,4127.81,4127.81,65
2025-10-24 08:43:00,4127.73,4128.31,4126.88,4127.64,67
2025-10-24 08:44:00,4127.52,4128.14,4127.33,4127.74,75
2025-10-24 08:45:00,4127.75,4129.23,4127.09,4128.81,60
2025-10-24 08:46:00,4128.75,4129.08,4127.84,4128.75,51
2025-10-24 08:47:00,4128.79,4129.02,4127.99,4128.84,53
2025-10-24 08:48:00,4128.85,4130.43,4128.45,4128.63,82
2025-10-24 08:49:00,4128.47,4128.57,4127.85,4127.98,58
2025-10-24 08:50:00,4127.99,4129.7,4127.99,4129.46,73
2025-10-24 08:51:00,4129.45,4130.64,4128.98,4129.67,90
2025-10-24 08:52:00,4129.65,4130.79,4129.56,4130.59,74
2025-10-24 08:53:00,4130.6,4130.9,4129.92,4130.44,84
2025-10-24 08:54:00,4130.25,4130.51,4128.85,4129.98,70
2025-10-24 08:55:00,4129.97,4131.43,4129.15,4131.19,80
2025-10-24 08:56:00,4131.18,4132.12,4130.75,4132.12,58
2025-10-24 08:57:00,4132.11,4132.76,4131.92,4132.42,82
2025-10-24 08:58:00,4132.43,4133.03,4131.9,4132.67,92
2025-10-24 08:59:00,4132.68,4133.16,4131.71,4132.72,115
2025-10-24 09:00:00,4132.83,4134.36,4128.74,4133.77,203
2025-10-24 09:01:00,4133.79,4133.79,4128.73,4130.43,207
2025-10-24 09:02:00,4130.43,4132.62,4127.81,4132.61,188
2025-10-24 09:03:00,4132.63,4136.5,4132.58,4135.08,207
2025-10-24 09:04:00,4135.14,4135.16,4133.39,4134.48,153
2025-10-24 09:05:00,4134.5,4137.36,4134.01,4135.93,166
2025-10-24 09:06:00,4135.84,4138.36,4135.72,4137.12,188
2025-10-24 09:07:00,4137.14,4139.79,4136.26,4139.79,152
2025-10-24 09:08:00,4139.51,4141.58,4138.58,4141.4,188
2025-10-24 09:09:00,4141.32,4142.17,4139.62,4140.46,155
2025-10-24 09:10:00,4140.19,4141.81,4140.19,4140.55,123
2025-10-24 09:11:00,4140.52,4141.04,4137.84,4139.19,138
2025-10-24 09:12:00,4139.19,4143.16,4138.95,4142.98,155
2025-10-24 09:13:00,4142.9,4143.25,4141.61,4141.61,116
2025-10-24 09:14:00,4141.45,4143.27,4141.45,4143.07,78
2025-10-24 09:15:00,4143.19,4144.4,4140.96,4141.87,104
2025-10-24 09:16:00,4142.3,4143.75,4142.08,4142.67,100
2025-10-24 09:17:00,4142.99,4143.98,4142.16,4142.32,132
2025-10-24 09:18:00,4142.24,4142.25,4139.55,4139.97,143
2025-10-24 09:19:00,4139.95,4140.23,4137.2,4139.15,149
2025-10-24 09:20:00,4139.11,4139.22,4137.5,4138.12,97
2025-10-24 09:21:00,4137.9,4138.09,4134.27,4134.49,140
2025-10-24 09:22:00,4134.22,4134.53,4131.26,4132.16,165
2025-10-24 09:23:00,4132.08,4135.85,4131.32,4135.45,147
2025-10-24 09:24:00,4135.46,4137.16,4135.46,4136.3,123
2025-10-24 09:25:00,4136.31,4137.81,4135.63,4137.09,102
2025-10-24 09:26:00,4137.37,4137.58,4134.76,4135.33,103
2025-10-24 09:27:00,4135.32,4136.21,4134.19,4136.09,93
2025-10-24 09:28:00,4136.18,4137.31,4135.37,4135.66,94
2025-10-24 09:29:00,4135.64,4136.76,4135.0,4136.76,60
2025-10-24 09:30:00,4136.76,4137.05,4134.49,4135.69,122
2025-10-24 09:31:00,4136.12,4136.78,4133.82,4135.33,91
2025-10-24 09:32:00,4135.34,4137.53,4135.34,4136.78,106
2025-10-24 09:33:00,4136.98,4137.09,4133.4,4133.73,109
2025-10-24 09:34:00,4133.77,4133.79,4131.63,4133.31,106
2025-10-24 09:35:00,4133.29,4133.57,4129.87,4130.2,175
2025-10-24 09:36:00,4130.19,4131.37,4127.17,4127.93,146
2025-10-24 09:37:00,4127.71,4128.56,4125.02,4126.29,197
2025-10-24 09:38:00,4126.31,4126.5,4124.44,4126.32,181
2025-10-24 09:39:00,4126.51,4127.89,4126.02,4127.3,133
2025-10-24 09:40:00,4127.25,4127.25,4124.76,4126.48,104
2025-10-24 09:41:00,4126.41,4128.63,4125.02,4126.52,176
2025-10-24 09:42:00,4126.54,4127.33,4123.78,4124.51,142
2025-10-24 09:43:00,4124.41,4124.92,4122.08,4122.15,155
2025-10-24 09:44:00,4122.14,4126.01,4122.14,4125.77,145
2025-10-24 09:45:00,4125.72,4126.6,4124.72,4124.97,136
2025-10-24 09:46:00,4124.99,4125.96,4124.25,4124.51,109
2025-10-24 09:47:00,4124.66,4124.98,4122.56,4123.32,129
2025-10-24 09:48:00,4123.41,4124.12,4121.67,4123.14,121
2025-10-24 09:49:00,4124.68,4125.62,4123.41,4123.41,159
2025-10-24 09:50:00,4123.44,4123.86,4120.07,4121.2,176
2025-10-24 09:51:00,4121.11,4121.13,4115.79,4115.79,196
2025-10-24 09:52:00,4115.8,4119.24,4113.47,4116.61,211
2025-10-24 09:53:00,4116.58,4116.58,4112.49,4112.76,179
2025-10-24 09:54:00,4112.9,4115.91,4112.9,4115.91,174
2025-10-24 09:55:00,4115.93,4116.58,4112.95,4114.59,162
2025-10-24 09:56:00,4114.63,4115.29,4112.11,4112.77,163
2025-10-24 09:57:00,4112.77,4115.17,4112.69,4115.1,180
2025-10-24 09:58:00,4115.12,4115.67,4112.99,4115.32,147
2025-10-24 09:59:00,4115.6,4118.9,4115.2,4118.83,151
2025-10-24 10:00:00,4118.69,4118.89,4114.5,4115.65,142
2025-10-24 10:01:00,4115.46,4118.33,4115.22,4115.22,153
2025-10-24 10:02:00,4114.84,4116.85,4114.82,4116.84,150
2025-10-24 10:03:00,4117.07,4119.13,4116.41,4118.75,126
2025-10-24 10:04:00,4118.92,4118.99,4116.79,4117.99,110
2025-10-24 10:05:00,4118.07,4118.15,4115.93,4117.5,110
2025-10-24 10:06:00,4117.58,4117.62,4115.11,4115.19,122
2025-10-24 10:07:00,4115.12,4115.14,4111.79,4112.22,165
2025-10-24 10:08:00,4112.18,4115.73,4111.99,4115.09,140
2025-10-24 10:09:00,4114.91,4115.81,4113.72,4115.63,143
2025-10-24 10:10:00,4115.65,4117.53,4115.65,4117.46,116
2025-10-24 10:11:00,4117.38,4117.57,4113.08,4114.54,153
2025-10-24 10:12:00,4114.53,4116.11,4114.28,4115.21,138
2025-10-24 10:13:00,4114.98,4115.22,4114.24,4114.46,106
2025-10-24 10:14:00,4114.44,4115.06,4112.17,4114.57,172
2025-10-24 10:15:00,4114.6,4115.86,4112.3,4113.05,146
2025-10-24 10:16:00,4113.04,4113.89,4112.5,4113.75,100
2025-10-24 10:17:00,4113.55,4114.34,4112.19,4113.74,142
2025-10-24 10:18:00,4113.73,4115.36,4111.64,4114.42,158
2025-10-24 10:19:00,4114.31,4114.8,4112.75,4113.27,106
2025-10-24 10:20:00,4113.35,4117.07,4112.45,4117.05,147
2025-10-24 10:21:00,4117.08,4117.11,4112.3,4112.62,139
2025-10-24 10:22:00,4113.09,4113.28,4110.89,4112.68,148
2025-10-24 10:23:00,4112.52,4113.56,4111.98,4112.12,119
2025-10-24 10:24:00,4112.11,4113.29,4111.82,4112.32,88
2025-10-24 10:25:00,4112.33,4112.33,4109.67,4111.01,99
2025-10-24 10:26:00,4111.33,4112.9,4110.38,4111.18,139
2025-10-24 10:27:00,4110.98,4111.81,4110.27,4111.44,98
2025-10-24 10:28:00,4111.52,4112.46,4111.1,4111.61,81
2025-10-24 10:29:00,4111.58,4112.39,4111.02,4111.94,78
2025-10-24 10:30:00,4111.92,4112.64,4111.2,4112.55,118
2025-10-24 10:31:00,4112.56,4115.89,4112.56,4114.72,167
2025-10-24 10:32:00,4114.71,4116.65,4114.69,4116.65,127
2025-10-24 10:33:00,4116.63,4117.41,4115.76,4116.46,121
2025-10-24 10:34:00,4116.45,4116.67,4115.19,4115.6,83
2025-10-24 10:35:00,4115.57,4116.22,4115.57,4115.83,54
2025-10-24 10:36:00,4115.81,4116.8,4115.0,4115.64,98
2025-10-24 10:37:00,4115.99,4116.37,4114.35,4114.56,95
2025-10-24 10:38:00,4114.63,4114.85,4111.52,4112.86,98
2025-10-24 10:39:00,4112.93,4113.86,4111.55,4112.26,106
2025-10-24 10:40:00,4112.25,4113.26,4111.21,4113.26,106
2025-10-24 10:41:00,4113.25,4114.91,4111.54,4112.95,169
2025-10-24 10:42:00,4112.89,4114.75,4112.45,4114.65,98
2025-10-24 10:43:00,4114.64,4115.16,4113.62,4115.14,83
2025-10-24 10:44:00,4115.03,4115.09,4114.0,4114.54,96
2025-10-24 10:45:00,4114.29,4114.29,4112.97,4113.55,73
2025-10-24 10:46:00,4113.13,4113.6,4112.22,4113.58,69
2025-10-24 10:47:00,4113.22,4114.72,4112.78,4114.72,65
2025-10-24 10:48:00,4114.69,4116.76,4114.69,4115.62,133
2025-10-24 10:49:00,4115.83,4116.15,4115.18,4115.5,80
2025-10-24 10:50:00,4115.45,4116.23,4114.73,4115.01,108
2025-10-24 10:51:00,4115.06,4115.23,4112.82,4113.0,99
2025-10-24 10:52:00,4112.86,4113.54,4110.56,4110.66,110
2025-10-24 10:53:00,4110.67,4113.41,4110.08,4111.55,149
2025-10-24 10:54:00,4111.16,4113.42,4111.16,4113.34,98
2025-10-24 10:55:00,4113.33,4113.63,4112.63,4113.26,74
2025-10-24 10:56:00,4113.25,4113.43,4112.04,4112.04,68
2025-10-24 10:57:00,4111.85,4111.96,4111.11,4111.41,88
2025-10-24 10:58:00,4111.09,4111.14,4110.08,4110.35,109
2025-10-24 10:59:00,4110.33,4110.99,4109.4,4109.61,114
2025-10-24 11:00:00,4109.52,4110.56,4109.16,4110.28,102
2025-10-24 11:01:00,4110.26,4110.51,4108.98,4108.98,74
2025-10-24 11:02:00,4108.87,4109.61,4108.33,4108.72,108
2025-10-24 11:03:00,4108.6,4110.17,4108.14,4110.17,97
2025-10-24 11:04:00,4110.36,4110.41,4108.6,4109.48,77
2025-10-24 11:05:00,4109.68,4110.23,4109.24,4109.69,72
2025-10-24 11:06:00,4109.72,4110.17,4108.16,4108.57,66
2025-10-24 11:07:00,4108.78,4109.57,4107.89,4109.57,133
2025-10-24 11:08:00,4109.59,4110.43,4109.3,4110.16,133
2025-10-24 11:09:00,4110.18,4110.52,4107.67,4108.53,137
2025-10-24 11:10:00,4108.41,4113.59,4108.41,4113.23,148
2025-10-24 11:11:00,4113.32,4114.25,4112.86,4113.93,104
2025-10-24 11:12:00,4113.96,4116.93,4113.59,4116.93,130
2025-10-24 11:13:00,4116.96,4117.79,4115.43,4115.94,136
2025-10-24 11:14:00,4116.05,4118.12,4115.86,4117.92,95
2025-10-24 11:15:00,4117.98,4119.77,4117.56,4119.09,166
2025-10-24 11:16:00,4119.07,4119.57,4118.44,4118.64,114
2025-10-24 11:17:00,4118.63,4119.03,4116.74,4116.74,78
2025-10-24 11:18:00,4117.03,4117.26,4111.97,4112.64,146
2025-10-24 11:19:00,4112.97,4114.06,4111.62,4111.71,128
2025-10-24 11:20:00,4111.78,4114.01,4111.78,4113.48,103
2025-10-24 11:21:00,4113.46,4114.52,4113.07,4114.52,77
2025-10-24 11:22:00,4114.31,4115.33,4114.31,4115.33,91
2025-10-24 11:23:00,4115.31,4116.12,4114.66,4114.67,78
2025-10-24 11:24:00,4114.73,4114.91,4112.65,4113.34,106
2025-10-24 11:25:00,4113.36,4114.38,4113.32,4114.3,70
2025-10-24 11:26:00,4114.4,4116.06,4114.29,4115.13,107
2025-10-24 11:27:00,4115.1,4115.87,4114.41,4115.36,102
2025-10-24 11:28:00,4115.29,4116.67,4115.25,4116.04,110
2025-10-24 11:29:00,4116.05,4117.26,4116.02,4117.1,100
2025-10-24 11:30:00,4117.04,4117.76,4116.78,4117.2,82
2025-10-24 11:31:00,4117.22,4117.74,4116.36,4116.37,74
2025-10-24 11:32:00,4116.38,4117.0,4115.78,4116.87,70
2025-10-24 11:33:00,4116.91,4117.29,4115.12,4115.66,90
2025-10-24 11:34:00,4115.67,4116.71,4115.41,4116.3,56
2025-10-24 11:35:00,4116.32,4116.72,4115.88,4115.88,35
2025-10-24 11:36:00,4115.68,4116.04,4114.93,4115.92,45
2025-10-24 11:37:00,4115.92,4116.19,4115.04,4115.23,55
2025-10-24 11:38:00,4115.15,4115.15,4113.89,4114.5,77
2025-10-24 11:39:00,4114.48,4115.33,4114.19,4115.31,72
2025-10-24 11:40:00,4115.38,4115.67,4114.98,4115.24,49
2025-10-24 11:41:00,4115.24,4115.43,4114.72,4115.43,51
2025-10-24 11:42:00,4115.55,4115.9,4114.8,4114.89,55
2025-10-24 11:43:00,4114.88,4115.57,4114.08,4115.44,72
2025-10-24 11:44:00,4115.62,4117.02,4115.34,4117.02,57
2025-10-24 11:45:00,4116.99,4117.24,4116.73,4117.18,34
2025-10-24 11:46:00,4117.2,4117.61,4116.34,4117.57,52
2025-10-24 11:47:00,4117.61,4118.48,4117.51,4118.46,80
2025-10-24 11:48:00,4118.5,4120.4,4118.46,4119.82,141
2025-10-24 11:49:00,4119.82,4120.16,4119.1,4119.4,80
2025-10-24 11:50:00,4119.42,4121.12,4119.42,4120.93,145
2025-10-24 11:51:00,4121.01,4121.79,4120.83,4121.26,94
2025-10-24 11:52:00,4121.31,4121.84,4120.69,4120.74,84
2025-10-24 11:53:00,4120.75,4122.14,4120.74,4122.0,66
2025-10-24 11:54:00,4121.8,4122.14,4121.29,4122.08,62
2025-10-24 11:55:00,4122.09,4122.39,4121.24,4122.39,45
2025-10-24 11:56:00,4122.37,4123.01,4122.0,4122.35,110
2025-10-24 11:57:00,4122.33,4123.62,4122.21,4122.21,126
2025-10-24 11:58:00,4122.21,4123.47,4121.96,4122.09,120
2025-10-24 11:59:00,4122.08,4122.51,4121.81,4122.47,71
2025-10-24 12:00:00,4122.47,4123.42,4121.5,4122.05,89
2025-10-24 12:01:00,4121.98,4122.42,4120.64,4120.66,89
2025-10-24 12:02:00,4120.67,4120.92,4118.76,4119.14,116
2025-10-24 12:03:00,4119.1,4119.1,4116.99,4117.14,102
2025-10-24 12:04:00,4117.11,4119.36,4116.45,4119.35,121
2025-10-24 12:05:00,4119.36,4119.4,4117.83,4117.83,81
2025-10-24 12:06:00,4117.83,4118.16,4117.09,4117.09,81
2025-10-24 12:07:00,4117.14,4117.15,4116.18,4116.27,115
2025-10-24 12:08:00,4116.26,4117.61,4115.92,4117.46,97
2025-10-24 12:09:00,4117.45,4117.79,4116.86,4117.05,53
2025-10-24 12:10:00,4117.19,4119.26,4117.13,4119.06,56
2025-10-24 12:11:00,4118.93,4118.93,4117.59,4117.64,78
2025-10-24 12:12:00,4117.69,4117.71,4116.27,4117.16,107
2025-10-24 12:13:00,4117.15,4117.26,4116.26,4116.37,65
2025-10-24 12:14:00,4116.36,4116.54,4115.67,4116.48,63
2025-10-24 12:15:00,4116.5,4116.7,4114.96,4115.1,62
2025-10-24 12:16:00,4115.07,4115.48,4114.16,4114.98,89
2025-10-24 12:17:00,4114.97,4115.03,4114.25,4114.85,50
2025-10-24 12:18:00,4114.87,4114.87,4113.8,4114.33,79
2025-10-24 12:19:00,4114.38,4114.38,4111.74,4112.31,120
2025-10-24 12:20:00,4111.84,4111.84,4109.73,4109.82,148
2025-10-24 12:21:00,4109.94,4110.0,4107.82,4108.02,151
2025-10-24 12:22:00,4108.01,4109.65,4108.0,4109.1,92
2025-10-24 12:23:00,4109.1,4109.34,4107.57,4108.76,101
2025-10-24 12:24:00,4108.72,4109.15,4105.57,4106.42,149
2025-10-24 12:25:00,4106.37,4108.47,4105.63,4107.01,159
2025-10-24 12:26:00,4107.0,4109.16,4106.35,4108.94,131
2025-10-24 12:27:00,4108.82,4109.04,4107.14,4108.9,109
2025-10-24 12:28:00,4108.91,4109.33,4106.16,4107.16,142
2025-10-24 12:29:00,4107.1,4107.32,4105.41,4106.95,110
2025-10-24 12:30:00,4106.93,4107.67,4103.73,4104.29,135
2025-10-24 12:31:00,4104.08,4106.35,4103.74,4106.35,113
2025-10-24 12:32:00,4106.3,4106.39,4104.16,4104.77,88
2025-10-24 12:33:00,4104.79,4106.5,4103.63,4103.86,107
2025-10-24 12:34:00,4103.85,4105.4,4103.59,4104.75,116
2025-10-24 12:35:00,4104.59,4105.51,4104.26,4105.1,93
2025-10-24 12:36:00,4105.02,4105.18,4103.01,4103.62,140
2025-10-24 12:37:00,4103.07,4104.06,4102.89,4104.05,115
2025-10-24 12:38:00,4104.04,4105.7,4103.78,4105.46,88
2025-10-24 12:39:00,4105.53,4107.33,4105.38,4106.29,118
2025-10-24 12:40:00,4106.25,4107.09,4103.75,4104.25,103
2025-10-24 12:41:00,4104.16,4105.35,4103.76,4105.05,150
2025-10-24 12:42:00,4105.08,4105.97,4104.27,4105.26,89
2025-10-24 12:43:00,4105.29,4106.66,4105.27,4105.47,82
2025-10-24 12:44:00,4105.46,4106.71,4105.46,4106.69,86
2025-10-24 12:45:00,4106.7,4109.04,4106.7,4108.09,124
2025-10-24 12:46:00,4108.12,4109.06,4107.6,4108.01,103
2025-10-24 12:47:00,4107.77,4110.25,4107.77,4110.13,104
2025-10-24 12:48:00,4110.15,4113.34,4110.15,4112.87,149
2025-10-24 12:49:00,4112.88,4113.78,4112.26,4112.61,168
2025-10-24 12:50:00,4112.66,4112.71,4111.62,4112.12,88
2025-10-24 12:51:00,4112.14,4112.72,4111.35,4112.72,91
2025-10-24 12:52:00,4112.75,4113.03,4111.82,4112.2,73
2025-10-24 12:53:00,4112.23,4113.36,4111.97,4112.9,70
2025-10-24 12:54:00,4112.58,4113.39,4112.55,4112.9,73
2025-10-24 12:55:00,4112.9,4113.16,4112.39,4112.74,64
2025-10-24 12:56:00,4112.77,4113.22,4112.42,4112.48,79
2025-10-24 12:57:00,4112.48,4112.68,4111.84,4112.01,56
2025-10-24 12:58:00,4112.07,4112.9,4112.07,4112.4,51
2025-10-24 12:59:00,4112.46,4112.46,4110.57,4111.62,96
2025-10-24 13:00:00,4111.9,4113.48,4111.37,4113.19,68
2025-10-24 13:01:00,4113.21,4114.67,4111.78,4114.67,87
2025-10-24 13:02:00,4114.59,4115.47,4114.17,4114.91,81
2025-10-24 13:03:00,4114.98,4116.78,4114.7,4116.18,102
2025-10-24 13:04:00,4116.23,4117.79,4115.91,4116.99,93
2025-10-24 13:05:00,4116.98,4118.02,4115.37,4115.38,89
2025-10-24 13:06:00,4115.7,4115.89,4115.09,4115.16,75
2025-10-24 13:07:00,4115.16,4115.49,4114.7,4115.43,61
2025-10-24 13:08:00,4115.44,4115.48,4115.11,4115.45,19
2025-10-24 13:09:00,4115.37,4115.46,4114.62,4115.09,39
2025-10-24 13:10:00,4115.1,4115.45,4114.22,4114.83,90
2025-10-24 13:11:00,4115.08,4116.39,4114.79,4114.91,98
2025-10-24 13:12:00,4115.03,4115.39,4114.24,4115.13,78
2025-10-24 13:13:00,4115.28,4115.63,4114.49,4115.11,85
2025-10-24 13:14:00,4114.75,4115.3,4113.79,4115.12,87
2025-10-24 13:15:00,4115.12,4116.45,4115.09,4116.19,81
2025-10-24 13:16:00,4116.2,4116.76,4116.2,4116.76,59
2025-10-24 13:17:00,4117.25,4117.96,4116.11,4116.62,94
2025-10-24 13:18:00,4116.61,4116.63,4115.68,4116.04,43
2025-10-24 13:19:00,4116.03,4117.17,4116.03,4116.75,79
2025-10-24 13:20:00,4116.53,4116.74,4115.15,4115.15,61
2025-10-24 13:21:00,4115.18,4115.45,4114.58,4115.3,98
2025-10-24 13:22:00,4115.27,4116.52,4115.2,4115.2,82
2025-10-24 13:23:00,4115.21,4115.25,4114.2,4114.2,92
2025-10-24 13:24:00,4114.22,4114.68,4111.8,4111.81,113
2025-10-24 13:25:00,4111.84,4112.93,4110.7,4112.93,138
2025-10-24 13:26:00,4112.92,4113.22,4111.56,4112.21,83
2025-10-24 13:27:00,4112.22,4112.42,4111.45,4111.64,52
2025-10-24 13:28:00,4111.65,4112.27,4110.9,4112.2,69
2025-10-24 13:29:00,4112.19,4113.53,4112.07,4112.73,60
2025-10-24 13:30:00,4112.73,4112.92,4109.75,4111.46,127
2025-10-24 13:31:00,4111.5,4112.05,4111.06,4111.58,75
2025-10-24 13:32:00,4111.63,4111.99,4110.07,4111.24,70
2025-10-24 13:33:00,4111.17,4113.47,4111.04,4113.36,79
2025-10-24 13:34:00,4113.28,4113.28,4109.35,4109.73,113
2025-10-24 13:35:00,4109.84,4110.65,4109.46,4110.16,139
2025-10-24 13:36:00,4110.13,4110.37,4108.13,4108.84,155
2025-10-24 13:37:00,4108.95,4109.86,4106.96,4107.0,143
2025-10-24 13:38:00,4106.96,4107.98,4106.41,4106.54,155
2025-10-24 13:39:00,4106.57,4107.68,4105.92,4107.05,100
2025-10-24 13:40:00,4106.67,4107.96,4106.36,4107.37,122
2025-10-24 13:41:00,4107.36,4107.47,4105.17,4106.56,111
2025-10-24 13:42:00,4106.57,4108.14,4106.46,4107.7,127
2025-10-24 13:43:00,4107.73,4109.91,4107.47,4109.28,123
2025-10-24 13:44:00,4109.33,4109.77,4107.36,4108.65,108
2025-10-24 13:45:00,4108.57,4108.57,4107.03,4107.64,88
2025-10-24 13:46:00,4107.29,4107.74,4106.64,4107.43,81
2025-10-24 13:47:00,4107.53,4109.58,4107.53,4108.83,89
2025-10-24 13:48:00,4109.03,4110.19,4108.6,4109.79,96
2025-10-24 13:49:00,4109.78,4111.57,4109.21,4110.62,138
2025-10-24 13:50:00,4110.55,4111.99,4109.97,4111.66,134
2025-10-24 13:51:00,4111.63,4112.23,4111.08,4112.18,105
2025-10-24 13:52:00,4112.31,4112.98,4110.59,4111.89,103
2025-10-24 13:53:00,4112.0,4113.21,4112.0,4113.0,54
2025-10-24 13:54:00,4113.03,4113.4,4111.83,4113.11,95
2025-10-24 13:55:00,4112.47,4112.94,4109.45,4109.88,103
2025-10-24 13:56:00,4109.89,4111.0,4108.43,4108.43,119
2025-10-24 13:57:00,4108.38,4108.47,4104.47,4104.88,107
2025-10-24 13:58:00,4104.87,4106.15,4104.13,4104.58,131
2025-10-24 13:59:00,4104.48,4104.53,4103.02,4104.53,99
2025-10-24 14:00:00,4104.45,4104.61,4102.55,4102.8,120
2025-10-24 14:01:00,4102.76,4104.78,4102.61,4103.93,111
2025-10-24 14:02:00,4103.92,4103.92,4100.04,4100.04,161
2025-10-24 14:03:00,4099.87,4100.17,4095.02,4095.57,232
2025-10-24 14:04:00,4095.59,4096.54,4093.46,4095.19,199
2025-10-24 14:05:00,4095.1,4097.1,4094.18,4095.09,168
2025-10-24 14:06:00,4095.45,4096.32,4088.31,4089.27,183
2025-10-24 14:07:00,4089.34,4090.97,4085.69,4088.36,221
2025-10-24 14:08:00,4088.52,4092.19,4087.43,4091.42,185
2025-10-24 14:09:00,4091.37,4091.66,4087.73,4089.48,165
2025-10-24 14:10:00,4089.47,4089.47,4083.55,4086.56,205
2025-10-24 14:11:00,4086.97,4090.62,4086.87,4088.45,203
2025-10-24 14:12:00,4088.46,4090.36,4086.95,4089.68,161
2025-10-24 14:13:00,4089.71,4090.01,4083.92,4084.19,154
2025-10-24 14:14:00,4084.36,4085.8,4081.86,4083.36,219
2025-10-24 14:15:00,4083.36,4087.42,4083.36,4084.49,189
2025-10-24 14:16:00,4084.47,4084.76,4082.16,4083.7,187
2025-10-24 14:17:00,4083.66,4087.55,4083.66,4086.1,158
2025-10-24 14:18:00,4086.08,4088.27,4085.3,4087.39,147
2025-10-24 14:19:00,4087.4,4088.55,4085.82,4088.55,126
2025-10-24 14:20:00,4088.56,4089.16,4085.86,4087.75,191
2025-10-24 14:21:00,4087.75,4087.75,4081.35,4085.8,205
2025-10-24 14:22:00,4085.96,4087.31,4084.28,4085.08,187
2025-10-24 14:23:00,4085.08,4086.89,4084.27,4086.33,122
2025-10-24 14:24:00,4086.55,4086.81,4084.76,4085.77,138
2025-10-24 14:25:00,4085.78,4086.44,4082.21,4082.28,193
2025-10-24 14:26:00,4082.27,4085.45,4081.92,4085.17,155
2025-10-24 14:27:00,4085.23,4091.12,4085.17,4089.19,190
2025-10-24 14:28:00,4089.24,4090.64,4087.74,4088.88,167
2025-10-24 14:29:00,4088.86,4090.24,4087.05,4089.6,154
2025-10-24 14:30:00,4089.87,4090.78,4088.06,4088.11,167
2025-10-24 14:31:00,4088.09,4089.25,4083.69,4088.05,189
2025-10-24 14:32:00,4088.03,4088.03,4085.52,4086.06,152
2025-10-24 14:33:00,4086.11,4088.05,4086.02,4086.56,169
2025-10-24 14:34:00,4086.52,4088.74,4085.65,4088.08,142
2025-10-24 14:35:00,4088.03,4089.34,4087.51,4088.01,135
2025-10-24 14:36:00,4088.02,4092.3,4088.02,4092.3,157
2025-10-24 14:37:00,4092.31,4092.73,4090.69,4092.27,149
2025-10-24 14:38:00,4092.71,4093.63,4092.25,4093.63,156
2025-10-24 14:39:00,4093.7,4095.06,4092.6,4095.04,159
2025-10-24 14:40:00,4095.34,4096.24,4093.94,4094.6,211
2025-10-24 14:41:00,4094.59,4096.16,4093.88,4095.21,139
2025-10-24 14:42:00,4095.18,4095.24,4092.24,4092.24,138
2025-10-24 14:43:00,4092.29,4094.23,4091.24,4093.19,145
2025-10-24 14:44:00,4093.22,4094.01,4092.97,4093.36,99
2025-10-24 14:45:00,4093.41,4094.26,4093.34,4094.12,86
2025-10-24 14:46:00,4094.14,4094.68,4093.21,4094.04,91
2025-10-24 14:47:00,4094.03,4094.9,4093.54,4093.58,85
2025-10-24 14:48:00,4093.5,4094.85,4093.48,4094.11,85
2025-10-24 14:49:00,4094.25,4094.97,4093.54,4094.38,89
2025-10-24 14:50:00,4094.36,4095.72,4094.04,4095.21,96
2025-10-24 14:51:00,4095.1,4097.45,4094.99,4097.11,112
2025-10-24 14:52:00,4097.21,4097.21,4094.82,4095.05,120
2025-10-24 14:53:00,4095.35,4095.56,4094.44,4095.23,76
2025-10-24 14:54:00,4095.24,4095.44,4094.42,4094.46,89
2025-10-24 14:55:00,4094.16,4095.02,4092.07,4092.38,125
2025-10-24 14:56:00,4092.5,4093.67,4090.68,4091.08,151
2025-10-24 14:57:00,4091.03,4092.77,4090.79,4091.33,151
2025-10-24 14:58:00,4091.58,4091.92,4090.7,4090.88,153
2025-10-24 14:59:00,4090.85,4092.35,4090.82,4092.26,118
2025-10-24 15:00:00,4092.33,4094.44,4091.98,4092.2,147
2025-10-24 15:01:00,4092.15,4093.35,4090.5,4090.69,110
2025-10-24 15:02:00,4090.76,4095.45,4090.76,4095.06,161
2025-10-24 15:03:00,4095.05,4095.24,4091.52,4092.75,160
2025-10-24 15:04:00,4092.73,4094.48,4092.41,4092.9,135
2025-10-24 15:05:00,4092.83,4093.11,4090.75,4092.77,124
2025-10-24 15:06:00,4093.25,4093.98,4091.85,4092.53,116
2025-10-24 15:07:00,4092.56,4094.33,4092.52,4094.06,122
2025-10-24 15:08:00,4094.05,4095.02,4092.69,4093.1,117
2025-10-24 15:09:00,4093.06,4094.07,4092.72,4093.09,133
2025-10-24 15:10:00,4093.05,4094.49,4092.74,4094.18,85
2025-10-24 15:11:00,4094.17,4095.96,4093.72,4094.03,148
2025-10-24 15:12:00,4094.34,4094.53,4091.05,4091.31,142
2025-10-24 15:13:00,4091.3,4093.65,4090.96,4093.35,117
2025-10-24 15:14:00,4093.33,4095.75,4093.29,4094.99,105
2025-10-24 15:15:00,4094.97,4094.97,4091.03,4092.23,165
2025-10-24 15:16:00,4092.25,4094.55,4092.22,4094.55,104
2025-10-24 15:17:00,4094.54,4094.56,4092.89,4093.42,79
2025-10-24 15:18:00,4093.06,4093.86,4092.21,4092.52,104
2025-10-24 15:19:00,4092.51,4095.41,4092.4,4095.41,111
2025-10-24 15:20:00,4095.42,4095.5,4092.49,4092.87,136
2025-10-24 15:21:00,4092.76,4093.52,4091.05,4091.3,117
2025-10-24 15:22:00,4091.28,4092.02,4091.08,4091.14,111
2025-10-24 15:23:00,4090.98,4093.11,4090.8,4092.41,125
2025-10-24 15:24:00,4092.4,4092.88,4089.4,4089.4,93
2025-10-24 15:25:00,4089.49,4090.12,4087.59,4087.99,184
2025-10-24 15:26:00,4088.34,4090.37,4086.75,4090.07,180
2025-10-24 15:27:00,4090.26,4091.45,4088.12,4088.71,134
2025-10-24 15:28:00,4088.64,4089.79,4088.01,4089.51,99
2025-10-24 15:29:00,4089.52,4089.77,4087.28,4088.65,102
2025-10-24 15:30:00,4089.33,4090.34,4085.22,4087.58,148
2025-10-24 15:31:00,4088.16,4090.02,4087.36,4088.77,124
2025-10-24 15:32:00,4088.75,4090.06,4088.59,4088.95,142
2025-10-24 15:33:00,4088.92,4090.14,4088.79,4089.3,136
2025-10-24 15:34:00,4088.85,4088.85,4086.07,4088.5,151
2025-10-24 15:35:00,4088.44,4088.96,4086.42,4086.85,121
2025-10-24 15:36:00,4086.96,4086.98,4083.28,4084.34,147
2025-10-24 15:37:00,4084.29,4086.31,4082.48,4083.71,164
2025-10-24 15:38:00,4083.58,4087.67,4083.55,4087.07,158
2025-10-24 15:39:00,4087.08,4088.64,4087.08,4088.46,130
2025-10-24 15:40:00,4088.42,4091.39,4087.91,4090.58,138
2025-10-24 15:41:00,4090.55,4090.55,4087.54,4087.75,127
2025-10-24 15:42:00,4087.91,4088.02,4085.86,4086.21,102
2025-10-24 15:43:00,4087.03,4087.68,4084.87,4086.09,121
2025-10-24 15:44:00,4086.11,4088.6,4084.59,4087.13,136
2025-10-24 15:45:00,4087.1,4087.63,4085.87,4085.99,96
2025-10-24 15:46:00,4086.59,4086.78,4082.3,4084.18,110
2025-10-24 15:47:00,4084.31,4088.27,4083.76,4087.25,183
2025-10-24 15:48:00,4087.23,4087.7,4083.87,4084.53,107
2025-10-24 15:49:00,4084.41,4084.74,4083.05,4084.11,108
2025-10-24 15:50:00,4083.82,4084.47,4082.93,4084.07,149
2025-10-24 15:51:00,4084.09,4084.09,4075.93,4075.93,182
2025-10-24 15:52:00,4076.03,4078.59,4073.75,4074.33,201
2025-10-24 15:53:00,4074.34,4077.0,4073.49,4076.97,163
2025-10-24 15:54:00,4076.94,4078.01,4072.45,4072.45,203
2025-10-24 15:55:00,4072.86,4073.38,4069.71,4071.53,218
2025-10-24 15:56:00,4071.59,4075.9,4070.89,4074.64,224
2025-10-24 15:57:00,4074.55,4075.17,4072.68,4073.95,183
2025-10-24 15:58:00,4073.85,4074.5,4070.78,4072.96,180
2025-10-24 15:59:00,4072.95,4075.39,4072.9,4074.37,149
2025-10-24 16:00:00,4074.4,4077.72,4073.28,4074.15,190
2025-10-24 16:01:00,4074.61,4074.61,4070.36,4070.62,204
2025-10-24 16:02:00,4070.36,4073.04,4070.06,4073.04,202
2025-10-24 16:03:00,4072.91,4073.37,4070.07,4070.6,167
2025-10-24 16:04:00,4070.88,4071.59,4065.01,4065.82,231
2025-10-24 16:05:00,4065.84,4067.54,4063.51,4064.0,233
2025-10-24 16:06:00,4064.0,4069.42,4063.42,4069.05,202
2025-10-24 16:07:00,4069.15,4069.28,4063.88,4063.96,226
2025-10-24 16:08:00,4063.84,4068.33,4063.78,4067.0,205
2025-10-24 16:09:00,4067.24,4067.81,4065.16,4065.2,180
2025-10-24 16:10:00,4065.23,4065.44,4054.16,4054.85,244
2025-10-24 16:11:00,4054.54,4059.19,4053.48,4058.62,238
2025-10-24 16:12:00,4058.73,4058.91,4052.08,4052.62,211
2025-10-24 16:13:00,4052.67,4059.61,4052.6,4058.58,225
2025-10-24 16:14:00,4058.64,4058.67,4053.7,4054.38,216
2025-10-24 16:15:00,4054.36,4055.82,4048.9,4050.51,193
2025-10-24 16:16:00,4050.46,4055.41,4048.67,4053.89,249
2025-10-24 16:17:00,4053.66,4056.45,4052.69,4056.45,200
2025-10-24 16:18:00,4056.67,4057.09,4053.09,4055.33,190
2025-10-24 16:19:00,4055.58,4058.02,4055.25,4055.3,169
2025-10-24 16:20:00,4055.21,4056.9,4053.86,4055.63,177
2025-10-24 16:21:00,4055.66,4056.72,4053.6,4053.83,203
2025-10-24 16:22:00,4053.79,4055.72,4053.74,4055.03,148
2025-10-24 16:23:00,4054.95,4057.31,4053.48,4053.65,177
2025-10-24 16:24:00,4053.62,4054.18,4048.98,4049.53,203
2025-10-24 16:25:00,4049.52,4051.05,4047.56,4049.7,221
2025-10-24 16:26:00,4049.76,4051.75,4049.73,4050.74,204
2025-10-24 16:27:00,4050.73,4055.3,4050.5,4052.67,209
2025-10-24 16:28:00,4052.64,4055.78,4050.66,4055.43,209
2025-10-24 16:29:00,4055.32,4055.45,4053.25,4053.87,147
2025-10-24 16:30:00,4053.65,4054.49,4051.85,4052.72,164
2025-10-24 16:31:00,4052.87,4053.19,4050.49,4051.53,188
2025-10-24 16:32:00,4051.52,4057.2,4050.79,4056.36,203
2025-10-24 16:33:00,4056.41,4056.93,4053.54,4054.81,176
2025-10-24 16:34:00,4054.79,4057.91,4054.42,4057.09,201
2025-10-24 16:35:00,4057.04,4058.98,4055.76,4058.18,158
2025-10-24 16:36:00,4058.22,4064.31,4057.81,4062.81,232
2025-10-24 16:37:00,4063.24,4064.06,4060.35,4060.88,169
2025-10-24 16:38:00,4060.54,4062.8,4060.54,4061.17,127
2025-10-24 16:39:00,4060.91,4061.41,4058.24,4058.91,116
2025-10-24 16:40:00,4058.9,4058.93,4056.2,4056.31,97
2025-10-24 16:41:00,4055.93,4056.82,4051.11,4051.36,173
2025-10-24 16:42:00,4051.46,4056.74,4050.63,4056.43,165
2025-10-24 16:43:00,4056.41,4057.37,4055.59,4056.93,106
2025-10-24 16:44:00,4056.95,4056.95,4055.54,4056.5,95
2025-10-24 16:45:00,4056.81,4060.7,4055.94,4060.27,123
2025-10-24 16:46:00,4060.11,4060.65,4058.47,4058.64,122
2025-10-24 16:47:00,4059.87,4067.72,4059.85,4065.64,228
2025-10-24 16:48:00,4065.64,4066.03,4064.51,4065.28,162
2025-10-24 16:49:00,4065.27,4066.56,4064.02,4065.39,125
2025-10-24 16:50:00,4065.35,4068.33,4065.01,4067.59,163
2025-10-24 16:51:00,4067.61,4069.41,4066.29,4066.32,120
2025-10-24 16:52:00,4066.21,4067.83,4065.04,4066.6,115
2025-10-24 16:53:00,4066.7,4067.43,4065.46,4065.46,89
2025-10-24 16:54:00,4065.53,4066.42,4063.14,4063.55,150
2025-10-24 16:55:00,4063.53,4065.95,4062.49,4065.44,173
2025-10-24 16:56:00,4065.57,4066.75,4064.54,4064.54,100
2025-10-24 16:57:00,4064.56,4064.93,4062.32,4064.81,156
2025-10-24 16:58:00,4064.89,4065.77,4064.46,4065.73,134
2025-10-24 16:59:00,4065.75,4065.98,4064.59,4065.38,116
2025-10-24 17:00:00,4065.19,4065.87,4062.58,4064.49,148
2025-10-24 17:01:00,4064.48,4065.12,4062.46,4062.94,140
2025-10-24 17:02:00,4062.97,4065.05,4062.78,4064.75,83
2025-10-24 17:03:00,4064.81,4064.81,4063.16,4064.53,90
2025-10-24 17:04:00,4064.71,4068.9,4063.97,4068.64,162
2025-10-24 17:05:00,4068.66,4070.02,4067.4,4068.65,194
2025-10-24 17:06:00,4068.68,4071.17,4066.73,4070.3,159
2025-10-24 17:07:00,4070.41,4071.53,4069.94,4071.04,193
2025-10-24 17:08:00,4071.21,4072.57,4070.83,4072.43,168
2025-10-24 17:09:00,4072.43,4072.58,4071.6,4071.91,122
2025-10-24 17:10:00,4071.9,4072.03,4070.0,4071.47,169
2025-10-24 17:11:00,4071.5,4071.55,4070.38,4070.81,102
2025-10-24 17:12:00,4070.8,4070.86,4069.38,4070.14,120
2025-10-24 17:13:00,4070.16,4071.43,4070.16,4071.21,87
2025-10-24 17:14:00,4071.21,4072.47,4071.21,4071.62,99
2025-10-24 17:15:00,4071.69,4072.43,4070.13,4070.24,110
2025-10-24 17:16:00,4070.17,4071.43,4069.81,4070.91,111
2025-10-24 17:17:00,4070.93,4072.91,4070.93,4072.02,118
2025-10-24 17:18:00,4072.0,4072.16,4069.76,4070.58,138
2025-10-24 17:19:00,4070.54,4072.67,4070.54,4071.11,86
2025-10-24 17:20:00,4071.12,4072.02,4070.45,4071.4,86
2025-10-24 17:21:00,4071.44,4071.57,4070.6,4071.14,82
2025-10-24 17:22:00,4071.17,4072.24,4070.79,4072.16,97
2025-10-24 17:23:00,4072.16,4073.3,4072.08,4072.87,96
2025-10-24 17:24:00,4072.85,4072.85,4069.31,4069.37,90
2025-10-24 17:25:00,4069.41,4070.17,4069.14,4069.91,94
2025-10-24 17:26:00,4069.95,4071.12,4069.25,4070.32,148
2025-10-24 17:27:00,4070.32,4071.39,4069.84,4070.74,116
2025-10-24 17:28:00,4070.59,4070.66,4068.91,4069.85,127
2025-10-24 17:29:00,4069.87,4070.2,4069.04,4069.8,127
2025-10-24 17:30:00,4069.91,4070.88,4068.04,4070.88,158
2025-10-24 17:31:00,4070.79,4073.67,4070.01,4073.37,171
2025-10-24 17:32:00,4073.48,4073.58,4070.97,4070.97,125
2025-10-24 17:33:00,4071.04,4071.04,4070.01,4071.0,113
2025-10-24 17:34:00,4070.97,4070.99,4069.17,4070.15,105
2025-10-24 17:35:00,4070.13,4070.14,4068.87,4068.96,68
2025-10-24 17:36:00,4069.03,4069.89,4066.97,4068.89,156
2025-10-24 17:37:00,4068.81,4072.07,4067.67,4067.86,165
2025-10-24 17:38:00,4067.95,4070.15,4067.44,4067.68,165
2025-10-24 17:39:00,4067.76,4068.5,4065.54,4066.18,168
2025-10-24 17:40:00,4066.14,4067.75,4065.44,4066.46,145
2025-10-24 17:41:00,4066.44,4069.59,4066.17,4068.95,169
2025-10-24 17:42:00,4069.0,4070.69,4068.97,4070.16,140
2025-10-24 17:43:00,4070.2,4070.2,4068.68,4069.57,124
2025-10-24 17:44:00,4069.55,4070.64,4069.55,4069.74,118
2025-10-24 17:45:00,4069.73,4071.15,4069.43,4070.95,95
2025-10-24 17:46:00,4070.96,4071.83,4070.93,4071.59,65
2025-10-24 17:47:00,4071.57,4071.97,4071.19,4071.96,60
2025-10-24 17:48:00,4071.99,4072.1,4070.59,4070.59,49
2025-10-24 17:49:00,4070.67,4071.28,4070.45,4070.55,56
2025-10-24 17:50:00,4070.53,4070.73,4068.33,4068.87,98
2025-10-24 17:51:00,4068.1,4068.1,4064.24,4064.3,147
2025-10-24 17:52:00,4064.31,4064.31,4060.59,4060.99,183
2025-10-24 17:53:00,4061.25,4063.63,4060.22,4063.04,208
2025-10-24 17:54:00,4063.28,4063.41,4056.74,4057.67,227
2025-10-24 17:55:00,4057.71,4060.2,4054.45,4057.89,231
2025-10-24 17:56:00,4058.33,4060.59,4058.33,4058.66,134
2025-10-24 17:57:00,4058.46,4061.55,4058.46,4059.98,170
2025-10-24 17:58:00,4060.08,4060.66,4059.38,4059.48,130
2025-10-24 17:59:00,4059.5,4061.07,4059.2,4060.84,114
2025-10-24 18:00:00,4061.08,4061.28,4059.64,4060.06,113
2025-10-24 18:01:00,4060.03,4064.22,4059.93,4062.4,167
2025-10-24 18:02:00,4062.37,4064.98,4062.08,4064.57,151
2025-10-24 18:03:00,4064.64,4068.33,4063.73,4068.15,151
2025-10-24 18:04:00,4068.44,4070.85,4067.48,4069.9,166
2025-10-24 18:05:00,4069.82,4069.84,4068.0,4069.39,125
2025-10-24 18:06:00,4069.39,4070.07,4068.69,4069.16,147
2025-10-24 18:07:00,4069.17,4069.42,4066.71,4066.85,142
2025-10-24 18:08:00,4066.83,4067.96,4065.02,4066.03,169
2025-10-24 18:09:00,4066.05,4066.92,4065.75,4066.45,133
2025-10-24 18:10:00,4066.4,4066.94,4065.89,4066.76,103
2025-10-24 18:11:00,4066.8,4066.85,4065.94,4066.17,97
2025-10-24 18:12:00,4066.17,4066.78,4065.63,4066.56,83
2025-10-24 18:13:00,4066.7,4067.6,4066.43,4067.59,89
2025-10-24 18:14:00,4067.58,4067.61,4066.76,4066.93,72
2025-10-24 18:15:00,4066.95,4067.64,4066.76,4067.39,48
2025-10-24 18:16:00,4067.4,4067.44,4066.81,4067.44,72
2025-10-24 18:17:00,4067.59,4067.59,4066.51,4066.63,44
2025-10-24 18:18:00,4066.54,4067.26,4066.27,4066.77,64
2025-10-24 18:19:00,4066.8,4066.99,4066.04,4066.13,57
2025-10-24 18:20:00,4066.11,4066.11,4064.03,4065.56,85
2025-10-24 18:21:00,4065.53,4065.92,4063.75,4064.25,97
2025-10-24 18:22:00,4064.24,4064.51,4063.73,4063.84,59
2025-10-24 18:23:00,4063.76,4065.95,4063.76,4065.85,85
2025-10-24 18:24:00,4065.9,4065.97,4064.47,4064.79,75
2025-10-24 18:25:00,4064.8,4064.86,4063.76,4063.77,90
2025-10-24 18:26:00,4063.27,4063.61,4060.58,4062.26,120
2025-10-24 18:27:00,4062.12,4062.73,4061.43,4061.43,87
2025-10-24 18:28:00,4061.4,4062.52,4058.92,4059.59,112
2025-10-24 18:29:00,4059.61,4060.41,4058.49,4059.17,97
2025-10-24 18:30:00,4059.2,4060.79,4055.15,4059.81,148
2025-10-24 18:31:00,4059.37,4059.37,4057.59,4058.6,101
2025-10-24 18:32:00,4058.7,4062.95,4058.66,4061.22,145
2025-10-24 18:33:00,4061.2,4062.12,4061.19,4061.62,71
2025-10-24 18:34:00,4061.58,4061.92,4056.68,4057.22,160
2025-10-24 18:35:00,4057.23,4057.71,4054.84,4057.59,187
2025-10-24 18:36:00,4057.64,4060.72,4057.59,4060.72,134
2025-10-24 18:37:00,4060.69,4061.87,4059.87,4061.87,118
2025-10-24 18:38:00,4061.88,4061.92,4059.64,4061.14,104
2025-10-24 18:39:00,4061.07,4061.27,4058.38,4058.72,125
2025-10-24 18:40:00,4058.66,4060.77,4058.65,4059.55,82
2025-10-24 18:41:00,4059.53,4060.19,4059.15,4059.93,77
2025-10-24 18:42:00,4059.72,4061.54,4059.3,4059.66,74
2025-10-24 18:43:00,4059.65,4060.48,4058.92,4060.13,75
2025-10-24 18:44:00,4060.11,4060.33,4058.19,4058.43,67
2025-10-24 18:45:00,4058.39,4059.44,4056.82,4057.1,112
2025-10-24 18:46:00,4057.32,4059.4,4057.32,4059.38,97
2025-10-24 18:47:00,4059.34,4059.51,4057.09,4058.37,109
2025-10-24 18:48:00,4058.36,4059.29,4057.85,4059.07,139
2025-10-24 18:49:00,4058.85,4060.5,4058.17,4058.95,122
2025-10-24 18:50:00,4058.7,4058.7,4057.02,4057.69,83
2025-10-24 18:51:00,4057.66,4057.76,4055.9,4057.28,102
2025-10-24 18:52:00,4057.46,4059.01,4057.19,4058.73,76
2025-10-24 18:53:00,4058.69,4058.69,4057.19,4058.1,42
2025-10-24 18:54:00,4058.07,4058.45,4057.28,4057.39,52
2025-10-24 18:55:00,4057.85,4058.31,4055.58,4055.66,82
2025-10-24 18:56:00,4055.66,4055.76,4053.61,4055.04,142
2025-10-24 18:57:00,4054.77,4056.11,4054.46,4055.44,85
2025-10-24 18:58:00,4055.37,4055.74,4054.35,4055.32,123
2025-10-24 18:59:00,4055.33,4055.69,4053.99,4054.87,140
2025-10-24 19:00:00,4054.8,4057.15,4053.84,4054.1,145
2025-10-24 19:01:00,4054.28,4055.24,4052.11,4052.11,174
2025-10-24 19:02:00,4052.13,4053.06,4049.2,4049.76,207
2025-10-24 19:03:00,4049.5,4050.76,4044.74,4048.81,239
2025-10-24 19:04:00,4049.18,4051.0,4045.82,4046.51,226
2025-10-24 19:05:00,4046.52,4049.78,4046.52,4048.98,207
2025-10-24 19:06:00,4048.89,4052.59,4045.33,4052.57,240
2025-10-24 19:07:00,4052.56,4056.23,4051.97,4056.23,206
2025-10-24 19:08:00,4056.13,4059.67,4055.73,4058.71,201
2025-10-24 19:09:00,4058.72,4060.87,4058.25,4060.16,174
2025-10-24 19:10:00,4060.13,4061.86,4060.07,4060.44,174
2025-10-24 19:11:00,4060.41,4061.4,4059.89,4059.91,207
2025-10-24 19:12:00,4059.9,4060.11,4057.69,4058.6,167
2025-10-24 19:13:00,4058.58,4058.59,4056.41,4056.99,180
2025-10-24 19:14:00,4056.99,4059.03,4056.67,4058.87,186
2025-10-24 19:15:00,4058.86,4060.42,4057.77,4058.4,149
2025-10-24 19:16:00,4058.33,4059.21,4057.64,4058.18,91
2025-10-24 19:17:00,4058.2,4061.14,4057.42,4060.95,124
2025-10-24 19:18:00,4060.54,4061.44,4059.17,4060.08,163
2025-10-24 19:19:00,4060.46,4061.01,4058.31,4058.81,168
2025-10-24 19:20:00,4058.85,4059.17,4057.63,4058.37,118
2025-10-24 19:21:00,4058.38,4058.81,4057.53,4057.58,120
2025-10-24 19:22:00,4057.59,4058.24,4055.69,4056.51,172
2025-10-24 19:23:00,4056.53,4057.35,4056.31,4056.54,128
2025-10-24 19:24:00,4056.57,4057.21,4055.72,4055.77,122
2025-10-24 19:25:00,4055.78,4055.81,4054.8,4055.66,114
2025-10-24 19:26:00,4055.67,4057.43,4054.93,4057.03,137
2025-10-24 19:27:00,4057.08,4058.78,4056.43,4057.52,181
2025-10-24 19:28:00,4057.53,4057.59,4055.9,4056.57,122
2025-10-24 19:29:00,4056.73,4058.36,4056.73,4056.77,139
2025-10-24 19:30:00,4056.66,4056.96,4055.11,4055.34,139
2025-10-24 19:31:00,4055.32,4057.53,4055.32,4056.41,90
2025-10-24 19:32:00,4056.59,4058.52,4056.36,4058.4,106
2025-10-24 19:33:00,4058.34,4059.79,4058.25,4059.67,108
2025-10-24 19:34:00,4059.42,4060.39,4058.85,4060.24,92
2025-10-24 19:35:00,4060.23,4060.3,4059.08,4059.31,83
2025-10-24 19:36:00,4059.29,4059.36,4057.16,4057.18,116
2025-10-24 19:37:00,4057.16,4057.35,4056.15,4057.07,101
2025-10-24 19:38:00,4056.85,4056.85,4055.76,4056.52,90
2025-10-24 19:39:00,4056.29,4056.5,4054.76,4055.72,113
2025-10-24 19:40:00,4055.73,4057.46,4055.01,4056.59,138
2025-10-24 19:41:00,4056.58,4058.22,4056.21,4057.6,118
2025-10-24 19:42:00,4057.61,4058.56,4057.6,4058.38,93
2025-10-24 19:43:00,4058.36,4058.56,4057.54,4057.56,91
2025-10-24 19:44:00,4057.61,4058.54,4057.34,4058.51,85
2025-10-24 19:45:00,4058.44,4059.31,4057.8,4059.31,95
2025-10-24 19:46:00,4059.28,4062.5,4059.27,4062.29,140
2025-10-24 19:47:00,4062.19,4063.7,4060.81,4063.26,137
2025-10-24 19:48:00,4063.34,4064.04,4063.03,4063.31,150
2025-10-24 19:49:00,4063.25,4065.56,4063.02,4065.56,165
2025-10-24 19:50:00,4065.1,4065.56,4062.66,4062.71,124
2025-10-24 19:51:00,4061.81,4064.02,4061.26,4063.2,137
2025-10-24 19:52:00,4063.22,4063.69,4062.19,4063.34,103
2025-10-24 19:53:00,4063.39,4064.34,4061.45,4061.51,135
2025-10-24 19:54:00,4061.78,4062.74,4060.08,4060.1,191
2025-10-24 19:55:00,4060.07,4060.14,4058.77,4058.87,154
2025-10-24 19:56:00,4058.9,4060.26,4058.9,4059.84,108
2025-10-24 19:57:00,4059.88,4061.34,4059.02,4061.2,153
2025-10-24 19:58:00,4061.33,4061.7,4060.26,4060.6,133
2025-10-24 19:59:00,4060.66,4061.46,4060.09,4061.46,121
2025-10-24 20:00:00,4061.44,4062.41,4060.7,4061.08,159
2025-10-24 20:01:00,4061.16,4064.32,4060.73,4063.24,167
2025-10-24 20:02:00,4063.39,4064.77,4063.32,4064.32,123
2025-10-24 20:03:00,4064.23,4064.58,4062.11,4064.04,139
2025-10-24 20:04:00,4064.24,4064.58,4063.12,4063.42,125
2025-10-24 20:05:00,4063.35,4063.48,4060.19,4061.32,176
2025-10-24 20:06:00,4061.37,4064.1,4059.89,4061.97,192
2025-10-24 20:07:00,4062.05,4062.94,4060.84,4062.49,159
2025-10-24 20:08:00,4062.51,4064.41,4061.99,4063.39,134
2025-10-24 20:09:00,4063.41,4065.31,4063.41,4064.53,153
2025-10-24 20:10:00,4064.52,4064.82,4062.67,4062.79,119
2025-10-24 20:11:00,4062.81,4064.13,4062.11,4063.05,188
2025-10-24 20:12:00,4063.06,4063.78,4062.8,4063.56,165
2025-10-24 20:13:00,4063.56,4063.75,4061.58,4063.41,156
2025-10-24 20:14:00,4063.37,4063.43,4061.85,4062.26,119
2025-10-24 20:15:00,4062.24,4063.12,4061.41,4062.64,127
2025-10-24 20:16:00,4062.63,4063.76,4061.79,4063.66,140
2025-10-24 20:17:00,4063.64,4063.86,4062.77,4063.03,104
2025-10-24 20:18:00,4062.96,4064.02,4062.64,4063.71,110
2025-10-24 20:19:00,4063.77,4064.5,4062.75,4062.75,153
2025-10-24 20:20:00,4062.71,4063.63,4061.06,4063.51,186
2025-10-24 20:21:00,4063.5,4063.88,4060.5,4062.87,151
2025-10-24 20:22:00,4062.89,4063.76,4061.85,4062.81,139
2025-10-24 20:23:00,4062.55,4064.13,4062.03,4063.6,181
2025-10-24 20:24:00,4063.62,4063.76,4061.74,4062.84,125
2025-10-24 20:25:00,4062.87,4063.17,4061.4,4061.71,132
2025-10-24 20:26:00,4061.72,4062.32,4060.69,4061.11,90
2025-10-24 20:27:00,4061.22,4062.3,4060.64,4060.68,97
2025-10-24 20:28:00,4060.47,4061.92,4060.04,4061.23,160
2025-10-24 20:29:00,4061.22,4062.33,4061.22,4061.47,116
2025-10-24 20:30:00,4061.45,4092.37,4061.16,4090.39,272
2025-10-24 20:31:00,4091.16,4092.7,4082.96,4090.88,268
2025-10-24 20:32:00,4090.98,4091.28,4083.47,4089.7,261
2025-10-24 20:33:00,4089.71,4092.34,4085.53,4092.04,244
2025-10-24 20:34:00,4091.81,4093.02,4089.07,4090.37,234
2025-10-24 20:35:00,4090.31,4091.0,4086.49,4090.66,248
2025-10-24 20:36:00,4090.22,4091.47,4087.94,4089.45,242
2025-10-24 20:37:00,4089.09,4089.74,4083.47,4085.17,240
2025-10-24 20:38:00,4085.23,4086.26,4076.64,4078.2,262
2025-10-24 20:39:00,4078.07,4083.21,4076.2,4080.73,263
2025-10-24 20:40:00,4080.73,4084.2,4079.17,4083.04,249
2025-10-24 20:41:00,4082.95,4082.95,4076.42,4078.67,248
2025-10-24 20:42:00,4079.31,4083.45,4078.89,4082.3,227
2025-10-24 20:43:00,4082.21,4085.67,4081.52,4085.48,243
2025-10-24 20:44:00,4085.27,4086.23,4082.03,4083.32,211
2025-10-24 20:45:00,4083.54,4084.55,4080.36,4083.76,214
2025-10-24 20:46:00,4083.74,4083.75,4080.44,4081.98,189
2025-10-24 20:47:00,4081.97,4082.37,4077.6,4077.6,236
2025-10-24 20:48:00,4077.61,4079.31,4075.12,4076.17,237
2025-10-24 20:49:00,4076.2,4077.7,4074.55,4075.67,204
2025-10-24 20:50:00,4075.61,4078.11,4074.37,4077.1,247
2025-10-24 20:51:00,4077.95,4080.3,4075.68,4078.95,229
2025-10-24 20:52:00,4078.79,4081.75,4078.65,4080.87,206
2025-10-24 20:53:00,4081.12,4083.2,4080.59,4083.2,196
2025-10-24 20:54:00,4083.19,4083.54,4081.51,4081.76,205
2025-10-24 20:55:00,4081.84,4082.27,4077.53,4078.77,221
2025-10-24 20:56:00,4078.76,4079.74,4076.86,4078.72,190
2025-10-24 20:57:00,4078.82,4079.3,4076.65,4077.14,212
2025-10-24 20:58:00,4077.25,4079.58,4077.01,4078.72,170
2025-10-24 20:59:00,4078.88,4082.42,4078.88,4082.17,189
2025-10-24 21:00:00,4082.27,4084.97,4079.08,4082.08,258
2025-10-24 21:01:00,4081.62,4084.75,4080.62,4084.45,235
2025-10-24 21:02:00,4084.46,4089.18,4084.46,4089.08,255
2025-10-24 21:03:00,4088.91,4091.05,4086.8,4086.87,226
2025-10-24 21:04:00,4087.07,4089.13,4085.69,4088.85,224
2025-10-24 21:05:00,4088.94,4093.26,4088.94,4092.52,233
2025-10-24 21:06:00,4092.55,4101.95,4091.61,4101.85,253
2025-10-24 21:07:00,4101.65,4110.71,4100.1,4109.25,271
2025-10-24 21:08:00,4109.22,4110.39,4105.09,4107.67,258
2025-10-24 21:09:00,4107.59,4112.34,4104.98,4111.01,249
2025-10-24 21:10:00,4110.93,4111.14,4105.81,4107.26,250
2025-10-24 21:11:00,4107.55,4110.52,4107.42,4108.27,218
2025-10-24 21:12:00,4108.12,4112.6,4107.63,4112.02,223
2025-10-24 21:13:00,4112.04,4115.25,4110.22,4110.44,258
2025-10-24 21:14:00,4110.69,4114.99,4110.27,4112.04,228
2025-10-24 21:15:00,4112.12,4114.26,4109.63,4112.34,255
2025-10-24 21:16:00,4112.29,4118.82,4111.39,4118.82,224
2025-10-24 21:17:00,4119.09,4119.19,4115.53,4118.71,236
2025-10-24 21:18:00,4118.67,4121.17,4118.17,4119.83,240
2025-10-24 21:19:00,4119.82,4120.67,4117.67,4118.47,234
2025-10-24 21:20:00,4118.92,4118.92,4116.0,4117.43,209
2025-10-24 21:21:00,4117.51,4119.11,4115.0,4115.78,229
2025-10-24 21:22:00,4115.83,4117.39,4114.0,4117.09,231
2025-10-24 21:23:00,4117.16,4120.26,4115.84,4120.15,232
2025-10-24 21:24:00,4120.22,4121.42,4114.28,4115.05,228
2025-10-24 21:25:00,4115.04,4117.81,4113.91,4115.61,204
2025-10-24 21:26:00,4115.59,4118.97,4115.44,4116.34,196
2025-10-24 21:27:00,4116.43,4116.56,4113.75,4114.45,190
2025-10-24 21:28:00,4114.38,4114.59,4112.16,4113.03,198
2025-10-24 21:29:00,4112.99,4116.21,4112.99,4114.24,180
2025-10-24 21:30:00,4114.24,4115.11,4110.4,4110.65,268
2025-10-24 21:31:00,4110.64,4114.0,4110.35,4112.18,260
2025-10-24 21:32:00,4112.23,4119.94,4111.27,4119.35,243
2025-10-24 21:33:00,4118.99,4119.31,4112.87,4113.18,255
2025-10-24 21:34:00,4112.94,4118.9,4111.7,4117.39,263
2025-10-24 21:35:00,4117.52,4119.25,4113.75,4119.24,260
2025-10-24 21:36:00,4119.13,4119.47,4114.89,4116.56,256
2025-10-24 21:37:00,4116.46,4118.81,4114.96,4117.39,248
2025-10-24 21:38:00,4117.44,4117.67,4112.99,4114.06,237
2025-10-24 21:39:00,4114.03,4117.3,4111.77,4112.6,263
2025-10-24 21:40:00,4112.6,4112.6,4108.37,4108.65,258
2025-10-24 21:41:00,4108.11,4108.11,4101.15,4101.35,257
2025-10-24 21:42:00,4101.22,4105.07,4098.58,4101.42,260
2025-10-24 21:43:00,4101.31,4103.56,4100.67,4101.95,244
2025-10-24 21:44:00,4101.92,4105.68,4101.24,4105.5,187
2025-10-24 21:45:00,4105.61,4107.06,4098.0,4103.15,247
2025-10-24 21:46:00,4103.12,4106.52,4101.61,4105.46,232
2025-10-24 21:47:00,4105.94,4107.96,4103.07,4104.52,259
2025-10-24 21:48:00,4104.44,4109.07,4103.26,4109.07,230
2025-10-24 21:49:00,4109.06,4109.16,4104.74,4106.08,255
2025-10-24 21:50:00,4106.02,4107.07,4101.31,4105.05,250
2025-10-24 21:51:00,4104.79,4106.14,4098.81,4099.79,249
2025-10-24 21:52:00,4099.8,4103.72,4099.75,4103.53,232
2025-10-24 21:53:00,4103.15,4106.12,4101.38,4105.47,239
2025-10-24 21:54:00,4105.42,4108.78,4103.91,4108.72,229
2025-10-24 21:55:00,4108.69,4109.83,4106.38,4107.81,237
2025-10-24 21:56:00,4107.59,4108.82,4104.91,4104.94,189
2025-10-24 21:57:00,4104.92,4109.07,4101.86,4108.19,237
2025-10-24 21:58:00,4108.26,4108.65,4106.1,4107.39,159
2025-10-24 21:59:00,4107.25,4108.49,4106.8,4106.83,142
2025-10-24 22:00:00,4106.59,4109.12,4102.44,4104.8,217
2025-10-24 22:01:00,4104.95,4107.27,4103.79,4107.08,217
2025-10-24 22:02:00,4106.93,4108.53,4102.56,4103.97,243
2025-10-24 22:03:00,4103.96,4107.4,4102.61,4107.23,245
2025-10-24 22:04:00,4107.07,4109.24,4105.59,4107.76,242
2025-10-24 22:05:00,4107.99,4108.95,4106.57,4107.92,230
2025-10-24 22:06:00,4107.94,4116.54,4107.94,4113.59,259
2025-10-24 22:07:00,4113.58,4115.17,4110.42,4113.83,241
2025-10-24 22:08:00,4113.95,4114.84,4112.81,4114.73,213
2025-10-24 22:09:00,4114.71,4117.85,4114.33,4114.85,245
2025-10-24 22:10:00,4115.02,4119.55,4114.3,4117.96,235
2025-10-24 22:11:00,4117.95,4121.09,4115.55,4120.61,239
2025-10-24 22:12:00,4120.3,4127.95,4120.26,4127.49,269
2025-10-24 22:13:00,4126.76,4130.82,4126.46,4130.81,264
2025-10-24 22:14:00,4130.85,4134.89,4129.37,4132.58,268
2025-10-24 22:15:00,4131.77,4134.67,4130.1,4134.04,253
2025-10-24 22:16:00,4134.08,4134.93,4132.76,4133.41,242
2025-10-24 22:17:00,4133.52,4133.63,4127.43,4130.65,244
2025-10-24 22:18:00,4130.79,4132.6,4127.77,4128.42,228
2025-10-24 22:19:00,4128.49,4129.48,4124.36,4126.82,248
2025-10-24 22:20:00,4126.86,4131.25,4125.35,4129.3,254
2025-10-24 22:21:00,4129.13,4130.47,4125.44,4125.6,218
2025-10-24 22:22:00,4125.54,4127.11,4124.03,4124.34,236
2025-10-24 22:23:00,4124.37,4128.19,4123.08,4127.83,237
2025-10-24 22:24:00,4127.62,4127.73,4125.49,4126.28,188
2025-10-24 22:25:00,4126.44,4126.8,4122.89,4123.91,204
2025-10-24 22:26:00,4123.87,4124.62,4120.28,4120.71,241
2025-10-24 22:27:00,4120.9,4122.9,4119.69,4122.62,205
2025-10-24 22:28:00,4122.5,4123.81,4120.52,4123.41,225
2025-10-24 22:29:00,4123.39,4124.1,4120.47,4123.82,209
2025-10-24 22:30:00,4123.79,4128.2,4123.75,4125.21,250
2025-10-24 22:31:00,4125.16,4126.05,4122.37,4125.42,214
2025-10-24 22:32:00,4125.33,4126.54,4123.78,4125.97,206
2025-10-24 22:33:00,4125.91,4126.68,4125.41,4125.62,158
2025-10-24 22:34:00,4125.67,4126.6,4124.2,4126.6,165
2025-10-24 22:35:00,4126.65,4126.77,4124.03,4124.62,157
2025-10-24 22:36:00,4124.53,4128.12,4123.56,4124.58,201
2025-10-24 22:37:00,4124.6,4125.74,4121.39,4125.25,211
2025-10-24 22:38:00,4124.98,4127.26,4123.77,4127.13,170
2025-10-24 22:39:00,4127.2,4128.53,4126.56,4126.56,204
2025-10-24 22:40:00,4126.49,4130.64,4126.35,4130.32,212
2025-10-24 22:41:00,4130.42,4130.64,4126.06,4127.17,211
2025-10-24 22:42:00,4127.14,4129.92,4126.82,4129.92,196
2025-10-24 22:43:00,4129.94,4131.45,4128.71,4130.83,199
2025-10-24 22:44:00,4130.85,4131.15,4129.19,4129.54,180
2025-10-24 22:45:00,4129.46,4131.14,4128.47,4128.69,217
2025-10-24 22:46:00,4128.67,4130.34,4126.58,4126.86,197
2025-10-24 22:47:00,4126.89,4126.89,4123.22,4123.93,238
2025-10-24 22:48:00,4124.09,4124.53,4120.94,4122.88,208
2025-10-24 22:49:00,4122.9,4124.27,4121.25,4122.94,197
2025-10-24 22:50:00,4122.99,4124.06,4121.66,4121.94,189
2025-10-24 22:51:00,4121.95,4123.52,4121.76,4122.48,160
2025-10-24 22:52:00,4122.26,4122.73,4117.48,4117.48,199
2025-10-24 22:53:00,4117.44,4117.7,4112.34,4114.83,246
2025-10-24 22:54:00,4114.81,4119.62,4114.09,4119.53,227
2025-10-24 22:55:00,4119.54,4122.03,4117.9,4119.44,222
2025-10-24 22:56:00,4119.38,4119.56,4117.11,4119.1,234
2025-10-24 22:57:00,4118.93,4119.53,4116.56,4118.96,200
2025-10-24 22:58:00,4118.84,4120.69,4118.8,4119.77,198
2025-10-24 22:59:00,4119.84,4120.4,4116.04,4117.58,226
2025-10-24 23:00:00,4117.54,4119.54,4116.88,4119.06,216
2025-10-24 23:01:00,4119.47,4119.6,4116.78,4117.81,218
2025-10-24 23:02:00,4117.8,4119.22,4116.73,4116.76,162
2025-10-24 23:03:00,4116.78,4119.41,4115.02,4118.87,191
2025-10-24 23:04:00,4118.92,4120.73,4117.72,4119.92,167
2025-10-24 23:05:00,4120.36,4123.12,4120.09,4120.17,196
2025-10-24 23:06:00,4119.8,4122.19,4117.66,4117.97,184
2025-10-24 23:07:00,4118.01,4121.19,4116.76,4119.94,188
2025-10-24 23:08:00,4119.9,4122.04,4119.27,4121.17,181
2025-10-24 23:09:00,4121.05,4122.01,4120.67,4120.79,177
2025-10-24 23:10:00,4120.8,4121.05,4119.1,4120.94,180
2025-10-24 23:11:00,4120.91,4123.47,4120.81,4120.88,187
2025-10-24 23:12:00,4120.38,4122.08,4120.0,4121.15,173
2025-10-24 23:13:00,4120.95,4122.5,4120.82,4121.2,161
2025-10-24 23:14:00,4121.27,4121.75,4118.64,4118.9,181
2025-10-24 23:15:00,4118.92,4119.95,4116.97,4118.05,204
2025-10-24 23:16:00,4118.35,4119.25,4117.32,4117.49,196
2025-10-24 23:17:00,4117.37,4117.47,4114.8,4115.94,200
2025-10-24 23:18:00,4115.92,4116.88,4113.46,4115.59,188
2025-10-24 23:19:00,4115.67,4118.89,4115.41,4118.86,187
2025-10-24 23:20:00,4118.77,4122.99,4118.62,4122.32,232
2025-10-24 23:21:00,4122.25,4125.41,4121.7,4124.99,197
2025-10-24 23:22:00,4125.01,4126.64,4122.7,4124.91,199
2025-10-24 23:23:00,4124.97,4127.34,4123.81,4127.17,189
2025-10-24 23:24:00,4127.25,4128.8,4127.16,4127.3,192
2025-10-24 23:25:00,4127.35,4128.25,4125.68,4126.62,174
2025-10-24 23:26:00,4126.45,4126.45,4125.01,4126.24,157
2025-10-24 23:27:00,4126.23,4126.28,4125.23,4125.85,168
2025-10-24 23:28:00,4125.75,4126.17,4124.42,4125.71,159
2025-10-24 23:29:00,4125.64,4126.42,4125.11,4125.62,160
2025-10-24 23:30:00,4125.95,4128.33,4125.13,4128.23,174
2025-10-24 23:31:00,4128.16,4129.32,4126.2,4126.5,156
2025-10-24 23:32:00,4126.53,4127.68,4125.9,4126.87,143
2025-10-24 23:33:00,4126.89,4128.16,4126.51,4127.0,147
2025-10-24 23:34:00,4126.97,4127.77,4125.35,4127.38,173
2025-10-24 23:35:00,4127.37,4127.39,4123.64,4125.98,152
2025-10-24 23:36:00,4125.94,4127.97,4124.98,4127.96,140
2025-10-24 23:37:00,4127.94,4128.47,4126.79,4126.79,135
2025-10-24 23:38:00,4126.8,4128.34,4126.44,4127.53,146
2025-10-24 23:39:00,4127.72,4130.02,4127.45,4129.49,147
2025-10-24 23:40:00,4129.47,4130.37,4126.63,4126.63,177
2025-10-24 23:41:00,4126.77,4127.53,4124.96,4127.23,193
2025-10-24 23:42:00,4127.27,4127.47,4126.01,4127.4,151
2025-10-24 23:43:00,4127.42,4127.66,4126.56,4126.78,137
2025-10-24 23:44:00,4127.22,4127.93,4126.93,4127.06,129
2025-10-24 23:45:00,4126.92,4127.34,4121.14,4121.35,245
2025-10-24 23:46:00,4121.49,4124.19,4120.93,4122.58,223
2025-10-24 23:47:00,4122.62,4128.95,4122.62,4128.94,218
2025-10-24 23:48:00,4129.02,4129.24,4125.29,4125.9,185
2025-10-24 23:49:00,4126.02,4126.22,4124.94,4125.66,134
2025-10-24 23:50:00,4125.7,4127.17,4124.89,4125.46,163
2025-10-24 23:51:00,4125.49,4126.18,4124.5,4125.98,161
2025-10-24 23:52:00,4125.84,4130.02,4125.3,4129.94,176
2025-10-24 23:53:00,4129.95,4131.8,4129.56,4129.74,220
2025-10-24 23:54:00,4129.79,4130.73,4127.94,4128.75,204
2025-10-27 05:01:00,4077.81,4077.81,4064.18,4066.97,211
2025-10-27 05:02:00,4067.61,4072.46,4064.82,4071.87,219
2025-10-27 05:03:00,4072.99,4087.13,4072.01,4085.84,215
2025-10-27 05:04:00,4085.91,4093.01,4082.23,4083.75,167
2025-10-27 05:05:00,4083.66,4086.52,4075.26,4077.78,203
2025-10-27 05:06:00,4077.89,4079.69,4074.09,4079.69,159
2025-10-27 05:07:00,4079.76,4083.96,4078.09,4083.16,188
2025-10-27 05:08:00,4083.12,4088.78,4082.96,4085.51,151
2025-10-27 05:09:00,4085.34,4091.89,4085.07,4089.05,176
2025-10-27 05:10:00,4089.19,4104.03,4089.0,4102.56,218
2025-10-27 05:11:00,4102.37,4102.37,4098.7,4098.98,148
2025-10-27 05:12:00,4098.97,4105.25,4096.11,4102.29,193
2025-10-27 05:13:00,4102.23,4102.82,4100.69,4100.88,139
2025-10-27 05:14:00,4101.09,4107.59,4101.08,4104.91,155
2025-10-27 05:15:00,4104.87,4106.08,4101.38,4102.29,166
2025-10-27 05:16:00,4102.38,4105.08,4101.53,4101.85,125
2025-10-27 05:17:00,4101.65,4103.31,4100.56,4102.0,119
2025-10-27 05:18:00,4102.01,4106.44,4100.97,4105.95,98
2025-10-27 05:19:00,4105.92,4109.09,4105.34,4105.6,128
2025-10-27 05:20:00,4105.52,4105.52,4101.24,4101.24,136
2025-10-27 05:21:00,4101.3,4103.49,4100.52,4102.53,121
2025-10-27 05:22:00,4101.75,4104.73,4101.71,4104.53,102
2025-10-27 05:23:00,4104.55,4104.55,4101.99,4102.06,92
2025-10-27 05:24:00,4102.04,4103.3,4101.23,4101.51,99
2025-10-27 05:25:00,4101.5,4102.37,4100.77,4102.06,107
2025-10-27 05:26:00,4102.08,4102.08,4097.91,4099.37,114
2025-10-27 05:27:00,4099.34,4101.15,4098.19,4100.47,119
2025-10-27 05:28:00,4100.54,4100.54,4092.6,4093.44,144
2025-10-27 05:29:00,4093.53,4093.77,4091.37,4091.85,160
2025-10-27 05:30:00,4091.81,4095.92,4090.23,4095.92,166
2025-10-27 05:31:00,4096.52,4097.95,4094.5,4095.91,148
2025-10-27 05:32:00,4095.72,4097.86,4095.72,4097.23,106
2025-10-27 05:33:00,4097.37,4099.78,4093.82,4094.09,154
2025-10-27 05:34:00,4094.12,4099.26,4093.82,4098.5,143
2025-10-27 05:35:00,4098.57,4100.57,4097.62,4098.0,139
2025-10-27 05:36:00,4098.08,4099.53,4096.9,4097.83,89
2025-10-27 05:37:00,4097.85,4100.06,4096.87,4096.97,115
2025-10-27 05:38:00,4096.83,4098.19,4095.52,4095.54,91
2025-10-27 05:39:00,4094.9,4095.28,4093.43,4094.36,124
2025-10-27 05:40:00,4094.28,4096.57,4094.27,4095.94,119
2025-10-27 05:41:00,4096.06,4096.52,4093.33,4093.43,103
2025-10-27 05:42:00,4093.42,4095.27,4092.68,4093.98,122
2025-10-27 05:43:00,4093.92,4095.51,4088.78,4088.97,132
2025-10-27 05:44:00,4088.88,4089.0,4080.0,4080.46,234
2025-10-27 05:45:00,4080.38,4084.1,4077.83,4078.29,231
2025-10-27 05:46:00,4078.12,4081.08,4074.75,4079.99,206
2025-10-27 05:47:00,4079.77,4079.77,4071.96,4072.7,179
2025-10-27 05:48:00,4072.61,4074.74,4072.14,4073.69,204
2025-10-27 05:49:00,4073.98,4078.66,4073.44,4078.29,164
2025-10-27 05:50:00,4078.26,4080.47,4078.05,4080.46,125
2025-10-27 05:51:00,4080.46,4080.46,4076.67,4077.47,122
2025-10-27 05:52:00,4077.46,4078.49,4076.54,4076.54,95
2025-10-27 05:53:00,4076.46,4078.15,4073.89,4073.9,90
2025-10-27 05:54:00,4074.3,4076.14,4072.83,4076.02,115
2025-10-27 05:55:00,4076.08,4078.49,4076.04,4078.4,101
2025-10-27 05:56:00,4078.41,4084.22,4077.99,4084.22,123
2025-10-27 05:57:00,4084.17,4085.15,4082.84,4084.27,132
2025-10-27 05:58:00,4084.33,4084.83,4081.9,4083.04,109
2025-10-27 05:59:00,4082.87,4083.79,4081.45,4081.8,83
2025-10-27 06:00:00,4081.82,4085.57,4081.82,4083.52,128
2025-10-27 06:01:00,4084.16,4088.5,4084.03,4086.71,142
2025-10-27 06:02:00,4086.74,4087.01,4079.61,4079.94,144
2025-10-27 06:03:00,4079.88,4083.57,4079.17,4082.94,140
2025-10-27 06:04:00,4082.92,4085.71,4082.01,4082.9,112
2025-10-27 06:05:00,4082.92,4084.87,4080.8,4083.98,106
2025-10-27 06:06:00,4083.39,4086.77,4082.46,4086.66,96
2025-10-27 06:07:00,4086.53,4087.94,4084.43,4087.65,131
2025-10-27 06:08:00,4087.63,4088.35,4085.7,4085.7,124
2025-10-27 06:09:00,4085.62,4086.22,4084.81,4085.33,108
2025-10-27 06:10:00,4085.23,4085.72,4083.2,4084.81,110
2025-10-27 06:11:00,4084.77,4085.29,4084.15,4084.4,68
2025-10-27 06:12:00,4084.4,4084.69,4082.04,4083.92,97
2025-10-27 06:13:00,4083.98,4085.48,4083.55,4083.55,76
2025-10-27 06:14:00,4083.01,4084.12,4082.25,4082.72,70
2025-10-27 06:15:00,4082.75,4084.14,4082.62,4082.62,76
2025-10-27 06:16:00,4082.94,4084.94,4082.27,4084.91,61
2025-10-27 06:17:00,4084.56,4085.37,4084.46,4084.99,48
2025-10-27 06:18:00,4085.19,4086.53,4084.95,4085.54,76
2025-10-27 06:19:00,4085.47,4085.47,4082.45,4083.43,112
2025-10-27 06:20:00,4083.16,4084.53,4083.16,4083.95,78
2025-10-27 06:21:00,4084.09,4084.92,4083.37,4084.21,49
2025-10-27 06:22:00,4084.23,4084.48,4082.89,4082.93,55
2025-10-27 06:23:00,4082.88,4083.2,4078.78,4078.97,94
2025-10-27 06:24:00,4079.11,4080.87,4078.41,4080.42,97
2025-10-27 06:25:00,4080.58,4080.75,4078.89,4080.19,73
2025-10-27 06:26:00,4079.9,4081.81,4075.92,4075.96,111
2025-10-27 06:27:00,4075.95,4076.27,4073.4,4075.13,157
2025-10-27 06:28:00,4075.23,4076.73,4075.17,4076.02,85
2025-10-27 06:29:00,4075.75,4077.69,4074.08,4074.75,113
2025-10-27 06:30:00,4074.76,4075.86,4073.73,4075.37,127
2025-10-27 06:31:00,4075.5,4076.82,4074.69,4076.06,109
2025-10-27 06:32:00,4076.03,4080.22,4075.95,4080.17,129
2025-10-27 06:33:00,4080.2,4080.44,4076.25,4077.37,117
2025-10-27 06:34:00,4077.39,4080.01,4077.34,4079.63,81
2025-10-27 06:35:00,4079.66,4079.7,4078.52,4079.34,79
2025-10-27 06:36:00,4079.33,4079.5,4074.53,4074.54,112
2025-10-27 06:37:00,4074.52,4076.16,4073.13,4073.78,134
2025-10-27 06:38:00,4073.69,4073.86,4067.51,4072.45,209
2025-10-27 06:39:00,4072.65,4072.65,4068.96,4069.88,143
2025-10-27 06:40:00,4070.31,4072.37,4070.31,4071.86,125
2025-10-27 06:41:00,4072.1,4072.1,4069.28,4069.5,104
2025-10-27 06:42:00,4069.22,4070.1,4066.59,4067.12,165
2025-10-27 06:43:00,4067.1,4067.49,4064.35,4065.12,152
2025-10-27 06:44:00,4065.13,4067.87,4064.92,4067.54,133
2025-10-27 06:45:00,4067.58,4070.07,4063.52,4063.52,160
2025-10-27 06:46:00,4063.42,4066.68,4062.0,4066.64,157
2025-10-27 06:47:00,4066.71,4067.22,4062.94,4063.17,151
2025-10-27 06:48:00,4063.01,4064.7,4062.26,4063.62,129
2025-10-27 06:49:00,4063.63,4066.21,4062.93,4064.94,130
2025-10-27 06:50:00,4065.01,4067.91,4064.3,4067.07,133
2025-10-27 06:51:00,4067.05,4068.24,4066.24,4067.31,137
2025-10-27 06:52:00,4067.29,4069.95,4066.92,4069.64,159
2025-10-27 06:53:00,4069.65,4071.22,4068.88,4070.79,135
2025-10-27 06:54:00,4070.9,4071.21,4069.84,4070.0,102
2025-10-27 06:55:00,4070.08,4070.37,4067.53,4068.21,127
2025-10-27 06:56:00,4068.15,4069.27,4065.87,4066.24,130
2025-10-27 06:57:00,4066.23,4066.44,4062.3,4064.78,138
2025-10-27 06:58:00,4064.77,4068.39,4064.53,4068.28,131
2025-10-27 06:59:00,4068.24,4068.75,4064.36,4064.62,109
2025-10-27 07:00:00,4064.8,4067.84,4059.29,4067.79,220
2025-10-27 07:01:00,4067.7,4067.71,4062.81,4062.81,179
2025-10-27 07:02:00,4062.83,4064.29,4058.37,4059.89,168
2025-10-27 07:03:00,4059.74,4064.3,4059.74,4064.28,171
2025-10-27 07:04:00,4064.33,4064.66,4061.32,4064.39,147
2025-10-27 07:05:00,4064.46,4064.97,4062.12,4064.18,149
2025-10-27 07:06:00,4064.1,4066.33,4062.58,4066.0,133
2025-10-27 07:07:00,4065.95,4069.18,4065.03,4069.02,122
2025-10-27 07:08:00,4069.03,4072.64,4069.03,4070.93,148
2025-10-27 07:09:00,4070.92,4072.31,4070.63,4071.27,124
2025-10-27 07:10:00,4071.23,4072.38,4070.46,4071.19,110
2025-10-27 07:11:00,4071.28,4071.77,4069.55,4069.57,112
2025-10-27 07:12:00,4069.43,4072.02,4067.99,4068.82,134
2025-10-27 07:13:00,4068.81,4070.43,4068.31,4070.34,103
2025-10-27 07:14:00,4070.09,4070.52,4069.03,4069.36,97
2025-10-27 07:15:00,4069.55,4070.61,4069.26,4070.36,113
2025-10-27 07:16:00,4070.33,4071.57,4069.63,4070.55,113
2025-10-27 07:17:00,4070.54,4071.69,4069.65,4070.56,126
2025-10-27 07:18:00,4070.31,4070.46,4066.86,4066.94,110
2025-10-27 07:19:00,4066.94,4067.22,4064.16,4064.27,102
2025-10-27 07:20:00,4064.19,4065.91,4062.49,4062.98,160
2025-10-27 07:21:00,4062.99,4066.78,4062.76,4066.78,115
2025-10-27 07:22:00,4066.84,4067.85,4065.47,4067.64,99
2025-10-27 07:23:00,4067.79,4068.09,4064.45,4065.26,116
2025-10-27 07:24:00,4065.28,4065.59,4063.67,4065.51,86
2025-10-27 07:25:00,4065.41,4067.49,4063.76,4065.09,114
2025-10-27 07:26:00,4065.13,4065.58,4064.24,4064.28,68
2025-10-27 07:27:00,4064.31,4065.08,4063.16,4064.16,95
2025-10-27 07:28:00,4064.17,4067.52,4064.17,4066.75,106
2025-10-27 07:29:00,4066.72,4068.4,4066.57,4067.84,118
2025-10-27 07:30:00,4067.61,4070.19,4067.6,4069.84,123
2025-10-27 07:31:00,4069.82,4071.49,4069.45,4070.85,134
2025-10-27 07:32:00,4071.35,4073.57,4071.16,4072.6,159
2025-10-27 07:33:00,4072.63,4075.28,4072.63,4075.12,114
2025-10-27 07:34:00,4075.24,4077.07,4075.23,4076.86,128
2025-10-27 07:35:00,4076.95,4077.05,4075.01,4075.75,143
2025-10-27 07:36:00,4075.74,4076.33,4075.33,4075.54,107
2025-10-27 07:37:00,4075.47,4076.25,4074.74,4075.25,97
2025-10-27 07:38:00,4075.27,4075.48,4074.35,4074.55,118
2025-10-27 07:39:00,4074.59,4075.58,4073.95,4075.37,133
2025-10-27 07:40:00,4075.42,4076.53,4075.0,4075.73,113
2025-10-27 07:41:00,4075.79,4075.99,4071.94,4073.45,128
2025-10-27 07:42:00,4073.34,4075.16,4073.02,4074.65,144
2025-10-27 07:43:00,4074.63,4075.46,4074.01,4074.45,124
2025-10-27 07:44:00,4074.61,4075.19,4073.75,4075.14,105
2025-10-27 07:45:00,4075.12,4078.04,4074.49,4077.7,153
2025-10-27 07:46:00,4077.68,4078.89,4077.23,4077.83,145
2025-10-27 07:47:00,4077.87,4077.87,4075.13,4077.57,140
2025-10-27 07:48:00,4077.5,4077.74,4076.78,4076.78,89
2025-10-27 07:49:00,4076.71,4077.96,4075.96,4077.13,108
2025-10-27 07:50:00,4077.25,4078.92,4076.41,4078.87,118
2025-10-27 07:51:00,4078.88,4079.33,4077.17,4077.33,127
2025-10-27 07:52:00,4077.75,4079.02,4077.58,4077.6,129
2025-10-27 07:53:00,4077.55,4078.22,4076.28,4077.95,128
2025-10-27 07:54:00,4077.92,4078.46,4076.89,4077.5,131
2025-10-27 07:55:00,4077.46,4078.03,4076.45,4077.54,141
2025-10-27 07:56:00,4077.51,4078.12,4076.9,4076.9,100
2025-10-27 07:57:00,4076.92,4078.79,4076.32,4078.78,107
2025-10-27 07:58:00,4078.92,4079.84,4077.51,4079.52,158
2025-10-27 07:59:00,4079.31,4084.3,4079.31,4081.17,222
2025-10-27 08:00:00,4081.24,4084.02,4075.25,4076.73,264
2025-10-27 08:01:00,4077.05,4083.06,4075.37,4082.51,246
2025-10-27 08:02:00,4082.45,4082.46,4076.52,4077.18,228
2025-10-27 08:03:00,4077.41,4079.88,4076.74,4078.24,219
2025-10-27 08:04:00,4078.52,4081.71,4077.93,4081.65,234
2025-10-27 08:05:00,4081.29,4087.83,4080.44,4087.12,250
2025-10-27 08:06:00,4087.82,4088.85,4085.95,4087.27,235
2025-10-27 08:07:00,4087.64,4090.89,4086.58,4090.47,210
2025-10-27 08:08:00,4090.49,4091.88,4089.8,4091.83,199
2025-10-27 08:09:00,4091.71,4096.4,4091.71,4094.37,231
2025-10-27 08:10:00,4094.32,4095.82,4092.41,4095.13,188
2025-10-27 08:11:00,4095.05,4095.97,4092.52,4092.91,193
2025-10-27 08:12:00,4092.88,4092.97,4090.54,4091.82,177
2025-10-27 08:13:00,4092.0,4093.25,4090.82,4090.88,192
2025-10-27 08:14:00,4090.79,4091.59,4089.23,4090.24,187
2025-10-27 08:15:00,4089.91,4094.02,4089.66,4093.03,198
2025-10-27 08:16:00,4093.01,4094.52,4091.82,4092.44,197
2025-10-27 08:17:00,4092.79,4093.32,4092.11,4092.61,176
2025-10-27 08:18:00,4092.66,4093.86,4089.08,4089.29,182
2025-10-27 08:19:00,4089.38,4093.03,4089.38,4091.05,170
2025-10-27 08:20:00,4090.98,4093.4,4090.5,4093.17,151
2025-10-27 08:21:00,4093.07,4093.11,4091.52,4092.39,139
2025-10-27 08:22:00,4092.26,4092.8,4091.68,4091.73,117
2025-10-27 08:23:00,4091.8,4094.08,4091.45,4093.64,122
2025-10-27 08:24:00,4093.65,4094.07,4092.49,4093.78,142
2025-10-27 08:25:00,4093.75,4095.85,4093.26,4095.72,137
2025-10-27 08:26:00,4095.85,4097.75,4095.39,4097.18,167
2025-10-27 08:27:00,4096.98,4097.44,4095.48,4096.05,125
2025-10-27 08:28:00,4095.98,4097.52,4094.17,4095.11,156
2025-10-27 08:29:00,4095.07,4095.07,4092.81,4093.58,152
2025-10-27 08:30:00,4093.53,4094.04,4090.69,4090.77,142
2025-10-27 08:31:00,4090.88,4092.49,4085.24,4086.04,200
2025-10-27 08:32:00,4086.0,4090.03,4086.0,4089.29,206
2025-10-27 08:33:00,4089.41,4091.47,4088.9,4090.11,180
2025-10-27 08:34:00,4090.16,4090.58,4087.59,4088.1,180
2025-10-27 08:35:00,4088.06,4089.68,4084.89,4089.68,209
2025-10-27 08:36:00,4089.55,4089.62,4083.37,4084.23,225
2025-10-27 08:37:00,4083.88,4085.52,4081.43,4082.92,208
2025-10-27 08:38:00,4082.89,4086.59,4082.67,4086.43,187
2025-10-27 08:39:00,4086.62,4087.95,4084.79,4087.29,176
2025-10-27 08:40:00,4087.31,4087.34,4084.25,4085.16,158
2025-10-27 08:41:00,4085.12,4085.81,4081.64,4082.68,161
2025-10-27 08:42:00,4082.81,4086.78,4082.81,4086.23,158
2025-10-27 08:43:00,4086.29,4086.5,4084.7,4085.47,133
2025-10-27 08:44:00,4085.38,4087.54,4085.38,4087.5,150
2025-10-27 08:45:00,4088.02,4090.61,4087.49,4089.34,173
2025-10-27 08:46:00,4089.4,4089.51,4086.86,4087.01,141
2025-10-27 08:47:00,4087.04,4088.34,4085.75,4087.83,203
2025-10-27 08:48:00,4088.04,4088.62,4086.98,4088.32,161
2025-10-27 08:49:00,4088.45,4089.3,4086.36,4086.7,142
2025-10-27 08:50:00,4086.67,4086.69,4083.9,4085.18,162
2025-10-27 08:51:00,4085.09,4085.82,4084.35,4085.32,134
2025-10-27 08:52:00,4085.35,4085.8,4083.9,4084.0,146
2025-10-27 08:53:00,4083.97,4085.1,4083.18,4085.0,160
2025-10-27 08:54:00,4085.03,4085.79,4084.03,4084.3,143
2025-10-27 08:55:00,4084.13,4086.0,4083.96,4085.58,139
2025-10-27 08:56:00,4085.52,4086.66,4084.42,4085.83,134
2025-10-27 08:57:00,4086.13,4086.16,4082.78,4083.62,161
2025-10-27 08:58:00,4083.7,4084.86,4083.16,4083.69,126
2025-10-27 08:59:00,4083.62,4083.74,4081.43,4081.94,158
2025-10-27 09:00:00,4081.5,4081.78,4078.49,4080.4,184
2025-10-27 09:01:00,4080.15,4082.16,4078.34,4079.4,176
2025-10-27 09:02:00,4079.95,4080.84,4078.3,4078.67,142
2025-10-27 09:03:00,4078.75,4079.68,4076.76,4079.68,178
2025-10-27 09:04:00,4079.67,4079.68,4075.96,4076.77,174
2025-10-27 09:05:00,4076.61,4078.21,4076.42,4078.21,130
2025-10-27 09:06:00,4078.19,4078.2,4074.69,4074.7,145
2025-10-27 09:07:00,4074.78,4075.82,4073.87,4074.55,210
2025-10-27 09:08:00,4074.69,4074.69,4071.7,4073.92,183
2025-10-27 09:09:00,4073.91,4075.45,4073.41,4075.23,171
2025-10-27 09:10:00,4075.17,4075.17,4072.24,4074.54,164
2025-10-27 09:11:00,4074.6,4076.63,4074.2,4076.33,143
2025-10-27 09:12:00,4076.89,4078.7,4076.51,4078.2,148
2025-10-27 09:13:00,4078.23,4078.76,4077.3,4078.46,135
2025-10-27 09:14:00,4078.39,4079.27,4077.64,4078.65,123
2025-10-27 09:15:00,4078.73,4078.92,4077.76,4078.36,72
2025-10-27 09:16:00,4078.39,4079.12,4076.33,4078.82,136
2025-10-27 09:17:00,4078.82,4081.0,4075.81,4081.0,138
2025-10-27 09:18:00,4081.04,4081.51,4079.49,4079.84,132
2025-10-27 09:19:00,4079.82,4079.88,4074.55,4075.58,157
2025-10-27 09:20:00,4075.61,4076.14,4075.05,4075.08,121
2025-10-27 09:21:00,4075.04,4075.04,4071.78,4072.74,175
2025-10-27 09:22:00,4072.78,4073.65,4072.78,4073.54,114
2025-10-27 09:23:00,4073.53,4073.53,4072.11,4073.06,100
2025-10-27 09:24:00,4073.04,4073.19,4071.75,4072.06,87
2025-10-27 09:25:00,4072.21,4073.56,4072.05,4072.96,106
2025-10-27 09:26:00,4072.95,4073.35,4071.28,4073.01,118
2025-10-27 09:27:00,4073.04,4074.19,4072.24,4072.98,110
2025-10-27 09:28:00,4072.93,4073.63,4072.27,4073.63,85
2025-10-27 09:29:00,4073.64,4074.17,4072.43,4073.1,87
2025-10-27 09:30:00,4073.2,4074.55,4072.73,4074.55,183
2025-10-27 09:31:00,4074.58,4074.91,4072.0,4072.76,162
2025-10-27 09:32:00,4072.67,4073.58,4072.31,4073.52,133
2025-10-27 09:33:00,4073.69,4074.78,4072.74,4074.56,130
2025-10-27 09:34:00,4074.54,4074.78,4072.87,4073.71,130
2025-10-27 09:35:00,4073.74,4074.76,4073.18,4074.76,126
2025-10-27 09:36:00,4074.78,4074.84,4073.7,4074.53,125
2025-10-27 09:37:00,4074.77,4076.7,4074.53,4075.14,148
2025-10-27 09:38:00,4075.13,4076.0,4072.74,4075.72,129
2025-10-27 09:39:00,4075.73,4076.8,4075.26,4076.64,117
2025-10-27 09:40:00,4076.67,4079.46,4076.61,4078.76,177
2025-10-27 09:41:00,4078.77,4078.77,4077.48,4078.47,135
2025-10-27 09:42:00,4078.46,4078.46,4076.34,4076.74,112
2025-10-27 09:43:00,4076.75,4077.82,4075.9,4077.82,124
2025-10-27 09:44:00,4077.81,4078.09,4076.81,4078.09,141
2025-10-27 09:45:00,4078.17,4078.17,4075.66,4075.69,127
2025-10-27 09:46:00,4075.62,4075.62,4072.32,4072.58,147
2025-10-27 09:47:00,4072.43,4073.83,4072.27,4073.19,141
2025-10-27 09:48:00,4073.17,4073.5,4071.32,4071.33,115
2025-10-27 09:49:00,4071.42,4072.47,4071.31,4071.91,135
2025-10-27 09:50:00,4071.95,4073.28,4071.27,4073.08,128
2025-10-27 09:51:00,4073.15,4075.01,4073.07,4074.88,142
2025-10-27 09:52:00,4074.95,4076.6,4074.8,4076.6,129
2025-10-27 09:53:00,4076.68,4076.79,4076.32,4076.53,104
2025-10-27 09:54:00,4076.54,4076.56,4073.7,4074.31,113
2025-10-27 09:55:00,4074.3,4074.31,4072.56,4074.18,118
2025-10-27 09:56:00,4074.16,4074.16,4072.12,4072.17,90
2025-10-27 09:57:00,4072.14,4072.82,4070.32,4072.53,120
2025-10-27 09:58:00,4072.46,4073.42,4071.33,4073.11,90
2025-10-27 09:59:00,4072.98,4073.41,4071.24,4071.7,105
2025-10-27 10:00:00,4071.67,4072.23,4070.16,4070.6,124
2025-10-27 10:01:00,4070.58,4071.21,4070.1,4070.26,119
2025-10-27 10:02:00,4070.28,4070.45,4065.32,4065.39,154
2025-10-27 10:03:00,4065.47,4069.53,4065.47,4069.32,181
2025-10-27 10:04:00,4069.36,4070.63,4068.97,4069.78,149
2025-10-27 10:05:00,4069.82,4071.93,4069.81,4071.89,131
2025-10-27 10:06:00,4071.75,4071.77,4070.49,4071.38,73
2025-10-27 10:07:00,4071.39,4073.76,4071.28,4073.38,125
2025-10-27 10:08:00,4073.39,4075.09,4073.26,4074.92,112
2025-10-27 10:09:00,4074.94,4075.77,4074.88,4075.02,109
2025-10-27 10:10:00,4075.0,4076.16,4074.93,4075.97,105
2025-10-27 10:11:00,4075.98,4076.8,4075.93,4076.56,102
2025-10-27 10:12:00,4076.54,4076.57,4074.48,4074.99,144
2025-10-27 10:13:00,4075.0,4076.19,4074.68,4074.69,145
2025-10-27 10:14:00,4074.68,4075.86,4074.16,4075.47,104
2025-10-27 10:15:00,4075.44,4075.48,4071.89,4071.94,144
2025-10-27 10:16:00,4071.95,4072.39,4070.39,4070.42,133
2025-10-27 10:17:00,4070.61,4072.82,4070.4,4072.82,136
2025-10-27 10:18:00,4073.03,4074.03,4072.06,4073.05,132
2025-10-27 10:19:00,4073.07,4073.81,4072.49,4073.73,76
2025-10-27 10:20:00,4073.76,4074.91,4073.73,4074.09,124
2025-10-27 10:21:00,4074.1,4076.41,4073.93,4076.26,123
2025-10-27 10:22:00,4076.26,4077.15,4075.96,4077.1,125
2025-10-27 10:23:00,4077.16,4077.16,4074.85,4076.29,126
2025-10-27 10:24:00,4076.25,4076.61,4075.88,4076.18,101
2025-10-27 10:25:00,4076.09,4077.09,4076.09,4076.94,92
2025-10-27 10:26:00,4076.82,4079.33,4076.8,4077.08,140
2025-10-27 10:27:00,4077.05,4077.05,4075.75,4076.87,137
2025-10-27 10:28:00,4076.83,4077.83,4076.34,4076.65,125
2025-10-27 10:29:00,4076.6,4077.25,4076.3,4077.2,124
2025-10-27 10:30:00,4077.23,4077.53,4076.52,4077.49,67
2025-10-27 10:31:00,4077.55,4077.72,4076.12,4076.99,97
2025-10-27 10:32:00,4076.95,4076.95,4076.0,4076.08,65
2025-10-27 10:33:00,4076.07,4076.54,4075.78,4076.05,64
2025-10-27 10:34:00,4075.79,4075.99,4075.25,4075.8,72
2025-10-27 10:35:00,4075.73,4077.67,4075.41,4076.98,89
2025-10-27 10:36:00,4076.84,4076.92,4075.93,4076.5,76
2025-10-27 10:37:00,4076.44,4077.57,4076.16,4077.2,78
2025-10-27 10:38:00,4077.2,4079.07,4076.4,4078.61,120
2025-10-27 10:39:00,4079.16,4080.87,4078.56,4079.98,151
2025-10-27 10:40:00,4079.93,4081.39,4079.42,4081.39,137
2025-10-27 10:41:00,4081.35,4081.91,4080.54,4080.54,155
2025-10-27 10:42:00,4080.57,4080.58,4079.42,4079.97,92
2025-10-27 10:43:00,4080.02,4080.22,4079.07,4079.71,84
2025-10-27 10:44:00,4079.7,4080.4,4079.37,4080.28,95
2025-10-27 10:45:00,4080.22,4080.38,4078.6,4079.66,92
2025-10-27 10:46:00,4079.65,4079.84,4078.79,4079.67,82
2025-10-27 10:47:00,4079.64,4079.93,4078.96,4079.48,84
2025-10-27 10:48:00,4079.3,4079.91,4079.13,4079.37,71
2025-10-27 10:49:00,4079.36,4079.81,4078.8,4079.79,66
2025-10-27 10:50:00,4079.81,4079.97,4079.18,4079.64,73
2025-10-27 10:51:00,4079.62,4079.62,4078.77,4078.98,62
2025-10-27 10:52:00,4078.95,4078.95,4076.35,4076.38,92
2025-10-27 10:53:00,4076.24,4077.25,4074.8,4074.8,86
2025-10-27 10:54:00,4074.77,4075.4,4073.45,4073.63,127
2025-10-27 10:55:00,4073.39,4073.39,4071.11,4071.87,126
2025-10-27 10:56:00,4071.86,4072.89,4071.52,4072.88,104
2025-10-27 10:57:00,4072.53,4072.53,4070.71,4070.94,112
2025-10-27 10:58:00,4070.83,4071.92,4070.22,4071.09,87
2025-10-27 10:59:00,4071.08,4071.12,4068.95,4069.73,148
2025-10-27 11:00:00,4069.63,4069.69,4066.4,4066.46,129
2025-10-27 11:01:00,4066.4,4067.77,4064.84,4064.84,116
2025-10-27 11:02:00,4064.81,4065.39,4062.7,4065.05,137
2025-10-27 11:03:00,4065.29,4065.51,4062.76,4063.0,156
2025-10-27 11:04:00,4062.99,4063.13,4061.48,4061.52,173
2025-10-27 11:05:00,4061.5,4061.69,4053.61,4057.49,207
2025-10-27 11:06:00,4057.35,4057.72,4054.91,4056.92,169
2025-10-27 11:07:00,4056.97,4059.24,4055.59,4058.7,143
2025-10-27 11:08:00,4058.67,4059.04,4056.71,4058.02,130
2025-10-27 11:09:00,4058.05,4058.64,4056.34,4056.34,123
2025-10-27 11:10:00,4056.36,4057.31,4055.54,4056.39,132
2025-10-27 11:11:00,4056.34,4058.58,4055.23,4058.58,137
2025-10-27 11:12:00,4058.56,4058.65,4057.02,4057.78,133
2025-10-27 11:13:00,4057.81,4058.21,4056.33,4057.55,164
2025-10-27 11:14:00,4057.58,4058.14,4056.8,4057.52,104
2025-10-27 11:15:00,4057.68,4058.18,4055.76,4056.27,129
2025-10-27 11:16:00,4056.36,4058.16,4055.52,4055.78,174
2025-10-27 11:17:00,4055.84,4056.58,4054.65,4056.5,182
2025-10-27 11:18:00,4056.51,4059.24,4056.08,4059.17,137
2025-10-27 11:19:00,4058.65,4060.77,4058.64,4060.24,154
2025-10-27 11:20:00,4060.23,4061.95,4059.95,4061.66,131
2025-10-27 11:21:00,4061.46,4062.88,4061.13,4062.83,130
2025-10-27 11:22:00,4062.89,4062.89,4061.1,4061.36,110
2025-10-27 11:23:00,4061.35,4062.62,4061.28,4061.92,85
2025-10-27 11:24:00,4061.91,4063.6,4061.88,4063.24,133
2025-10-27 11:25:00,4063.34,4065.4,4063.05,4065.12,131
2025-10-27 11:26:00,4065.1,4065.1,4062.97,4063.24,142
2025-10-27 11:27:00,4063.22,4063.86,4062.71,4063.64,119
2025-10-27 11:28:00,4063.71,4063.92,4062.43,4063.64,111
2025-10-27 11:29:00,4063.71,4064.04,4062.78,4062.78,118
2025-10-27 11:30:00,4063.18,4063.67,4062.19,4062.86,128
2025-10-27 11:31:00,4063.24,4063.25,4058.85,4060.49,147
2025-10-27 11:32:00,4060.74,4063.98,4060.74,4063.93,115
2025-10-27 11:33:00,4063.87,4064.73,4063.44,4064.72,109
2025-10-27 11:34:00,4064.73,4065.06,4063.87,4064.06,97
2025-10-27 11:35:00,4064.06,4065.0,4063.08,4064.21,117
2025-10-27 11:36:00,4064.3,4064.68,4062.99,4063.17,106
2025-10-27 11:37:00,4063.09,4063.74,4062.95,4063.18,105
2025-10-27 11:38:00,4063.15,4063.32,4061.27,4062.57,147
2025-10-27 11:39:00,4062.56,4062.7,4060.6,4060.6,122
2025-10-27 11:40:00,4060.59,4060.74,4059.34,4059.68,140
2025-10-27 11:41:00,4059.68,4060.63,4058.17,4059.54,153
2025-10-27 11:42:00,4059.57,4059.57,4058.62,4059.38,112
2025-10-27 11:43:00,4059.72,4061.18,4059.35,4059.81,123
2025-10-27 11:44:00,4059.8,4060.76,4059.55,4060.51,101
2025-10-27 11:45:00,4060.78,4061.06,4060.22,4060.9,102
2025-10-27 11:46:00,4060.88,4062.09,4060.34,4061.82,95
2025-10-27 11:47:00,4061.83,4063.35,4061.83,4063.16,156
2025-10-27 11:48:00,4063.02,4064.22,4062.41,4063.93,127
2025-10-27 11:49:00,4063.92,4065.48,4063.92,4065.17,131
2025-10-27 11:50:00,4065.19,4065.19,4063.81,4064.78,99
2025-10-27 11:51:00,4064.88,4065.06,4062.22,4064.04,140
2025-10-27 11:52:00,4064.06,4065.31,4064.05,4064.8,138
2025-10-27 11:53:00,4064.82,4066.08,4064.07,4065.86,118
2025-10-27 11:54:00,4065.88,4070.22,4065.65,4068.77,153
2025-10-27 11:55:00,4068.69,4069.9,4067.42,4069.55,128
2025-10-27 11:56:00,4069.42,4071.62,4069.26,4069.57,157
2025-10-27 11:57:00,4069.64,4070.29,4069.0,4069.35,98
2025-10-27 11:58:00,4069.37,4069.66,4068.62,4069.56,80
2025-10-27 11:59:00,4069.7,4069.93,4068.71,4068.85,67
2025-10-27 12:00:00,4068.86,4069.96,4068.76,4069.39,86
2025-10-27 12:01:00,4069.37,4070.0,4068.98,4069.9,86
2025-10-27 12:02:00,4069.89,4070.87,4069.83,4070.76,80
2025-10-27 12:03:00,4070.59,4072.01,4069.93,4071.96,80
2025-10-27 12:04:00,4072.13,4073.17,4071.69,4072.25,126
2025-10-27 12:05:00,4072.27,4072.66,4071.24,4072.04,104
2025-10-27 12:06:00,4072.21,4072.75,4071.3,4071.76,105
2025-10-27 12:07:00,4071.75,4071.75,4070.04,4071.14,90
2025-10-27 12:08:00,4071.13,4071.96,4070.01,4071.4,87
2025-10-27 12:09:00,4071.41,4072.67,4071.41,4072.24,81
2025-10-27 12:10:00,4072.23,4072.23,4071.47,4071.82,54
2025-10-27 12:11:00,4071.82,4073.98,4071.82,4073.59,78
2025-10-27 12:12:00,4073.63,4074.15,4073.61,4073.95,68
2025-10-27 12:13:00,4073.99,4074.95,4073.98,4074.83,82
2025-10-27 12:14:00,4074.88,4075.07,4073.53,4073.8,89
2025-10-27 12:15:00,4073.63,4073.8,4073.11,4073.72,73
2025-10-27 12:16:00,4073.7,4074.47,4073.66,4074.47,56
2025-10-27 12:17:00,4074.54,4075.17,4073.57,4074.29,71
2025-10-27 12:18:00,4074.21,4074.87,4073.67,4074.67,47
2025-10-27 12:19:00,4074.8,4075.24,4074.24,4074.27,67
2025-10-27 12:20:00,4074.22,4076.3,4074.0,4076.26,77
2025-10-27 12:21:00,4076.21,4077.58,4076.21,4077.58,82
2025-10-27 12:22:00,4077.61,4078.86,4076.91,4078.53,105
2025-10-27 12:23:00,4078.38,4078.4,4077.69,4078.24,90
2025-10-27 12:24:00,4078.21,4080.75,4078.16,4079.17,117
2025-10-27 12:25:00,4079.24,4080.05,4078.86,4079.83,91
2025-10-27 12:26:00,4079.82,4081.15,4079.48,4081.15,76
2025-10-27 12:27:00,4081.32,4084.58,4081.11,4084.23,128
2025-10-27 12:28:00,4084.17,4084.17,4082.62,4082.66,142
2025-10-27 12:29:00,4082.65,4082.83,4080.97,4081.78,113
2025-10-27 12:30:00,4081.75,4083.85,4080.45,4081.01,198
2025-10-27 12:31:00,4081.02,4082.92,4080.48,4081.1,177
2025-10-27 12:32:00,4081.1,4081.96,4080.03,4081.2,197
2025-10-27 12:33:00,4081.19,4083.86,4080.91,4083.19,167
2025-10-27 12:34:00,4083.16,4083.59,4082.28,4083.53,133
2025-10-27 12:35:00,4083.19,4083.45,4080.85,4080.85,127
2025-10-27 12:36:00,4080.91,4082.24,4080.65,4082.17,122
2025-10-27 12:37:00,4082.15,4082.47,4081.2,4082.09,127
2025-10-27 12:38:00,4082.11,4083.2,4080.96,4081.3,147
2025-10-27 12:39:00,4081.32,4081.82,4078.98,4079.02,135
2025-10-27 12:40:00,4079.08,4081.22,4078.87,4080.54,155
2025-10-27 12:41:00,4080.55,4081.05,4079.49,4079.87,149
2025-10-27 12:42:00,4079.65,4079.65,4078.43,4078.79,130
2025-10-27 12:43:00,4078.78,4079.43,4078.13,4079.43,124
2025-10-27 12:44:00,4079.47,4080.06,4078.87,4079.82,113
2025-10-27 12:45:00,4079.83,4080.29,4078.79,4079.16,102
2025-10-27 12:46:00,4079.17,4079.94,4078.48,4078.62,104
2025-10-27 12:47:00,4078.59,4081.6,4078.32,4081.01,136
2025-10-27 12:48:00,4081.16,4082.46,4079.31,4079.97,115
2025-10-27 12:49:00,4079.98,4082.73,4079.98,4081.64,87
2025-10-27 12:50:00,4081.48,4083.61,4081.12,4083.53,90
2025-10-27 12:51:00,4083.51,4083.65,4081.36,4081.59,111
2025-10-27 12:52:00,4081.57,4083.07,4080.98,4083.07,112
2025-10-27 12:53:00,4083.12,4083.86,4081.91,4082.88,112
2025-10-27 12:54:00,4082.89,4083.82,4081.68,4081.84,110
2025-10-27 12:55:00,4081.6,4081.69,4079.74,4079.91,119
2025-10-27 12:56:00,4079.86,4080.18,4076.37,4076.65,146
2025-10-27 12:57:00,4076.72,4081.68,4076.72,4080.39,149
2025-10-27 12:58:00,4080.2,4080.32,4079.41,4079.69,111
2025-10-27 12:59:00,4079.87,4080.01,4078.66,4079.73,120
2025-10-27 13:00:00,4079.55,4081.05,4079.35,4081.05,164
2025-10-27 13:01:00,4081.01,4083.6,4080.66,4083.17,140
2025-10-27 13:02:00,4083.18,4084.1,4081.21,4081.6,156
2025-10-27 13:03:00,4081.2,4082.34,4080.09,4081.87,145
2025-10-27 13:04:00,4081.88,4081.98,4078.92,4078.92,158
2025-10-27 13:05:00,4078.11,4079.33,4077.39,4079.3,137
2025-10-27 13:06:00,4079.33,4082.67,4079.33,4082.0,140
2025-10-27 13:07:00,4081.92,4084.07,4081.78,4083.48,111
2025-10-27 13:08:00,4083.46,4084.86,4080.93,4081.93,178
2025-10-27 13:09:00,4081.91,4082.27,4080.41,4080.8,138
2025-10-27 13:10:00,4080.63,4081.15,4078.72,4079.34,138
2025-10-27 13:11:00,4079.13,4082.0,4078.33,4080.9,154
2025-10-27 13:12:00,4080.88,4081.46,4080.05,4080.98,97
2025-10-27 13:13:00,4080.68,4080.91,4078.9,4079.52,112
2025-10-27 13:14:00,4078.97,4080.01,4078.47,4079.85,118
2025-10-27 13:15:00,4079.8,4080.56,4079.21,4079.84,162
2025-10-27 13:16:00,4079.82,4080.62,4078.87,4080.09,135
2025-10-27 13:17:00,4080.08,4081.21,4078.64,4081.21,151
2025-10-27 13:18:00,4081.19,4081.83,4080.68,4081.5,127
2025-10-27 13:19:00,4081.48,4082.09,4080.61,4081.62,99
2025-10-27 13:20:00,4081.58,4082.37,4080.67,4080.72,94
2025-10-27 13:21:00,4080.37,4081.9,4080.14,4081.19,95
2025-10-27 13:22:00,4081.07,4081.41,4079.04,4079.4,117
2025-10-27 13:23:00,4079.34,4080.92,4078.24,4080.89,109
2025-10-27 13:24:00,4080.94,4082.89,4080.26,4082.8,132
2025-10-27 13:25:00,4082.78,4083.34,4080.63,4081.92,112
2025-10-27 13:26:00,4081.94,4083.97,4081.12,4083.42,127
2025-10-27 13:27:00,4083.43,4083.82,4082.09,4082.41,135
2025-10-27 13:28:00,4082.33,4082.77,4081.54,4081.82,133
2025-10-27 13:29:00,4081.89,4083.07,4081.82,4081.96,109
2025-10-27 13:30:00,4081.96,4081.96,4079.7,4080.22,97
2025-10-27 13:31:00,4080.2,4080.78,4078.91,4079.96,109
2025-10-27 13:32:00,4079.91,4080.84,4079.4,4080.83,117
2025-10-27 13:33:00,4080.82,4081.55,4080.31,4081.44,107
2025-10-27 13:34:00,4081.57,4082.61,4081.47,4082.14,105
2025-10-27 13:35:00,4082.16,4083.0,4082.12,4082.85,90
2025-10-27 13:36:00,4082.92,4083.22,4081.6,4081.83,75
2025-10-27 13:37:00,4081.64,4082.74,4081.34,4082.14,76
2025-10-27 13:38:00,4082.15,4083.13,4081.72,4082.88,86
2025-10-27 13:39:00,4082.96,4083.51,4082.42,4083.05,79
2025-10-27 13:40:00,4083.04,4083.24,4082.18,4082.64,99
2025-10-27 13:41:00,4082.65,4083.36,4081.64,4082.83,112
2025-10-27 13:42:00,4082.71,4083.36,4082.12,4082.28,93
2025-10-27 13:43:00,4082.3,4082.82,4081.34,4081.34,83
2025-10-27 13:44:00,4081.3,4081.36,4079.87,4080.14,100
2025-10-27 13:45:00,4080.13,4081.41,4078.45,4080.77,118
2025-10-27 13:46:00,4080.75,4081.69,4079.67,4081.14,135
2025-10-27 13:47:00,4081.22,4082.86,4079.85,4080.33,162
2025-10-27 13:48:00,4080.74,4081.81,4080.4,4080.82,114
2025-10-27 13:49:00,4080.71,4081.14,4080.29,4081.14,106
2025-10-27 13:50:00,4081.09,4082.07,4080.82,4081.85,97
2025-10-27 13:51:00,4081.65,4081.74,4079.65,4079.83,117
2025-10-27 13:52:00,4079.68,4079.79,4078.67,4078.89,121
2025-10-27 13:53:00,4078.89,4080.46,4078.66,4079.29,125
2025-10-27 13:54:00,4079.28,4079.28,4077.76,4077.93,116
2025-10-27 13:55:00,4077.78,4077.92,4074.2,4074.54,176
2025-10-27 13:56:00,4074.62,4076.34,4074.08,4075.55,193
2025-10-27 13:57:00,4075.56,4076.63,4074.23,4075.22,154
2025-10-27 13:58:00,4075.21,4077.0,4074.42,4076.78,149
2025-10-27 13:59:00,4076.72,4078.64,4076.48,4078.28,132
2025-10-27 14:00:00,4078.31,4079.82,4078.13,4078.39,145
2025-10-27 14:01:00,4078.4,4078.4,4075.59,4076.2,149
2025-10-27 14:02:00,4076.12,4076.12,4074.99,4074.99,115
2025-10-27 14:03:00,4074.93,4076.53,4074.66,4076.25,155
2025-10-27 14:04:00,4076.24,4076.33,4074.6,4074.95,144
2025-10-27 14:05:00,4074.87,4075.62,4073.82,4075.62,151
2025-10-27 14:06:00,4075.65,4076.61,4075.01,4076.33,141
2025-10-27 14:07:00,4076.18,4076.54,4075.64,4075.78,99
2025-10-27 14:08:00,4075.87,4075.91,4074.51,4074.61,105
2025-10-27 14:09:00,4074.25,4074.86,4073.58,4073.7,128
2025-10-27 14:10:00,4073.69,4073.83,4071.15,4071.65,143
2025-10-27 14:11:00,4071.58,4072.63,4070.15,4071.84,138
2025-10-27 14:12:00,4071.7,4073.85,4071.7,4073.22,137
2025-10-27 14:13:00,4073.23,4074.28,4073.02,4073.25,109
2025-10-27 14:14:00,4073.24,4073.24,4071.44,4071.67,117
2025-10-27 14:15:00,4071.65,4072.92,4071.19,4071.24,120
2025-10-27 14:16:00,4071.2,4072.03,4070.99,4071.63,98
2025-10-27 14:17:00,4071.46,4072.37,4070.97,4071.93,100
2025-10-27 14:18:00,4071.86,4073.13,4071.06,4072.93,133
2025-10-27 14:19:00,4072.94,4074.46,4072.64,4073.15,146
2025-10-27 14:20:00,4073.03,4073.28,4070.58,4071.05,158
2025-10-27 14:21:00,4071.02,4071.36,4067.91,4068.24,169
2025-10-27 14:22:00,4068.23,4068.88,4067.43,4068.76,143
2025-10-27 14:23:00,4068.78,4069.93,4066.99,4069.89,159
2025-10-27 14:24:00,4069.68,4070.27,4068.87,4069.22,125
2025-10-27 14:25:00,4069.25,4069.25,4068.25,4068.78,92
2025-10-27 14:26:00,4068.77,4068.95,4067.64,4067.64,53
2025-10-27 14:27:00,4067.84,4068.52,4066.61,4066.65,121
2025-10-27 14:28:00,4066.62,4067.82,4065.98,4067.75,113
2025-10-27 14:29:00,4067.84,4068.63,4067.33,4068.49,95
2025-10-27 14:30:00,4068.54,4069.82,4068.54,4069.66,105
2025-10-27 14:31:00,4069.64,4070.06,4068.87,4069.21,121
2025-10-27 14:32:00,4069.19,4071.3,4069.19,4071.26,138
2025-10-27 14:33:00,4071.03,4071.05,4069.88,4070.23,69
2025-10-27 14:34:00,4070.24,4070.24,4069.38,4069.98,81
2025-10-27 14:35:00,4070.16,4071.18,4069.82,4069.98,90
2025-10-27 14:36:00,4069.78,4069.92,4068.91,4069.72,96
2025-10-27 14:37:00,4069.77,4071.44,4069.71,4071.05,116
2025-10-27 14:38:00,4070.91,4070.91,4069.11,4070.17,85
2025-10-27 14:39:00,4070.06,4070.06,4068.78,4068.78,114
2025-10-27 14:40:00,4068.56,4068.58,4067.34,4068.38,106
2025-10-27 14:41:00,4068.37,4068.37,4066.77,4067.03,84
2025-10-27 14:42:00,4067.02,4069.94,4066.75,4069.84,112
2025-10-27 14:43:00,4069.83,4070.32,4068.68,4070.31,118
2025-10-27 14:44:00,4070.29,4070.66,4069.62,4070.64,93
2025-10-27 14:45:00,4070.48,4070.62,4069.26,4069.73,120
2025-10-27 14:46:00,4069.79,4069.79,4068.31,4068.31,80
2025-10-27 14:47:00,4068.23,4070.12,4067.73,4070.02,93
2025-10-27 14:48:00,4069.93,4070.9,4069.65,4070.41,101
2025-10-27 14:49:00,4070.4,4070.47,4068.67,4068.85,101
2025-10-27 14:50:00,4068.89,4069.31,4068.13,4068.21,79
2025-10-27 14:51:00,4068.2,4068.53,4067.4,4067.52,81
2025-10-27 14:52:00,4067.53,4068.23,4066.59,4066.91,71
2025-10-27 14:53:00,4067.0,4068.65,4067.0,4068.64,106
2025-10-27 14:54:00,4068.62,4069.31,4067.09,4067.09,76
2025-10-27 14:55:00,4067.06,4067.35,4065.78,4066.1,165
2025-10-27 14:56:00,4065.99,4066.72,4064.13,4065.18,160
2025-10-27 14:57:00,4065.11,4066.4,4064.16,4065.78,160
2025-10-27 14:58:00,4065.87,4068.59,4065.87,4066.65,171
2025-10-27 14:59:00,4066.69,4068.97,4066.63,4068.92,129
2025-10-27 15:00:00,4068.84,4068.84,4066.05,4066.74,172
2025-10-27 15:01:00,4066.82,4066.82,4065.11,4065.16,135
2025-10-27 15:02:00,4065.21,4065.89,4064.45,4065.14,133
2025-10-27 15:03:00,4065.07,4066.08,4064.51,4066.0,167
2025-10-27 15:04:00,4066.09,4066.58,4064.53,4065.08,177
2025-10-27 15:05:00,4065.09,4066.03,4064.76,4065.29,108
2025-10-27 15:06:00,4065.3,4065.45,4063.97,4065.19,158
2025-10-27 15:07:00,4064.99,4065.26,4063.92,4064.76,161
2025-10-27 15:08:00,4064.77,4067.39,4064.77,4066.97,192
2025-10-27 15:09:00,4066.95,4067.05,4065.03,4065.99,128
2025-10-27 15:10:00,4065.98,4066.91,4063.76,4065.03,154
2025-10-27 15:11:00,4065.04,4066.97,4064.91,4065.51,156
2025-10-27 15:12:00,4065.66,4066.16,4064.71,4065.8,161
2025-10-27 15:13:00,4065.79,4066.8,4065.32,4065.36,149
2025-10-27 15:14:00,4065.35,4066.71,4064.75,4066.68,162
2025-10-27 15:15:00,4066.72,4069.51,4066.03,4068.9,170
2025-10-27 15:16:00,4069.08,4070.43,4068.75,4069.09,174
2025-10-27 15:17:00,4068.86,4069.53,4066.84,4066.89,168
2025-10-27 15:18:00,4066.83,4067.95,4065.88,4067.88,174
2025-10-27 15:19:00,4067.86,4069.07,4065.35,4066.23,166
2025-10-27 15:20:00,4066.22,4066.66,4064.34,4065.2,151
2025-10-27 15:21:00,4065.12,4065.22,4062.35,4062.69,185
2025-10-27 15:22:00,4062.51,4062.62,4059.89,4059.9,163
2025-10-27 15:23:00,4059.97,4060.54,4057.93,4058.21,156
2025-10-27 15:24:00,4058.27,4059.53,4057.8,4058.55,190
2025-10-27 15:25:00,4058.75,4059.89,4057.47,4057.47,184
2025-10-27 15:26:00,4057.72,4057.72,4056.16,4056.7,180
2025-10-27 15:27:00,4056.71,4058.34,4056.71,4057.32,152
2025-10-27 15:28:00,4057.33,4059.16,4057.33,4058.53,162
2025-10-27 15:29:00,4058.52,4059.57,4058.27,4058.72,163
2025-10-27 15:30:00,4058.73,4062.37,4058.46,4061.11,174
2025-10-27 15:31:00,4061.13,4061.67,4060.11,4061.42,117
2025-10-27 15:32:00,4061.4,4061.42,4058.91,4059.22,155
2025-10-27 15:33:00,4059.21,4062.16,4059.04,4061.39,168
2025-10-27 15:34:00,4061.22,4061.42,4060.05,4060.68,143
2025-10-27 15:35:00,4060.66,4061.81,4060.0,4060.35,159
2025-10-27 15:36:00,4060.34,4060.59,4058.36,4059.44,160
2025-10-27 15:37:00,4059.45,4060.14,4058.68,4059.72,161
2025-10-27 15:38:00,4059.82,4059.86,4059.0,4059.61,140
2025-10-27 15:39:00,4059.65,4062.5,4059.0,4062.07,161
2025-10-27 15:40:00,4062.06,4062.06,4059.33,4059.63,125
2025-10-27 15:41:00,4059.59,4060.22,4058.64,4059.91,106
2025-10-27 15:42:00,4059.89,4060.16,4059.57,4059.87,98
2025-10-27 15:43:00,4059.88,4059.96,4058.77,4059.85,103
2025-10-27 15:44:00,4059.86,4059.98,4058.72,4058.98,99
2025-10-27 15:45:00,4058.86,4061.2,4058.8,4059.23,146
2025-10-27 15:46:00,4059.2,4061.33,4059.08,4061.33,92
2025-10-27 15:47:00,4061.29,4061.71,4060.44,4060.48,117
2025-10-27 15:48:00,4060.49,4060.49,4058.56,4059.26,144
2025-10-27 15:49:00,4059.24,4059.24,4055.38,4057.76,137
2025-10-27 15:50:00,4057.77,4057.77,4055.46,4056.91,143
2025-10-27 15:51:00,4056.83,4057.24,4055.13,4056.42,112
2025-10-27 15:52:00,4056.52,4056.71,4055.2,4055.63,121
2025-10-27 15:53:00,4055.61,4055.7,4039.49,4044.46,244
2025-10-27 15:54:00,4044.28,4044.69,4039.91,4040.88,246
2025-10-27 15:55:00,4040.9,4041.18,4025.13,4029.41,269
2025-10-27 15:56:00,4029.05,4033.04,4025.0,4032.39,265
2025-10-27 15:57:00,4032.13,4035.98,4030.44,4033.67,246
2025-10-27 15:58:00,4033.64,4039.11,4031.52,4036.14,238
2025-10-27 15:59:00,4036.27,4044.67,4035.27,4043.41,235
2025-10-27 16:00:00,4043.22,4050.19,4040.98,4048.81,242
2025-10-27 16:01:00,4048.79,4049.18,4042.68,4045.25,215
2025-10-27 16:02:00,4045.34,4047.53,4044.08,4044.76,216
2025-10-27 16:03:00,4045.25,4045.72,4042.48,4043.75,183
2025-10-27 16:04:00,4043.76,4044.93,4041.41,4044.93,188
2025-10-27 16:05:00,4044.95,4049.22,4044.28,4044.28,208
2025-10-27 16:06:00,4044.4,4047.29,4044.4,4046.42,168
2025-10-27 16:07:00,4046.43,4046.5,4041.34,4041.43,185
2025-10-27 16:08:00,4041.49,4042.23,4039.65,4041.16,203
2025-10-27 16:09:00,4041.14,4043.82,4036.27,4036.45,219
2025-10-27 16:10:00,4036.39,4038.78,4031.89,4031.89,248
2025-10-27 16:11:00,4032.05,4035.37,4030.03,4035.2,244
2025-10-27 16:12:00,4034.78,4039.51,4033.33,4035.58,242
2025-10-27 16:13:00,4035.49,4040.12,4034.92,4037.82,208
2025-10-27 16:14:00,4037.89,4039.27,4035.58,4036.61,202
2025-10-27 16:15:00,4036.49,4037.16,4034.11,4034.11,184
2025-10-27 16:16:00,4033.95,4038.07,4033.94,4037.82,189
2025-10-27 16:17:00,4037.55,4041.13,4034.39,4040.45,202
2025-10-27 16:18:00,4040.74,4042.88,4038.43,4038.85,213
2025-10-27 16:19:00,4039.15,4039.35,4036.41,4038.78,207
2025-10-27 16:20:00,4038.78,4041.61,4037.0,4041.61,199
2025-10-27 16:21:00,4041.66,4042.1,4039.31,4041.44,173
2025-10-27 16:22:00,4041.3,4041.31,4039.27,4039.56,187
2025-10-27 16:23:00,4039.55,4041.0,4038.63,4040.05,139
2025-10-27 16:24:00,4040.09,4042.41,4039.82,4042.12,138
2025-10-27 16:25:00,4042.1,4042.46,4039.4,4039.43,134
2025-10-27 16:26:00,4039.49,4040.48,4038.81,4038.83,104
2025-10-27 16:27:00,4038.33,4038.99,4036.03,4038.13,177
2025-10-27 16:28:00,4038.15,4038.71,4035.82,4035.87,162
2025-10-27 16:29:00,4035.81,4038.55,4035.75,4037.53,123
2025-10-27 16:30:00,4036.94,4039.24,4036.53,4037.67,145
2025-10-27 16:31:00,4037.78,4040.84,4037.51,4040.64,128
2025-10-27 16:32:00,4040.67,4040.67,4037.94,4038.99,157
2025-10-27 16:33:00,4039.2,4041.09,4037.62,4040.28,160
2025-10-27 16:34:00,4040.01,4040.28,4038.36,4039.62,137
2025-10-27 16:35:00,4039.67,4041.84,4039.18,4041.83,132
2025-10-27 16:36:00,4042.26,4049.52,4042.12,4048.96,191
2025-10-27 16:37:00,4048.94,4049.26,4044.06,4044.91,207
2025-10-27 16:38:00,4044.89,4046.84,4044.77,4045.59,193
2025-10-27 16:39:00,4045.53,4046.18,4044.7,4045.37,117
2025-10-27 16:40:00,4045.56,4045.56,4040.88,4040.91,132
2025-10-27 16:41:00,4041.04,4041.29,4037.68,4038.91,163
2025-10-27 16:42:00,4038.89,4042.83,4038.54,4041.28,181
2025-10-27 16:43:00,4041.36,4042.5,4040.73,4042.1,142
2025-10-27 16:44:00,4042.06,4043.17,4041.08,4042.89,124
2025-10-27 16:45:00,4042.75,4044.84,4041.87,4044.34,137
2025-10-27 16:46:00,4044.33,4045.93,4044.21,4045.28,175
2025-10-27 16:47:00,4045.26,4046.04,4043.63,4044.42,121
2025-10-27 16:48:00,4044.53,4047.69,4042.48,4044.35,184
2025-10-27 16:49:00,4044.47,4046.45,4043.35,4046.28,190
2025-10-27 16:50:00,4046.29,4048.21,4044.74,4045.15,162
2025-10-27 16:51:00,4045.19,4045.34,4039.59,4039.59,166
2025-10-27 16:52:00,4039.63,4044.13,4038.85,4043.71,170
2025-10-27 16:53:00,4043.43,4044.94,4040.52,4040.61,134
2025-10-27 16:54:00,4041.09,4041.24,4039.95,4040.22,93
2025-10-27 16:55:00,4039.97,4042.14,4039.57,4042.07,106
2025-10-27 16:56:00,4042.06,4042.09,4039.57,4039.74,102
2025-10-27 16:57:00,4039.87,4041.14,4039.01,4040.99,135
2025-10-27 16:58:00,4041.0,4041.53,4040.42,4041.02,128
2025-10-27 16:59:00,4041.31,4041.62,4039.68,4039.86,129
2025-10-27 17:00:00,4039.89,4039.89,4037.52,4039.08,128
2025-10-27 17:01:00,4039.03,4041.65,4038.21,4041.56,134
2025-10-27 17:02:00,4041.73,4041.97,4040.34,4041.5,122
2025-10-27 17:03:00,4041.48,4044.07,4040.88,4043.45,136
2025-10-27 17:04:00,4043.43,4044.08,4042.27,4043.8,99
2025-10-27 17:05:00,4044.0,4045.35,4040.69,4041.19,154
2025-10-27 17:06:00,4041.17,4044.43,4041.13,4043.75,130
2025-10-27 17:07:00,4043.49,4044.87,4043.08,4044.77,116
2025-10-27 17:08:00,4044.6,4046.52,4044.47,4046.09,104
2025-10-27 17:09:00,4046.11,4047.81,4045.73,4045.97,133
2025-10-27 17:10:00,4045.98,4047.5,4045.0,4046.53,144
2025-10-27 17:11:00,4046.6,4046.82,4041.57,4041.87,149
2025-10-27 17:12:00,4041.79,4041.89,4039.92,4040.5,128
2025-10-27 17:13:00,4040.39,4043.42,4040.29,4043.09,168
2025-10-27 17:14:00,4043.12,4044.76,4042.86,4043.57,161
2025-10-27 17:15:00,4043.49,4044.6,4040.87,4042.75,151
2025-10-27 17:16:00,4042.74,4043.13,4041.75,4041.75,91
2025-10-27 17:17:00,4041.66,4042.62,4041.47,4041.56,93
2025-10-27 17:18:00,4041.53,4042.57,4041.41,4042.25,73
2025-10-27 17:19:00,4042.49,4044.06,4042.28,4043.51,140
2025-10-27 17:20:00,4043.48,4044.53,4042.87,4044.47,113
2025-10-27 17:21:00,4044.5,4044.8,4043.87,4044.56,91
2025-10-27 17:22:00,4044.57,4045.24,4043.71,4044.4,139
2025-10-27 17:23:00,4044.33,4044.88,4041.62,4041.68,141
2025-10-27 17:24:00,4041.73,4042.7,4041.25,4041.41,95
2025-10-27 17:25:00,4041.36,4043.38,4041.25,4042.69,149
2025-10-27 17:26:00,4042.59,4043.42,4041.17,4041.23,145
2025-10-27 17:27:00,4041.33,4041.96,4040.35,4040.74,104
2025-10-27 17:28:00,4040.74,4040.74,4037.02,4038.47,181
2025-10-27 17:29:00,4038.5,4038.62,4034.91,4036.11,165
2025-10-27 17:30:00,4036.08,4037.62,4032.5,4032.56,200
2025-10-27 17:31:00,4032.59,4034.41,4029.99,4030.67,210
2025-10-27 17:32:00,4030.58,4032.2,4029.03,4031.51,180
2025-10-27 17:33:00,4031.62,4036.05,4031.11,4035.59,185
2025-10-27 17:34:00,4035.87,4036.01,4033.15,4035.26,132
2025-10-27 17:35:00,4035.63,4038.28,4035.63,4037.26,156
2025-10-27 17:36:00,4037.28,4042.0,4037.28,4041.99,158
2025-10-27 17:37:00,4042.0,4045.53,4041.88,4045.52,155
2025-10-27 17:38:00,4045.6,4045.85,4042.91,4043.15,132
2025-10-27 17:39:00,4043.03,4043.72,4042.41,4042.97,102
2025-10-27 17:40:00,4043.01,4043.46,4041.68,4042.05,118
2025-10-27 17:41:00,4042.07,4044.4,4041.9,4042.75,157
2025-10-27 17:42:00,4042.64,4042.64,4040.25,4040.29,137
2025-10-27 17:43:00,4040.22,4040.76,4039.55,4040.01,106
2025-10-27 17:44:00,4040.3,4041.52,4040.3,4041.4,98
2025-10-27 17:45:00,4041.82,4041.99,4040.44,4040.67,95
2025-10-27 17:46:00,4040.68,4042.5,4040.65,4041.25,97
2025-10-27 17:47:00,4041.27,4041.34,4039.67,4040.0,84
2025-10-27 17:48:00,4040.02,4040.54,4039.37,4040.54,98
2025-10-27 17:49:00,4040.47,4040.95,4039.56,4040.55,85
2025-10-27 17:50:00,4040.22,4040.22,4038.28,4038.62,127
2025-10-27 17:51:00,4038.61,4039.06,4037.8,4037.92,87
2025-10-27 17:52:00,4037.98,4039.27,4037.65,4037.91,94
2025-10-27 17:53:00,4038.07,4038.67,4037.79,4038.63,88
2025-10-27 17:54:00,4038.62,4039.01,4037.55,4038.58,99
2025-10-27 17:55:00,4038.56,4038.56,4036.05,4036.06,114
2025-10-27 17:56:00,4036.05,4037.65,4036.03,4036.59,114
2025-10-27 17:57:00,4036.58,4038.11,4035.54,4037.58,175
2025-10-27 17:58:00,4037.59,4037.98,4036.69,4037.72,164
2025-10-27 17:59:00,4037.73,4038.9,4036.88,4037.49,144
2025-10-27 18:00:00,4037.5,4039.92,4037.43,4039.88,159
2025-10-27 18:01:00,4039.72,4041.47,4039.63,4040.3,132
2025-10-27 18:02:00,4040.27,4040.51,4037.12,4038.18,132
2025-10-27 18:03:00,4038.23,4038.97,4037.0,4037.45,129
2025-10-27 18:04:00,4037.22,4038.37,4034.7,4036.26,155
2025-10-27 18:05:00,4036.28,4038.05,4035.78,4037.26,170
2025-10-27 18:06:00,4037.17,4038.7,4036.98,4037.53,159
2025-10-27 18:07:00,4037.33,4037.88,4031.79,4031.79,163
2025-10-27 18:08:00,4031.83,4033.0,4029.78,4032.98,224
2025-10-27 18:09:00,4033.01,4035.09,4031.42,4034.88,194
2025-10-27 18:10:00,4034.91,4035.22,4027.97,4028.33,207
2025-10-27 18:11:00,4028.25,4028.37,4022.35,4027.52,245
2025-10-27 18:12:00,4027.5,4029.41,4026.57,4029.33,181
2025-10-27 18:13:00,4029.33,4031.95,4028.53,4031.44,159
2025-10-27 18:14:00,4031.09,4031.37,4028.74,4030.55,166
2025-10-27 18:15:00,4030.49,4032.73,4030.49,4031.22,139
2025-10-27 18:16:00,4031.24,4032.41,4031.14,4031.2,103
2025-10-27 18:17:00,4031.21,4032.04,4031.18,4031.56,121
2025-10-27 18:18:00,4031.57,4032.13,4029.0,4031.54,168
2025-10-27 18:19:00,4031.58,4032.36,4029.98,4032.09,181
2025-10-27 18:20:00,4032.01,4032.37,4028.54,4028.54,169
2025-10-27 18:21:00,4028.13,4029.6,4027.94,4029.19,161
2025-10-27 18:22:00,4029.12,4030.7,4028.44,4029.78,144
2025-10-27 18:23:00,4029.58,4029.62,4028.49,4029.32,140
2025-10-27 18:24:00,4029.36,4029.77,4028.2,4028.61,125
2025-10-27 18:25:00,4028.6,4031.26,4028.24,4031.22,138
2025-10-27 18:26:00,4031.4,4031.61,4030.11,4031.12,112
2025-10-27 18:27:00,4030.81,4031.66,4028.18,4029.66,119
2025-10-27 18:28:00,4029.44,4031.62,4029.42,4029.87,119
2025-10-27 18:29:00,4029.98,4031.7,4029.98,4030.27,83
2025-10-27 18:30:00,4030.28,4030.9,4028.77,4029.96,132
2025-10-27 18:31:00,4029.92,4030.5,4029.06,4029.67,73
2025-10-27 18:32:00,4029.59,4030.4,4029.23,4030.23,95
2025-10-27 18:33:00,4030.22,4031.05,4028.55,4028.72,110
2025-10-27 18:34:00,4028.73,4028.84,4025.46,4027.08,164
2025-10-27 18:35:00,4026.95,4028.29,4025.15,4026.19,186
2025-10-27 18:36:00,4026.18,4026.71,4024.36,4025.22,160
2025-10-27 18:37:00,4024.73,4025.74,4022.05,4022.15,187
2025-10-27 18:38:00,4022.12,4022.12,4017.6,4017.98,205
2025-10-27 18:39:00,4017.89,4020.33,4015.46,4016.18,230
2025-10-27 18:40:00,4016.19,4021.73,4015.49,4020.01,219
2025-10-27 18:41:00,4020.49,4023.52,4020.04,4023.14,165
2025-10-27 18:42:00,4023.13,4023.31,4019.69,4019.79,207
2025-10-27 18:43:00,4019.76,4020.09,4017.88,4019.38,182
2025-10-27 18:44:00,4019.53,4021.67,4019.13,4020.61,186
2025-10-27 18:45:00,4020.38,4023.48,4019.59,4023.36,193
2025-10-27 18:46:00,4023.34,4025.73,4023.23,4025.7,185
2025-10-27 18:47:00,4025.73,4031.76,4025.73,4030.66,186
2025-10-27 18:48:00,4030.71,4031.24,4025.9,4026.03,197
2025-10-27 18:49:00,4026.03,4026.05,4023.9,4024.48,202
2025-10-27 18:50:00,4024.28,4026.28,4024.05,4025.61,157
2025-10-27 18:51:00,4025.64,4025.81,4022.92,4024.12,119
2025-10-27 18:52:00,4024.27,4024.27,4022.1,4022.51,137
2025-10-27 18:53:00,4022.38,4025.43,4021.99,4024.89,142
2025-10-27 18:54:00,4024.89,4025.25,4023.51,4025.24,129
2025-10-27 18:55:00,4024.79,4025.91,4024.26,4025.69,147
2025-10-27 18:56:00,4025.41,4025.41,4022.71,4023.1,138
2025-10-27 18:57:00,4022.84,4025.3,4022.83,4024.34,131
2025-10-27 18:58:00,4024.34,4025.95,4022.95,4022.95,152
2025-10-27 18:59:00,4022.98,4025.15,4022.55,4024.07,152
2025-10-27 19:00:00,4023.96,4025.37,4022.47,4025.03,193
2025-10-27 19:01:00,4024.97,4030.41,4024.97,4030.23,214
2025-10-27 19:02:00,4030.13,4034.83,4030.13,4034.58,230
2025-10-27 19:03:00,4034.52,4037.9,4033.45,4035.2,234
2025-10-27 19:04:00,4035.09,4035.78,4032.53,4032.53,194
2025-10-27 19:05:00,4032.5,4033.44,4030.52,4030.58,188
2025-10-27 19:06:00,4030.55,4031.6,4029.46,4030.36,181
2025-10-27 19:07:00,4030.42,4031.79,4029.52,4031.79,163
2025-10-27 19:08:00,4031.75,4033.18,4030.02,4031.44,170
2025-10-27 19:09:00,4031.54,4032.14,4029.78,4031.81,167
2025-10-27 19:10:00,4031.77,4035.47,4031.5,4035.01,191
2025-10-27 19:11:00,4034.99,4035.38,4032.56,4032.66,212
2025-10-27 19:12:00,4032.76,4032.86,4028.7,4029.51,202
2025-10-27 19:13:00,4029.51,4030.83,4029.49,4029.61,140
2025-10-27 19:14:00,4029.58,4032.66,4029.55,4032.66,141
2025-10-27 19:15:00,4032.7,4034.4,4032.38,4034.3,159
2025-10-27 19:16:00,4034.33,4035.72,4033.85,4035.58,173
2025-10-27 19:17:00,4035.59,4036.19,4034.62,4035.54,177
2025-10-27 19:18:00,4035.56,4035.58,4032.27,4032.89,178
2025-10-27 19:19:00,4032.8,4036.38,4032.6,4035.13,145
2025-10-27 19:20:00,4035.0,4037.56,4033.61,4036.4,195
2025-10-27 19:21:00,4036.33,4037.69,4034.86,4036.18,186
2025-10-27 19:22:00,4036.28,4036.82,4033.38,4035.1,209
2025-10-27 19:23:00,4035.18,4036.95,4034.29,4036.69,171
2025-10-27 19:24:00,4036.98,4040.5,4036.63,4040.5,178
2025-10-27 19:25:00,4040.56,4041.81,4039.09,4040.98,214
2025-10-27 19:26:00,4040.96,4040.96,4039.2,4040.42,149
2025-10-27 19:27:00,4040.46,4040.46,4038.72,4039.0,150
2025-10-27 19:28:00,4038.98,4038.99,4035.25,4035.73,136
2025-10-27 19:29:00,4035.63,4036.17,4034.58,4034.62,144
2025-10-27 19:30:00,4034.58,4034.91,4030.7,4030.86,162
2025-10-27 19:31:00,4030.87,4033.17,4030.55,4032.97,149
2025-10-27 19:32:00,4032.94,4033.12,4030.33,4031.09,112
2025-10-27 19:33:00,4031.11,4032.68,4031.1,4032.63,171
2025-10-27 19:34:00,4032.64,4034.43,4032.16,4032.78,177
2025-10-27 19:35:00,4033.2,4034.13,4031.96,4033.87,174
2025-10-27 19:36:00,4033.91,4034.14,4033.21,4033.7,151
2025-10-27 19:37:00,4033.79,4034.61,4032.95,4033.25,146
2025-10-27 19:38:00,4033.28,4035.01,4032.88,4034.81,129
2025-10-27 19:39:00,4034.59,4034.95,4033.23,4033.49,132
2025-10-27 19:40:00,4033.47,4036.14,4033.39,4034.36,171
2025-10-27 19:41:00,4034.21,4037.54,4033.55,4037.32,159
2025-10-27 19:42:00,4037.29,4037.92,4034.06,4034.06,163
2025-10-27 19:43:00,4034.03,4035.34,4033.18,4034.4,161
2025-10-27 19:44:00,4034.51,4035.49,4034.22,4034.93,124
2025-10-27 19:45:00,4035.24,4035.68,4034.63,4035.15,164
2025-10-27 19:46:00,4035.1,4037.02,4034.88,4036.85,174
2025-10-27 19:47:00,4036.88,4041.35,4036.88,4041.34,196
2025-10-27 19:48:00,4041.24,4041.24,4038.75,4040.7,170
2025-10-27 19:49:00,4040.69,4044.97,4040.61,4044.91,168
2025-10-27 19:50:00,4044.77,4046.44,4043.91,4043.91,212
2025-10-27 19:51:00,4043.88,4044.11,4042.37,4043.25,146
2025-10-27 19:52:00,4043.33,4043.73,4042.49,4042.62,140
2025-10-27 19:53:00,4042.6,4042.6,4039.48,4039.63,153
2025-10-27 19:54:00,4039.57,4040.86,4038.28,4040.86,182
2025-10-27 19:55:00,4040.72,4042.52,4040.24,4042.24,153
2025-10-27 19:56:00,4042.29,4042.36,4040.96,4042.31,134
2025-10-27 19:57:00,4042.33,4042.67,4041.42,4042.25,153
2025-10-27 19:58:00,4042.37,4043.49,4041.95,4043.44,175
2025-10-27 19:59:00,4043.42,4045.96,4042.99,4045.75,205
2025-10-27 20:00:00,4046.03,4050.43,4046.03,4047.63,253
2025-10-27 20:01:00,4047.9,4049.43,4046.61,4047.35,223
2025-10-27 20:02:00,4047.31,4049.72,4047.07,4047.58,199
2025-10-27 20:03:00,4047.63,4048.54,4046.94,4048.08,179
2025-10-27 20:04:00,4048.04,4048.88,4046.86,4047.2,176
2025-10-27 20:05:00,4047.06,4047.19,4041.4,4041.67,220
2025-10-27 20:06:00,4041.72,4043.86,4040.34,4043.17,187
2025-10-27 20:07:00,4043.03,4044.38,4041.95,4043.93,163
2025-10-27 20:08:00,4043.58,4043.88,4040.73,4041.61,172
2025-10-27 20:09:00,4041.52,4042.01,4040.55,4040.84,150
2025-10-27 20:10:00,4040.8,4041.82,4039.84,4040.81,166
2025-10-27 20:11:00,4040.63,4043.41,4040.22,4041.11,162
2025-10-27 20:12:00,4041.05,4042.25,4039.97,4042.16,170
2025-10-27 20:13:00,4042.17,4042.17,4040.52,4040.76,120
2025-10-27 20:14:00,4040.76,4041.65,4038.92,4039.65,156
2025-10-27 20:15:00,4039.7,4041.12,4039.44,4041.1,120
2025-10-27 20:16:00,4040.59,4040.59,4036.64,4038.63,175
2025-10-27 20:17:00,4038.55,4039.63,4037.78,4038.98,144
2025-10-27 20:18:00,4038.92,4039.2,4037.95,4039.07,153
2025-10-27 20:19:00,4039.05,4040.18,4038.27,4038.44,140
2025-10-27 20:20:00,4038.46,4041.89,4038.34,4041.81,146
2025-10-27 20:21:00,4041.79,4043.71,4041.64,4042.67,164
2025-10-27 20:22:00,4042.7,4043.78,4039.15,4039.38,151
2025-10-27 20:23:00,4039.24,4039.96,4038.94,4039.57,157
2025-10-27 20:24:00,4039.58,4040.24,4039.2,4039.6,155
2025-10-27 20:25:00,4039.46,4040.43,4038.23,4040.05,173
2025-10-27 20:26:00,4039.95,4040.04,4036.63,4036.9,205
2025-10-27 20:27:00,4036.75,4036.92,4034.34,4035.79,191
2025-10-27 20:28:00,4035.78,4036.11,4031.9,4034.05,215
2025-10-27 20:29:00,4034.03,4034.43,4031.56,4033.19,203
2025-10-27 20:30:00,4033.85,4033.85,4026.13,4027.03,266
2025-10-27 20:31:00,4027.16,4028.36,4022.86,4023.08,263
2025-10-27 20:32:00,4023.11,4031.41,4021.02,4031.41,272
2025-10-27 20:33:00,4031.3,4037.45,4030.58,4037.43,266
2025-10-27 20:34:00,4037.49,4038.91,4032.3,4032.3,252
2025-10-27 20:35:00,4032.29,4034.5,4030.86,4032.5,250
2025-10-27 20:36:00,4032.21,4037.38,4031.48,4036.95,239
2025-10-27 20:37:00,4037.2,4038.91,4034.79,4034.95,240
2025-10-27 20:38:00,4035.26,4036.79,4032.98,4034.51,243
2025-10-27 20:39:00,4034.52,4034.67,4032.31,4032.97,231
2025-10-27 20:40:00,4032.95,4033.62,4027.86,4029.07,262
2025-10-27 20:41:00,4029.07,4029.53,4024.84,4025.25,253
2025-10-27 20:42:00,4025.01,4027.14,4023.79,4024.08,246
2025-10-27 20:43:00,4024.07,4024.34,4018.56,4020.85,266
2025-10-27 20:44:00,4020.75,4026.38,4018.76,4025.45,273
2025-10-27 20:45:00,4025.49,4027.42,4021.79,4021.79,260
2025-10-27 20:46:00,4021.76,4025.5,4021.25,4021.52,258
2025-10-27 20:47:00,4021.64,4021.75,4013.81,4014.12,261
2025-10-27 20:48:00,4014.07,4018.07,4013.39,4015.82,264
2025-10-27 20:49:00,4015.89,4020.45,4015.89,4018.0,245
2025-10-27 20:50:00,4018.58,4026.28,4018.58,4022.26,257
2025-10-27 20:51:00,4022.2,4022.2,4019.5,4021.81,224
2025-10-27 20:52:00,4021.77,4024.96,4020.36,4024.56,226
2025-10-27 20:53:00,4024.54,4024.66,4022.45,4022.82,220
2025-10-27 20:54:00,4022.67,4022.97,4017.97,4018.56,236
2025-10-27 20:55:00,4018.5,4021.32,4016.15,4019.34,261
2025-10-27 20:56:00,4019.27,4020.34,4016.55,4020.18,237
2025-10-27 20:57:00,4020.09,4022.31,4017.34,4018.7,212
2025-10-27 20:58:00,4018.74,4021.2,4018.26,4021.2,234
2025-10-27 20:59:00,4020.86,4022.85,4019.99,4022.02,242
2025-10-27 21:00:00,4022.08,4023.41,4018.13,4018.13,256
2025-10-27 21:01:00,4017.85,4021.15,4014.35,4019.98,264
2025-10-27 21:02:00,4019.94,4019.94,4014.4,4014.53,245
2025-10-27 21:03:00,4014.04,4014.12,4007.13,4008.91,266
2025-10-27 21:04:00,4008.95,4012.76,4007.46,4010.61,267
2025-10-27 21:05:00,4011.26,4017.94,4008.6,4017.59,268
2025-10-27 21:06:00,4017.63,4018.0,4008.58,4008.69,248
2025-10-27 21:07:00,4009.05,4009.69,4004.94,4007.03,257
2025-10-27 21:08:00,4006.98,4007.32,4000.17,4001.21,269
2025-10-27 21:09:00,4001.32,4008.88,4000.77,4006.98,264
2025-10-27 21:10:00,4006.78,4009.29,4003.88,4004.3,251
2025-10-27 21:11:00,4004.18,4007.48,4003.75,4006.25,257
2025-10-27 21:12:00,4006.22,4008.33,4003.87,4005.43,248
2025-10-27 21:13:00,4005.14,4009.44,4005.05,4006.53,251
2025-10-27 21:14:00,4006.62,4007.67,4004.54,4004.82,257
2025-10-27 21:15:00,4004.66,4007.5,4003.87,4004.4,238
2025-10-27 21:16:00,4004.31,4004.76,3995.51,3996.26,271
2025-10-27 21:17:00,3996.4,3996.91,3990.1,3991.22,273
2025-10-27 21:18:00,3990.79,3994.47,3988.31,3993.84,273
2025-10-27 21:19:00,3993.91,3995.45,3992.3,3992.91,265
2025-10-27 21:20:00,3992.93,3994.85,3989.12,3991.41,257
2025-10-27 21:21:00,3991.4,3996.01,3991.4,3993.48,260
2025-10-27 21:22:00,3993.51,3994.08,3989.44,3989.46,257
2025-10-27 21:23:00,3989.58,3993.65,3989.56,3991.06,259
2025-10-27 21:24:00,3991.12,3995.72,3986.55,3992.05,277
2025-10-27 21:25:00,3992.22,3994.4,3987.82,3992.6,265
2025-10-27 21:26:00,3992.93,3994.98,3991.51,3994.98,247
2025-10-27 21:27:00,3994.94,3998.23,3993.19,3996.91,261
2025-10-27 21:28:00,3996.98,4003.56,3996.1,4002.92,259
2025-10-27 21:29:00,4002.94,4004.73,3998.3,3998.78,266
2025-10-27 21:30:00,3998.9,4000.19,3995.7,3995.7,243
2025-10-27 21:31:00,3995.41,3998.12,3992.29,3992.35,242
2025-10-27 21:32:00,3992.41,3994.74,3991.32,3994.21,250
2025-10-27 21:33:00,3994.29,3995.39,3993.18,3993.82,232
2025-10-27 21:34:00,3993.8,3995.29,3992.33,3995.17,221
2025-10-27 21:35:00,3995.15,3995.55,3989.87,3991.95,229
2025-10-27 21:36:00,3992.15,3995.03,3989.71,3989.71,241
2025-10-27 21:37:00,3989.65,3990.09,3983.26,3985.96,268
2025-10-27 21:38:00,3986.07,3986.48,3983.93,3985.83,250
2025-10-27 21:39:00,3985.82,3988.37,3985.01,3986.61,252
2025-10-27 21:40:00,3986.56,3992.94,3986.56,3991.51,244
2025-10-27 21:41:00,3991.46,3994.41,3990.93,3993.44,213
2025-10-27 21:42:00,3993.47,3999.09,3993.19,3995.66,243
2025-10-27 21:43:00,3995.68,3996.94,3993.1,3996.73,218
2025-10-27 21:44:00,3996.69,3997.8,3993.79,3994.63,243
2025-10-27 21:45:00,3994.72,3999.24,3993.64,3998.42,233
2025-10-27 21:46:00,3998.4,3999.17,3993.84,3995.4,228
2025-10-27 21:47:00,3995.19,3997.98,3993.88,3996.64,233
2025-10-27 21:48:00,3996.73,3997.0,3991.7,3991.7,219
2025-10-27 21:49:00,3991.67,3995.69,3991.43,3994.48,212
2025-10-27 21:50:00,3994.77,3997.35,3991.02,3991.18,209
2025-10-27 21:51:00,3991.13,3993.34,3990.64,3993.19,223
2025-10-27 21:52:00,3993.11,3993.83,3988.22,3988.42,237
2025-10-27 21:53:00,3988.74,3989.27,3985.94,3986.11,221
2025-10-27 21:54:00,3985.99,3988.77,3985.5,3988.61,220
2025-10-27 21:55:00,3988.65,3988.86,3985.49,3986.25,197
2025-10-27 21:56:00,3986.47,3989.01,3985.58,3988.01,206
2025-10-27 21:57:00,3988.13,3988.59,3985.93,3986.62,205
2025-10-27 21:58:00,3986.53,3988.13,3984.3,3987.07,229
2025-10-27 21:59:00,3987.09,3987.97,3984.57,3987.97,234
2025-10-27 22:00:00,3988.19,3988.21,3977.71,3980.49,269
2025-10-27 22:01:00,3980.75,3981.47,3977.66,3979.63,242
2025-10-27 22:02:00,3980.1,3982.86,3976.4,3982.44,246
2025-10-27 22:03:00,3982.69,3985.93,3981.22,3981.54,229
2025-10-27 22:04:00,3981.51,3983.98,3978.72,3980.24,234
2025-10-27 22:05:00,3980.17,3982.05,3976.58,3976.96,220
2025-10-27 22:06:00,3977.33,3981.78,3977.33,3978.5,234
2025-10-27 22:07:00,3978.3,3978.74,3974.31,3976.18,243
2025-10-27 22:08:00,3976.34,3978.11,3973.5,3974.02,240
2025-10-27 22:09:00,3973.99,3974.8,3971.6,3974.64,243
2025-10-27 22:10:00,3974.55,3976.79,3972.04,3972.66,253
2025-10-27 22:11:00,3972.55,3975.46,3971.4,3973.59,232
2025-10-27 22:12:00,3973.48,3978.66,3973.25,3976.93,224
2025-10-27 22:13:00,3976.92,3978.41,3974.79,3977.61,221
2025-10-27 22:14:00,3977.61,3980.45,3977.55,3978.88,210
2025-10-27 22:15:00,3978.86,3979.73,3975.87,3977.04,222
2025-10-27 22:16:00,3977.26,3979.13,3976.72,3977.24,213
2025-10-27 22:17:00,3977.42,3981.29,3976.56,3978.94,202
2025-10-27 22:18:00,3978.97,3982.64,3978.95,3981.82,219
2025-10-27 22:19:00,3981.7,3984.63,3981.17,3981.74,207
2025-10-27 22:20:00,3981.68,3982.39,3978.3,3979.9,195
2025-10-27 22:21:00,3980.24,3983.78,3980.24,3983.69,188
2025-10-27 22:22:00,3983.6,3983.85,3981.41,3983.43,209
2025-10-27 22:23:00,3983.53,3984.84,3980.36,3980.83,215
2025-10-27 22:24:00,3981.05,3982.36,3979.37,3981.05,202
2025-10-27 22:25:00,3981.34,3982.07,3978.96,3979.63,173
2025-10-27 22:26:00,3979.89,3985.36,3979.59,3982.32,218
2025-10-27 22:27:00,3982.46,3983.67,3980.5,3982.21,203
2025-10-27 22:28:00,3982.25,3984.61,3981.81,3984.5,170
2025-10-27 22:29:00,3984.51,3988.08,3984.37,3986.68,221
2025-10-27 22:30:00,3986.9,3990.0,3986.5,3989.16,228
2025-10-27 22:31:00,3989.17,3992.51,3988.61,3991.81,222
2025-10-27 22:32:00,3991.8,3993.63,3989.51,3990.18,228
2025-10-27 22:33:00,3990.26,3990.45,3987.07,3988.11,216
2025-10-27 22:34:00,3988.18,3988.54,3985.48,3988.54,205
2025-10-27 22:35:00,3988.57,3990.61,3987.56,3990.15,210
2025-10-27 22:36:00,3990.1,3990.33,3988.64,3990.04,193
2025-10-27 22:37:00,3989.78,3990.34,3988.19,3989.47,196
2025-10-27 22:38:00,3989.48,3990.8,3987.54,3987.88,215
2025-10-27 22:39:00,3987.79,3990.02,3986.54,3987.18,193
2025-10-27 22:40:00,3987.17,3988.52,3986.34,3986.39,176
2025-10-27 22:41:00,3986.4,3988.64,3986.06,3987.76,193
2025-10-27 22:42:00,3987.9,3987.93,3982.05,3982.78,191
2025-10-27 22:43:00,3982.84,3983.88,3979.51,3980.88,215
2025-10-27 22:44:00,3980.5,3982.44,3980.22,3981.63,217
2025-10-27 22:45:00,3981.68,3983.89,3981.33,3982.97,198
2025-10-27 22:46:00,3983.33,3985.66,3981.36,3981.6,185
2025-10-27 22:47:00,3981.68,3984.79,3981.32,3984.35,206
2025-10-27 22:48:00,3984.65,3985.83,3983.14,3984.78,178
2025-10-27 22:49:00,3984.66,3985.49,3983.88,3983.9,147
2025-10-27 22:50:00,3983.95,3986.08,3983.2,3985.34,174
2025-10-27 22:51:00,3985.35,3988.32,3983.94,3985.98,189
2025-10-27 22:52:00,3985.95,3987.92,3985.25,3987.92,191
2025-10-27 22:53:00,3987.95,3990.4,3987.89,3990.16,191
2025-10-27 22:54:00,3990.06,3990.21,3987.56,3987.74,190
2025-10-27 22:55:00,3987.45,3988.63,3985.47,3987.77,208
2025-10-27 22:56:00,3987.86,3988.98,3986.8,3988.18,183
2025-10-27 22:57:00,3988.19,3990.31,3988.14,3988.77,183
2025-10-27 22:58:00,3988.85,3990.14,3988.84,3989.11,163
2025-10-27 22:59:00,3989.05,3989.99,3987.83,3989.99,141
2025-10-27 23:00:00,3990.04,3992.87,3989.95,3992.02,182
2025-10-27 23:01:00,3992.05,3992.89,3988.78,3989.1,199
2025-10-27 23:02:00,3989.0,3989.28,3986.92,3987.81,171
2025-10-27 23:03:00,3987.62,3989.15,3986.74,3988.32,173
2025-10-27 23:04:00,3988.21,3989.46,3987.79,3989.18,131
2025-10-27 23:05:00,3988.98,3989.79,3987.54,3987.6,172
2025-10-27 23:06:00,3987.61,3989.08,3986.6,3988.48,162
2025-10-27 23:07:00,3988.55,3991.49,3988.08,3990.38,142
2025-10-27 23:08:00,3990.39,3990.43,3987.34,3988.51,151
2025-10-27 23:09:00,3988.66,3989.04,3987.1,3988.92,151
2025-10-27 23:10:00,3989.08,3991.53,3988.19,3991.39,135
2025-10-27 23:11:00,3991.36,3993.6,3991.36,3992.58,159
2025-10-27 23:12:00,3992.54,3994.54,3991.64,3994.54,174
2025-10-27 23:13:00,3994.5,3994.91,3993.1,3994.34,182
2025-10-27 23:14:00,3994.32,3994.62,3993.46,3993.71,157
2025-10-27 23:15:00,3993.82,3995.54,3992.86,3994.74,202
2025-10-27 23:16:00,3994.77,3997.34,3994.28,3996.86,203
2025-10-27 23:17:00,3996.79,3996.92,3994.79,3995.37,175
2025-10-27 23:18:00,3995.35,3997.29,3994.93,3997.27,173
2025-10-27 23:19:00,3997.31,3998.12,3994.54,3995.24,197
2025-10-27 23:20:00,3995.25,3996.31,3993.7,3994.59,185
2025-10-27 23:21:00,3994.6,3994.6,3992.02,3992.02,185
2025-10-27 23:22:00,3992.33,3993.4,3991.4,3991.91,167
2025-10-27 23:23:00,3991.97,3993.06,3991.86,3992.06,150
2025-10-27 23:24:00,3992.15,3993.29,3992.01,3992.59,150
2025-10-27 23:25:00,3992.43,3992.8,3991.07,3991.17,144
2025-10-27 23:26:00,3991.2,3991.57,3990.58,3990.75,155
2025-10-27 23:27:00,3990.76,3991.41,3990.54,3991.09,124
2025-10-27 23:28:00,3991.15,3991.15,3989.65,3990.26,135
2025-10-27 23:29:00,3990.28,3990.33,3987.22,3987.22,162
2025-10-27 23:30:00,3987.45,3987.76,3984.28,3986.94,199
2025-10-27 23:31:00,3986.84,3987.96,3986.37,3986.78,148
2025-10-27 23:32:00,3986.79,3990.22,3986.79,3989.87,161
2025-10-27 23:33:00,3989.94,3990.98,3989.58,3990.86,157
2025-10-27 23:34:00,3990.87,3990.87,3988.31,3989.57,160
2025-10-27 23:35:00,3989.51,3990.5,3988.65,3989.85,136
2025-10-27 23:36:00,3989.84,3991.14,3989.29,3989.92,165
2025-10-27 23:37:00,3989.79,3990.56,3989.57,3989.63,128
2025-10-27 23:38:00,3989.72,3992.94,3989.28,3992.42,153
2025-10-27 23:39:00,3992.63,3994.07,3992.63,3993.53,151
2025-10-27 23:40:00,3993.48,3994.67,3992.66,3994.38,142
2025-10-27 23:41:00,3994.35,3995.21,3993.82,3995.0,133
2025-10-27 23:42:00,3995.01,3995.11,3992.88,3993.46,143
2025-10-27 23:43:00,3993.62,3994.34,3992.93,3993.93,150
2025-10-27 23:44:00,3993.94,3993.96,3992.17,3993.33,165
2025-10-27 23:45:00,3993.38,3994.17,3992.42,3992.95,138
2025-10-27 23:46:00,3993.03,3994.03,3992.61,3992.91,132
2025-10-27 23:47:00,3992.9,3993.58,3992.44,3993.42,103
2025-10-27 23:48:00,3993.36,3994.58,3992.79,3994.53,119
2025-10-27 23:49:00,3994.55,3996.17,3993.47,3993.7,168
2025-10-27 23:50:00,3993.72,3994.11,3991.8,3993.93,169
2025-10-27 23:51:00,3993.98,3994.47,3993.15,3993.86,147
2025-10-27 23:52:00,3993.86,3995.05,3992.84,3994.61,145
2025-10-27 23:53:00,3994.79,3995.58,3994.6,3994.97,172
2025-10-27 23:54:00,3994.89,3994.89,3993.38,3993.77,153
2025-10-28 01:00:00,4006.49,4007.77,4005.6,4006.5,132
2025-10-28 01:01:00,4006.42,4006.77,4005.76,4006.0,118
2025-10-28 01:02:00,4005.95,4006.64,4004.9,4004.95,153
2025-10-28 01:03:00,4004.4,4004.53,4002.8,4003.87,183
2025-10-28 01:04:00,4004.16,4006.67,4003.54,4006.34,133
2025-10-28 01:05:00,4006.24,4009.06,4006.14,4008.52,132
2025-10-28 01:06:00,4008.6,4010.14,4008.42,4010.04,139
2025-10-28 01:07:00,4010.01,4010.16,4008.27,4008.27,126
2025-10-28 01:08:00,4008.25,4008.78,4007.52,4008.34,146
2025-10-28 01:09:00,4008.36,4008.8,4007.49,4008.71,116
2025-10-28 01:10:00,4008.76,4009.28,4006.44,4006.48,127
2025-10-28 01:11:00,4006.41,4006.96,4005.14,4005.67,133
2025-10-28 01:12:00,4005.51,4007.33,4005.33,4006.81,111
2025-10-28 01:13:00,4006.86,4008.83,4006.18,4008.35,120
2025-10-28 01:14:00,4008.21,4010.03,4007.77,4009.69,126
2025-10-28 01:15:00,4009.6,4009.6,4007.96,4009.02,111
2025-10-28 01:16:00,4009.16,4009.51,4008.19,4008.45,112
2025-10-28 01:17:00,4008.43,4009.0,4008.17,4008.94,110
2025-10-28 01:18:00,4008.99,4010.1,4008.99,4009.8,142
2025-10-28 01:19:00,4009.81,4009.81,4007.88,4008.42,142
2025-10-28 01:20:00,4008.41,4008.97,4007.27,4007.93,108
2025-10-28 01:21:00,4007.91,4007.91,4006.62,4007.25,187
2025-10-28 01:22:00,4007.29,4008.47,4005.77,4008.47,162
2025-10-28 01:23:00,4008.45,4008.51,4006.37,4006.94,138
2025-10-28 01:24:00,4007.07,4007.22,4006.07,4006.24,139
2025-10-28 01:25:00,4006.3,4007.75,4006.27,4007.38,135
2025-10-28 01:26:00,4007.36,4007.43,4006.45,4006.9,125
2025-10-28 01:27:00,4006.76,4008.28,4006.54,4007.6,158
2025-10-28 01:28:00,4007.59,4007.87,4006.91,4007.54,123
2025-10-28 01:29:00,4007.55,4008.64,4007.37,4008.2,132
2025-10-28 01:30:00,4008.31,4009.56,4008.04,4008.45,131
2025-10-28 01:31:00,4008.51,4008.67,4007.84,4008.3,127
2025-10-28 01:32:00,4008.34,4008.34,4006.59,4007.39,129
2025-10-28 01:33:00,4007.19,4007.48,4004.88,4005.09,124
2025-10-28 01:34:00,4005.18,4006.61,4005.03,4006.12,128
2025-10-28 01:35:00,4006.22,4006.35,4004.21,4004.42,132
2025-10-28 01:36:00,4004.5,4006.64,4004.06,4006.61,146
2025-10-28 01:37:00,4006.73,4006.91,4004.42,4004.43,122
2025-10-28 01:38:00,4004.45,4004.76,4002.61,4003.17,171
2025-10-28 01:39:00,4003.08,4003.52,4001.2,4002.57,162
2025-10-28 01:40:00,4002.65,4003.88,4002.17,4003.01,143
2025-10-28 01:41:00,4003.3,4003.31,4001.25,4001.77,141
2025-10-28 01:42:00,4001.9,4002.13,4001.0,4001.43,172
2025-10-28 01:43:00,4001.47,4004.55,4001.43,4003.2,180
2025-10-28 01:44:00,4003.26,4005.81,4003.09,4003.49,178
2025-10-28 01:45:00,4003.57,4004.68,4003.02,4003.93,162
2025-10-28 01:46:00,4003.73,4004.09,4002.04,4003.45,162
2025-10-28 01:47:00,4003.51,4006.8,4003.48,4006.53,151
2025-10-28 01:48:00,4006.52,4006.57,4004.99,4005.41,144
2025-10-28 01:49:00,4005.43,4006.67,4005.41,4005.93,152
2025-10-28 01:50:00,4005.94,4007.1,4005.88,4006.62,127
2025-10-28 01:51:00,4006.63,4007.39,4006.36,4007.39,100
2025-10-28 01:52:00,4007.4,4008.24,4006.79,4006.83,117
2025-10-28 01:53:00,4006.82,4007.57,4006.54,4007.42,146
2025-10-28 01:54:00,4007.45,4007.84,4007.0,4007.08,142
2025-10-28 01:55:00,4007.07,4007.44,4004.9,4005.79,179
2025-10-28 01:56:00,4006.0,4006.56,4003.97,4003.97,137
2025-10-28 01:57:00,4004.0,4005.03,4002.87,4003.17,163
2025-10-28 01:58:00,4003.22,4003.5,4001.35,4003.37,164
2025-10-28 01:59:00,4003.3,4003.45,3997.95,3999.19,202
2025-10-28 02:00:00,3999.44,3999.65,3995.52,3997.96,209
2025-10-28 02:01:00,3998.0,4001.81,3998.0,4001.79,185
2025-10-28 02:02:00,4001.94,4005.76,4001.87,4005.56,190
2025-10-28 02:03:00,4005.65,4005.69,4002.68,4003.13,169
2025-10-28 02:04:00,4003.03,4003.65,4001.77,4003.07,148
2025-10-28 02:05:00,4002.99,4004.5,4002.99,4003.53,138
2025-10-28 02:06:00,4003.51,4003.52,4000.58,4002.43,133
2025-10-28 02:07:00,4002.58,4002.9,4000.24,4000.8,138
2025-10-28 02:08:00,4000.78,4001.14,3999.0,3999.89,121
2025-10-28 02:09:00,3999.91,4001.5,3999.79,4001.35,154
2025-10-28 02:10:00,4001.23,4002.2,4000.57,4002.16,118
2025-10-28 02:11:00,4002.26,4002.91,4001.43,4001.92,122
2025-10-28 02:12:00,4001.8,4001.9,4000.54,4001.04,131
2025-10-28 02:13:00,4001.08,4001.67,4000.38,4001.53,127
2025-10-28 02:14:00,4001.57,4002.01,4000.95,4001.34,126
2025-10-28 02:15:00,4001.28,4002.66,4000.36,4002.39,196
2025-10-28 02:16:00,4002.53,4003.06,3999.67,3999.67,163
2025-10-28 02:17:00,3999.7,4002.34,3998.97,4001.37,166
2025-10-28 02:18:00,4001.14,4001.43,3998.98,3999.96,131
2025-10-28 02:19:00,3999.94,3999.94,3998.74,3999.62,132
2025-10-28 02:20:00,3999.65,3999.71,3998.18,3998.18,142
2025-10-28 02:21:00,3998.22,3999.5,3997.87,3998.12,150
2025-10-28 02:22:00,3998.1,3998.92,3996.57,3997.56,150
2025-10-28 02:23:00,3997.34,3997.73,3996.4,3996.82,162
2025-10-28 02:24:00,3996.8,3998.05,3996.75,3997.93,165
2025-10-28 02:25:00,3998.13,3998.46,3996.23,3996.65,166
2025-10-28 02:26:00,3996.64,3996.84,3995.81,3995.87,129
2025-10-28 02:27:00,3996.06,3997.45,3995.81,3996.12,138
2025-10-28 02:28:00,3996.26,3996.26,3993.68,3993.83,175
2025-10-28 02:29:00,3993.83,3994.52,3988.94,3989.24,188
2025-10-28 02:30:00,3989.27,3992.06,3989.25,3990.99,212
2025-10-28 02:31:00,3991.08,3992.37,3990.71,3991.56,178
2025-10-28 02:32:00,3991.23,3991.23,3989.18,3990.2,161
2025-10-28 02:33:00,3990.24,3992.37,3990.11,3990.7,163
2025-10-28 02:34:00,3990.72,3992.23,3988.72,3988.72,183
2025-10-28 02:35:00,3988.73,3991.39,3988.58,3991.39,163
2025-10-28 02:36:00,3991.36,3991.85,3990.63,3990.75,121
2025-10-28 02:37:00,3990.74,3990.98,3989.34,3989.49,142
2025-10-28 02:38:00,3989.48,3990.0,3987.87,3989.93,132
2025-10-28 02:39:00,3989.91,3992.23,3989.77,3991.47,141
2025-10-28 02:40:00,3991.73,3991.89,3989.86,3990.96,150
2025-10-28 02:41:00,3990.97,3991.64,3989.88,3990.2,136
2025-10-28 02:42:00,3990.21,3990.64,3989.2,3989.53,133
2025-10-28 02:43:00,3989.54,3989.54,3987.07,3987.17,169
2025-10-28 02:44:00,3987.12,3988.7,3987.1,3987.88,172
2025-10-28 02:45:00,3987.91,3990.25,3987.85,3989.51,154
2025-10-28 02:46:00,3989.6,3989.87,3988.29,3989.23,168
2025-10-28 02:47:00,3989.29,3990.66,3989.11,3989.88,156
2025-10-28 02:48:00,3989.89,3991.75,3989.87,3990.73,151
2025-10-28 02:49:00,3990.73,3991.23,3989.1,3989.33,129
2025-10-28 02:50:00,3989.32,3990.54,3987.56,3987.6,149
2025-10-28 02:51:00,3987.35,3988.41,3987.18,3987.47,137
2025-10-28 02:52:00,3987.6,3987.92,3985.94,3987.01,134
2025-10-28 02:53:00,3987.03,3988.33,3986.77,3986.88,130
2025-10-28 02:54:00,3987.3,3987.97,3986.11,3986.23,141
2025-10-28 02:55:00,3985.77,3988.87,3985.77,3988.06,144
2025-10-28 02:56:00,3988.05,3988.55,3987.14,3988.15,124
2025-10-28 02:57:00,3988.14,3988.49,3986.94,3987.85,156
2025-10-28 02:58:00,3987.83,3988.53,3986.64,3986.88,184
2025-10-28 02:59:00,3986.94,3990.52,3986.76,3990.09,200
2025-10-28 03:00:00,3990.17,3990.17,3988.45,3990.13,137
2025-10-28 03:01:00,3990.14,3991.98,3988.92,3991.14,150
2025-10-28 03:02:00,3991.15,3992.4,3991.04,3992.18,135
2025-10-28 03:03:00,3992.2,3992.2,3990.15,3990.18,125
2025-10-28 03:04:00,3990.25,3990.56,3987.52,3988.17,138
2025-10-28 03:05:00,3988.17,3991.32,3987.96,3989.78,164
2025-10-28 03:06:00,3989.77,3990.29,3989.02,3989.69,116
2025-10-28 03:07:00,3989.67,3990.21,3989.34,3989.4,75
2025-10-28 03:08:00,3989.42,3990.41,3989.0,3989.9,64
2025-10-28 03:09:00,3989.94,3990.89,3989.74,3990.38,75
2025-10-28 03:10:00,3990.4,3991.98,3990.34,3991.9,96
2025-10-28 03:11:00,3991.84,3993.49,3991.35,3993.45,128
2025-10-28 03:12:00,3993.34,3993.84,3992.92,3993.58,116
2025-10-28 03:13:00,3993.54,3993.58,3992.99,3993.44,93
2025-10-28 03:14:00,3993.38,3993.64,3992.62,3992.8,82
2025-10-28 03:15:00,3992.76,3994.95,3992.76,3994.53,105
2025-10-28 03:16:00,3994.82,3995.95,3994.0,3995.72,96
2025-10-28 03:17:00,3995.63,3995.9,3995.34,3995.9,88
2025-10-28 03:18:00,3995.91,3996.53,3995.66,3995.79,88
2025-10-28 03:19:00,3995.8,3996.57,3995.73,3996.45,64
2025-10-28 03:20:00,3996.23,3996.5,3995.54,3995.56,57
2025-10-28 03:21:00,3995.58,3996.3,3995.13,3995.9,79
2025-10-28 03:22:00,3995.88,3997.07,3995.79,3996.55,98
2025-10-28 03:23:00,3996.61,3997.87,3996.3,3997.63,82
2025-10-28 03:24:00,3997.71,3998.88,3997.71,3998.67,97
2025-10-28 03:25:00,3998.71,3999.21,3998.3,3999.01,79
2025-10-28 03:26:00,3998.96,4000.19,3998.79,3999.97,74
2025-10-28 03:27:00,3999.93,3999.93,3997.94,3998.68,89
2025-10-28 03:28:00,3998.71,3999.63,3998.68,3999.27,81
2025-10-28 03:29:00,3999.26,4000.29,3999.17,3999.99,112
2025-10-28 03:30:00,4000.0,4000.01,3998.58,3998.65,93
2025-10-28 03:31:00,3998.6,3998.78,3997.65,3998.44,97
2025-10-28 03:32:00,3998.45,3998.48,3997.81,3998.07,42
2025-10-28 03:33:00,3997.95,3998.56,3995.87,3995.87,111
2025-10-28 03:34:00,3995.81,3998.18,3995.47,3997.47,112
2025-10-28 03:35:00,3997.45,3999.06,3995.33,3995.51,120
2025-10-28 03:36:00,3995.43,3995.98,3993.13,3993.9,101
2025-10-28 03:37:00,3993.92,3993.94,3992.13,3992.63,90
2025-10-28 03:38:00,3992.57,3993.47,3992.34,3992.71,96
2025-10-28 03:39:00,3992.8,3993.41,3992.22,3992.27,57
2025-10-28 03:40:00,3992.28,3992.44,3989.27,3990.11,118
2025-10-28 03:41:00,3990.21,3990.34,3987.88,3989.48,114
2025-10-28 03:42:00,3989.47,3990.81,3989.17,3990.69,134
2025-10-28 03:43:00,3990.66,3990.66,3989.5,3989.59,83
2025-10-28 03:44:00,3989.58,3989.84,3987.91,3987.92,102
2025-10-28 03:45:00,3987.97,3987.97,3986.27,3987.21,142
2025-10-28 03:46:00,3987.2,3987.52,3986.52,3987.09,77
2025-10-28 03:47:00,3987.06,3987.75,3987.05,3987.52,84
2025-10-28 03:48:00,3987.7,3988.12,3987.08,3987.7,63
2025-10-28 03:49:00,3987.68,3987.99,3986.18,3986.2,57
2025-10-28 03:50:00,3985.85,3987.0,3983.69,3983.84,142
2025-10-28 03:51:00,3983.83,3984.89,3981.19,3982.32,158
2025-10-28 03:52:00,3982.25,3983.17,3979.53,3980.43,168
2025-10-28 03:53:00,3980.38,3982.1,3979.41,3982.1,142
2025-10-28 03:54:00,3982.09,3983.04,3980.34,3980.37,116
2025-10-28 03:55:00,3980.36,3980.9,3979.95,3980.18,90
2025-10-28 03:56:00,3980.21,3982.0,3979.32,3981.97,128
2025-10-28 03:57:00,3981.96,3983.43,3981.88,3982.61,105
2025-10-28 03:58:00,3982.59,3982.59,3980.63,3981.47,98
2025-10-28 03:59:00,3981.66,3982.66,3981.48,3982.66,109
2025-10-28 05:01:00,3981.66,3987.12,3981.24,3987.02,122
2025-10-28 05:02:00,3987.05,3992.73,3985.66,3992.53,128
2025-10-28 05:03:00,3992.56,3993.45,3986.9,3990.29,143
2025-10-28 05:04:00,3990.45,3991.23,3987.77,3988.47,90
2025-10-28 05:05:00,3988.59,3991.81,3988.24,3990.6,82
2025-10-28 05:06:00,3990.67,3996.55,3990.62,3994.27,123
2025-10-28 05:07:00,3994.32,3994.38,3991.0,3991.37,82
2025-10-28 05:08:00,3991.12,3991.51,3988.31,3988.31,59
2025-10-28 05:09:00,3988.47,3989.89,3986.83,3987.37,98
2025-10-28 05:10:00,3987.41,3987.78,3986.07,3986.32,74
2025-10-28 05:11:00,3986.52,3989.72,3986.52,3988.46,67
2025-10-28 05:12:00,3988.46,3988.78,3986.1,3986.25,57
2025-10-28 05:13:00,3986.34,3986.34,3983.89,3985.33,81
2025-10-28 05:14:00,3985.34,3985.87,3984.41,3985.59,80
2025-10-28 05:15:00,3985.74,3985.74,3984.43,3985.54,74
2025-10-28 05:16:00,3985.67,3987.58,3985.22,3987.28,63
2025-10-28 05:17:00,3987.59,3991.07,3987.59,3990.95,112
2025-10-28 05:18:00,3991.08,3991.15,3989.45,3990.38,65
2025-10-28 05:19:00,3990.35,3990.59,3989.51,3989.69,52
2025-10-28 05:20:00,3989.72,3991.98,3989.66,3991.83,85
2025-10-28 05:21:00,3991.67,3994.64,3991.61,3992.32,100
2025-10-28 05:22:00,3992.3,3993.14,3991.33,3992.85,72
2025-10-28 05:23:00,3992.8,3992.81,3990.08,3990.68,76
2025-10-28 05:24:00,3990.46,3991.8,3990.1,3991.41,58
2025-10-28 05:25:00,3990.98,3991.63,3990.41,3990.7,44
2025-10-28 05:26:00,3990.71,3992.38,3990.67,3990.67,49
2025-10-28 05:27:00,3990.79,3991.35,3988.44,3988.77,63
2025-10-28 05:28:00,3988.42,3991.02,3988.27,3990.18,61
2025-10-28 05:29:00,3990.1,3992.68,3989.94,3992.38,54
2025-10-28 05:30:00,3991.54,3992.32,3990.22,3990.54,46
2025-10-28 05:31:00,3990.46,3990.6,3988.7,3988.85,28
2025-10-28 05:32:00,3988.9,3989.58,3988.81,3989.48,41
2025-10-28 05:33:00,3989.49,3990.69,3989.28,3989.96,40
2025-10-28 05:34:00,3990.0,3991.24,3989.75,3991.01,46
2025-10-28 05:35:00,3990.99,3991.85,3990.99,3991.23,33
2025-10-28 05:36:00,3991.27,3991.66,3989.89,3991.6,58
2025-10-28 05:37:00,3991.61,3992.22,3991.34,3991.84,52
2025-10-28 05:38:00,3991.72,3993.11,3991.59,3993.11,47
2025-10-28 05:39:00,3993.11,3994.12,3992.8,3993.77,85
2025-10-28 05:40:00,3993.45,3994.25,3993.45,3993.97,78
2025-10-28 05:41:00,3994.04,3994.05,3993.47,3993.61,46
2025-10-28 05:42:00,3993.61,3993.62,3992.12,3992.14,59
2025-10-28 05:43:00,3991.98,3992.91,3991.75,3992.42,50
2025-10-28 05:44:00,3992.6,3992.8,3992.34,3992.37,35
2025-10-28 05:45:00,3992.35,3992.64,3991.85,3992.01,40
2025-10-28 05:46:00,3992.01,3992.23,3991.73,3991.87,32
2025-10-28 05:47:00,3991.91,3992.15,3991.7,3991.7,23
2025-10-28 05:48:00,3991.71,3991.93,3990.5,3990.53,54
2025-10-28 05:49:00,3990.38,3990.63,3989.8,3990.01,59
2025-10-28 05:50:00,3990.01,3990.85,3989.98,3990.79,61
2025-10-28 05:51:00,3990.76,3990.81,3990.45,3990.62,42
2025-10-28 05:52:00,3990.52,3990.83,3989.7,3990.7,68
2025-10-28 05:53:00,3990.74,3990.95,3990.54,3990.54,29
2025-10-28 05:54:00,3990.59,3990.91,3989.36,3989.75,54
2025-10-28 05:55:00,3989.76,3990.38,3989.44,3989.92,88
2025-10-28 05:56:00,3989.99,3990.12,3988.53,3988.89,71
2025-10-28 05:57:00,3988.93,3989.98,3988.67,3989.69,54
2025-10-28 05:58:00,3989.61,3990.18,3989.26,3989.83,59
2025-10-28 05:59:00,3989.94,3989.97,3989.43,3989.97,52
2025-10-28 06:00:00,3989.83,3991.21,3989.82,3990.35,86
2025-10-28 06:01:00,3990.31,3990.31,3986.84,3988.28,101
2025-10-28 06:02:00,3988.47,3991.61,3988.47,3989.35,103
2025-10-28 06:03:00,3989.36,3989.38,3987.59,3988.38,76
2025-10-28 06:04:00,3988.34,3988.34,3987.05,3987.05,61
2025-10-28 06:05:00,3987.04,3987.75,3985.97,3986.53,89
2025-10-28 06:06:00,3986.54,3987.68,3985.64,3986.01,107
2025-10-28 06:07:00,3986.02,3987.79,3985.97,3986.29,93
2025-10-28 06:08:00,3986.38,3986.44,3983.22,3984.04,124
2025-10-28 06:09:00,3984.05,3985.6,3983.81,3985.46,90
2025-10-28 06:10:00,3985.57,3986.08,3985.13,3985.95,81
2025-10-28 06:11:00,3985.91,3987.74,3985.91,3986.73,93
2025-10-28 06:12:00,3986.75,3987.67,3986.11,3986.39,66
2025-10-28 06:13:00,3986.27,3986.84,3986.03,3986.84,72
2025-10-28 06:14:00,3986.58,3986.84,3983.05,3983.19,88
2025-10-28 06:15:00,3983.18,3985.16,3983.11,3984.91,91
2025-10-28 06:16:00,3984.89,3985.14,3983.99,3984.01,55
2025-10-28 06:17:00,3984.6,3989.01,3984.36,3988.91,105
2025-10-28 06:18:00,3988.9,3989.39,3988.32,3989.15,90
2025-10-28 06:19:00,3989.24,3992.98,3989.24,3992.07,114
2025-10-28 06:20:00,3992.17,3992.21,3990.82,3991.27,95
2025-10-28 06:21:00,3991.28,3995.23,3991.27,3994.69,105
2025-10-28 06:22:00,3994.57,3994.69,3993.78,3993.84,68
2025-10-28 06:23:00,3993.82,3993.83,3991.45,3992.75,93
2025-10-28 06:24:00,3992.22,3994.39,3991.85,3994.39,68
2025-10-28 06:25:00,3994.43,3994.73,3993.34,3993.36,75
2025-10-28 06:26:00,3993.37,3993.54,3992.09,3993.36,73
2025-10-28 06:27:00,3993.4,3994.46,3993.3,3994.46,68
2025-10-28 06:28:00,3994.48,3994.71,3993.45,3994.05,53
2025-10-28 06:29:00,3993.5,3995.27,3993.49,3995.27,57
2025-10-28 06:30:00,3995.24,3997.76,3995.0,3997.75,133
2025-10-28 06:31:00,3997.91,4002.15,3997.67,4002.15,141
2025-10-28 06:32:00,4002.02,4003.28,3999.99,4000.01,162
2025-10-28 06:33:00,3999.97,4003.43,3999.17,4002.82,134
2025-10-28 06:34:00,4002.83,4003.9,4001.58,4001.9,106
2025-10-28 06:35:00,4001.92,4003.4,4001.17,4001.99,108
2025-10-28 06:36:00,4001.96,4002.71,4000.78,4002.3,71
2025-10-28 06:37:00,4002.53,4003.66,4002.53,4002.96,91
2025-10-28 06:38:00,4003.0,4003.0,4001.8,4001.93,64
2025-10-28 06:39:00,4002.06,4004.41,4001.85,4004.07,95
2025-10-28 06:40:00,4004.11,4004.24,4002.15,4003.85,85
2025-10-28 06:41:00,4003.82,4003.86,4002.97,4003.3,86
2025-10-28 06:42:00,4003.1,4003.1,4001.35,4001.4,61
2025-10-28 06:43:00,4001.5,4002.28,4001.05,4001.27,59
2025-10-28 06:44:00,4001.24,4001.46,4000.41,4000.66,61
2025-10-28 06:45:00,4000.63,4000.63,3999.21,3999.32,112
2025-10-28 06:46:00,3999.46,3999.77,3997.96,3997.96,107
2025-10-28 06:47:00,3998.03,3998.8,3997.17,3998.8,106
2025-10-28 06:48:00,3998.8,4000.73,3998.8,3999.14,104
2025-10-28 06:49:00,3999.49,3999.72,3998.29,3998.79,106
2025-10-28 06:50:00,3998.8,4000.0,3998.35,4000.0,91
2025-10-28 06:51:00,4000.06,4001.23,3999.45,4000.96,103
2025-10-28 06:52:00,4000.73,4001.0,3999.69,4000.12,81
2025-10-28 06:53:00,4000.41,4001.31,3999.83,4000.06,86
2025-10-28 06:54:00,4000.04,4000.85,3999.94,4000.12,75
2025-10-28 06:55:00,4000.09,4000.09,3997.97,3997.97,101
2025-10-28 06:56:00,3997.91,3998.24,3996.14,3997.46,107
2025-10-28 06:57:00,3997.43,3997.46,3994.65,3994.96,115
2025-10-28 06:58:00,3994.81,3995.84,3994.27,3994.55,91
2025-10-28 06:59:00,3994.41,3999.64,3994.41,3998.6,123
2025-10-28 07:00:00,3998.52,3999.01,3996.15,3996.53,162
2025-10-28 07:01:00,3996.55,3997.83,3996.19,3996.19,110
2025-10-28 07:02:00,3996.21,3996.9,3995.25,3995.25,94
2025-10-28 07:03:00,3995.2,3995.66,3994.2,3995.32,99
2025-10-28 07:04:00,3995.33,3995.51,3994.16,3995.25,106
2025-10-28 07:05:00,3995.29,3995.84,3994.21,3994.21,90
2025-10-28 07:06:00,3994.23,3994.47,3992.09,3993.26,92
2025-10-28 07:07:00,3993.08,3994.23,3989.52,3991.1,139
2025-10-28 07:08:00,3991.08,3992.37,3989.98,3991.33,111
2025-10-28 07:09:00,3991.16,3992.87,3989.19,3989.19,115
2025-10-28 07:10:00,3989.16,3989.56,3987.8,3988.89,159
2025-10-28 07:11:00,3988.85,3988.94,3986.85,3988.67,145
2025-10-28 07:12:00,3988.7,3990.68,3987.97,3990.35,126
2025-10-28 07:13:00,3990.37,3990.4,3987.5,3988.45,101
2025-10-28 07:14:00,3988.42,3988.42,3985.4,3986.26,140
2025-10-28 07:15:00,3986.26,3988.68,3986.26,3987.23,103
2025-10-28 07:16:00,3987.42,3987.49,3984.29,3985.23,122
2025-10-28 07:17:00,3985.16,3987.01,3985.13,3985.27,102
2025-10-28 07:18:00,3985.46,3985.89,3983.22,3983.38,73
2025-10-28 07:19:00,3983.39,3983.39,3980.73,3981.09,182
2025-10-28 07:20:00,3981.13,3985.15,3973.25,3973.25,182
2025-10-28 07:21:00,3973.45,3980.21,3973.45,3980.03,226
2025-10-28 07:22:00,3980.12,3985.41,3979.53,3985.41,187
2025-10-28 07:23:00,3985.43,3985.59,3982.59,3982.59,81
2025-10-28 07:24:00,3982.6,3984.23,3982.52,3983.02,109
2025-10-28 07:25:00,3983.01,3984.76,3982.53,3983.14,132
2025-10-28 07:26:00,3983.16,3983.57,3980.45,3982.4,128
2025-10-28 07:27:00,3982.46,3983.81,3980.31,3983.8,104
2025-10-28 07:28:00,3983.76,3984.77,3983.76,3984.32,97
2025-10-28 07:29:00,3984.44,3984.54,3982.85,3984.51,92
2025-10-28 07:30:00,3984.49,3988.03,3983.58,3987.76,165
2025-10-28 07:31:00,3987.83,3992.67,3987.48,3992.17,174
2025-10-28 07:32:00,3992.19,3993.27,3991.81,3992.65,142
2025-10-28 07:33:00,3992.67,3995.58,3991.67,3995.2,142
2025-10-28 07:34:00,3995.25,3997.6,3994.5,3997.42,137
2025-10-28 07:35:00,3997.35,3998.46,3997.08,3997.2,162
2025-10-28 07:36:00,3997.26,3998.04,3993.61,3993.68,162
2025-10-28 07:37:00,3993.65,3995.38,3993.65,3994.23,123
2025-10-28 07:38:00,3994.15,3994.94,3993.5,3994.85,138
2025-10-28 07:39:00,3994.82,3994.82,3992.5,3992.96,121
2025-10-28 07:40:00,3992.92,3996.82,3992.9,3996.71,110
2025-10-28 07:41:00,3996.6,3997.55,3996.21,3996.86,125
2025-10-28 07:42:00,3996.87,3998.41,3996.31,3998.26,109
2025-10-28 07:43:00,3998.25,3999.69,3997.75,3999.59,89
2025-10-28 07:44:00,3999.46,4001.07,3999.18,3999.64,139
2025-10-28 07:45:00,3999.65,3999.66,3997.14,3997.33,143
2025-10-28 07:46:00,3997.34,3999.91,3996.84,3999.91,116
2025-10-28 07:47:00,4000.02,4000.82,3999.13,4000.59,118
2025-10-28 07:48:00,4000.62,4000.63,3999.47,3999.47,65
2025-10-28 07:49:00,3999.54,4002.57,3999.5,4001.76,97
2025-10-28 07:50:00,4001.76,4005.28,4001.41,4005.26,130
2025-10-28 07:51:00,4005.27,4008.46,4005.27,4008.21,185
2025-10-28 07:52:00,4008.06,4009.7,4007.45,4007.95,151
2025-10-28 07:53:00,4007.74,4008.36,4006.61,4006.66,129
2025-10-28 07:54:00,4006.65,4007.02,4006.1,4006.74,104
2025-10-28 07:55:00,4006.16,4007.84,4004.78,4006.53,128
2025-10-28 07:56:00,4006.5,4008.4,4006.28,4007.38,142
2025-10-28 07:57:00,4007.3,4008.44,4006.39,4007.95,95
2025-10-28 07:58:00,4007.91,4008.29,4007.36,4007.87,83
2025-10-28 07:59:00,4007.91,4008.08,4006.32,4006.67,132
2025-10-28 08:00:00,4006.63,4011.53,4004.35,4011.25,236
2025-10-28 08:01:00,4011.6,4012.53,4008.49,4010.38,218
2025-10-28 08:02:00,4010.26,4012.18,4009.61,4011.48,181
2025-10-28 08:03:00,4011.46,4012.42,4011.14,4011.94,147
2025-10-28 08:04:00,4011.77,4012.33,4009.82,4012.3,176
2025-10-28 08:05:00,4012.46,4016.06,4011.7,4013.69,204
2025-10-28 08:06:00,4013.53,4014.79,4011.37,4014.79,161
2025-10-28 08:07:00,4014.8,4019.42,4014.8,4017.82,218
2025-10-28 08:08:00,4017.78,4017.78,4015.49,4017.41,197
2025-10-28 08:09:00,4017.28,4018.23,4015.86,4017.89,151
2025-10-28 08:10:00,4017.87,4017.99,4016.49,4016.86,145
2025-10-28 08:11:00,4016.82,4017.49,4013.98,4016.85,189
2025-10-28 08:12:00,4016.99,4019.16,4016.58,4018.84,145
2025-10-28 08:13:00,4018.83,4018.9,4016.04,4018.68,178
2025-10-28 08:14:00,4018.61,4019.24,4017.17,4018.02,141
2025-10-28 08:15:00,4018.09,4019.84,4018.09,4018.11,155
2025-10-28 08:16:00,4018.04,4019.15,4017.72,4018.59,147
2025-10-28 08:17:00,4018.61,4019.68,4016.65,4016.8,179
2025-10-28 08:18:00,4016.82,4019.48,4016.49,4017.15,167
2025-10-28 08:19:00,4017.14,4017.43,4013.88,4014.33,185
2025-10-28 08:20:00,4014.28,4016.12,4013.54,4016.11,155
2025-10-28 08:21:00,4016.1,4017.47,4015.6,4016.03,148
2025-10-28 08:22:00,4016.14,4017.31,4015.67,4015.67,124
2025-10-28 08:23:00,4015.64,4015.64,4013.03,4014.84,163
2025-10-28 08:24:00,4014.81,4014.92,4013.9,4014.71,145
2025-10-28 08:25:00,4014.68,4017.62,4014.35,4016.09,175
2025-10-28 08:26:00,4016.11,4016.43,4013.87,4014.9,139
2025-10-28 08:27:00,4015.01,4015.55,4014.64,4015.39,104
2025-10-28 08:28:00,4015.41,4015.76,4011.59,4011.92,141
2025-10-28 08:29:00,4012.04,4012.04,4009.5,4009.81,195
2025-10-28 08:30:00,4009.85,4011.73,4008.04,4008.44,230
2025-10-28 08:31:00,4008.68,4009.39,4007.09,4008.81,203
2025-10-28 08:32:00,4008.88,4009.24,4004.85,4005.67,206
2025-10-28 08:33:00,4005.8,4008.41,4004.78,4008.38,205
2025-10-28 08:34:00,4008.31,4008.81,4006.64,4008.02,172
2025-10-28 08:35:00,4007.98,4010.15,4006.58,4008.94,170
2025-10-28 08:36:00,4008.7,4010.36,4008.37,4010.36,120
2025-10-28 08:37:00,4010.41,4012.58,4010.27,4011.1,178
2025-10-28 08:38:00,4011.03,4012.38,4010.02,4012.29,136
2025-10-28 08:39:00,4012.23,4012.24,4006.97,4008.06,146
2025-10-28 08:40:00,4007.94,4010.86,4007.56,4010.21,160
2025-10-28 08:41:00,4010.22,4010.84,4009.11,4009.68,119
2025-10-28 08:42:00,4009.7,4010.94,4009.1,4010.91,143
2025-10-28 08:43:00,4010.89,4011.01,4009.38,4009.49,83
2025-10-28 08:44:00,4009.48,4010.7,4008.68,4010.55,121
2025-10-28 08:45:00,4010.54,4011.42,4010.06,4011.42,110
2025-10-28 08:46:00,4011.39,4014.55,4011.39,4014.55,187
2025-10-28 08:47:00,4014.39,4014.68,4012.92,4014.59,141
2025-10-28 08:48:00,4014.55,4015.52,4013.78,4014.25,128
2025-10-28 08:49:00,4014.27,4014.78,4012.61,4013.21,114
2025-10-28 08:50:00,4012.99,4013.74,4011.91,4012.25,129
2025-10-28 08:51:00,4012.18,4012.65,4011.09,4011.37,131
2025-10-28 08:52:00,4011.31,4012.93,4011.05,4012.93,123
2025-10-28 08:53:00,4012.93,4014.22,4012.18,4013.05,132
2025-10-28 08:54:00,4013.09,4013.86,4011.62,4013.09,96
2025-10-28 08:55:00,4012.94,4014.32,4012.33,4012.73,108
2025-10-28 08:56:00,4012.7,4012.85,4011.08,4011.1,148
2025-10-28 08:57:00,4011.12,4012.52,4010.83,4012.52,135
2025-10-28 08:58:00,4012.49,4012.65,4011.04,4011.49,144
2025-10-28 08:59:00,4011.5,4011.97,4010.9,4011.1,100
2025-10-28 09:00:00,4011.08,4012.39,4010.94,4012.31,133
2025-10-28 09:01:00,4012.26,4013.92,4011.28,4013.63,126
2025-10-28 09:02:00,4012.91,4013.51,4011.29,4012.16,127
2025-10-28 09:03:00,4012.29,4012.82,4011.29,4012.76,134
2025-10-28 09:04:00,4012.73,4012.98,4011.17,4011.4,100
2025-10-28 09:05:00,4011.36,4011.36,4006.24,4006.72,182
2025-10-28 09:06:00,4006.76,4010.19,4006.69,4010.19,180
2025-10-28 09:07:00,4010.22,4013.25,4008.59,4012.38,165
2025-10-28 09:08:00,4012.52,4013.05,4009.92,4009.92,117
2025-10-28 09:09:00,4009.29,4009.95,4006.79,4009.95,177
2025-10-28 09:10:00,4009.74,4012.42,4009.67,4010.72,147
2025-10-28 09:11:00,4010.45,4011.19,4009.53,4009.69,132
2025-10-28 09:12:00,4009.72,4010.09,4006.74,4006.95,141
2025-10-28 09:13:00,4006.97,4007.03,4004.43,4004.53,166
2025-10-28 09:14:00,4004.47,4005.63,4004.47,4005.19,147
2025-10-28 09:15:00,4005.14,4005.74,4003.17,4005.38,167
2025-10-28 09:16:00,4005.41,4005.65,4003.7,4004.97,113
2025-10-28 09:17:00,4005.04,4005.4,4004.31,4005.13,106
2025-10-28 09:18:00,4005.14,4005.3,4004.49,4004.68,71
2025-10-28 09:19:00,4004.61,4004.99,4004.49,4004.63,53
2025-10-28 09:20:00,4004.69,4004.85,4003.22,4003.22,108
2025-10-28 09:21:00,4003.31,4003.58,3998.68,3998.68,162
2025-10-28 09:22:00,3998.54,4001.26,3997.41,4001.24,175
2025-10-28 09:23:00,4001.13,4001.97,3999.99,4000.22,108
2025-10-28 09:24:00,4000.21,4000.3,3998.2,3999.59,130
2025-10-28 09:25:00,3999.55,4000.89,3999.42,4000.15,101
2025-10-28 09:26:00,4000.18,4000.63,3999.52,4000.61,107
2025-10-28 09:27:00,4000.67,4000.68,3999.53,3999.81,84
2025-10-28 09:28:00,3999.85,3999.86,3998.95,3999.33,89
2025-10-28 09:29:00,3999.35,4000.92,3998.56,4000.71,128
2025-10-28 09:30:00,4000.76,4001.59,3999.43,4001.42,160
2025-10-28 09:31:00,4001.44,4001.9,3999.35,4001.45,146
2025-10-28 09:32:00,4001.52,4002.03,4000.73,4001.33,126
2025-10-28 09:33:00,4001.32,4001.68,3999.14,3999.51,130
2025-10-28 09:34:00,3999.43,3999.84,3996.81,3997.55,119
2025-10-28 09:35:00,3997.43,3998.09,3992.45,3994.65,209
2025-10-28 09:36:00,3994.99,3997.63,3994.61,3996.6,194
2025-10-28 09:37:00,3996.66,3996.66,3990.6,3991.77,186
2025-10-28 09:38:00,3991.79,3992.25,3988.87,3989.02,175
2025-10-28 09:39:00,3989.05,3991.56,3986.18,3990.44,162
2025-10-28 09:40:00,3990.48,3991.14,3988.9,3990.17,177
2025-10-28 09:41:00,3990.23,3991.86,3989.99,3990.81,158
2025-10-28 09:42:00,3991.02,3993.46,3991.02,3992.48,162
2025-10-28 09:43:00,3992.51,3994.39,3992.11,3993.37,158
2025-10-28 09:44:00,3993.33,3994.62,3993.22,3994.47,127
2025-10-28 09:45:00,3994.37,3994.44,3991.04,3991.94,160
2025-10-28 09:46:00,3991.81,3991.97,3986.67,3990.49,176
2025-10-28 09:47:00,3990.53,3991.35,3988.58,3988.73,183
2025-10-28 09:48:00,3988.87,3991.3,3986.54,3990.37,186
2025-10-28 09:49:00,3990.56,3990.99,3987.93,3990.96,147
2025-10-28 09:50:00,3990.87,3992.29,3989.48,3990.38,153
2025-10-28 09:51:00,3990.26,3990.64,3988.73,3988.87,114
2025-10-28 09:52:00,3988.9,3990.21,3984.36,3984.74,169
2025-10-28 09:53:00,3984.75,3986.1,3983.48,3983.56,185
2025-10-28 09:54:00,3983.55,3983.93,3980.56,3983.11,176
2025-10-28 09:55:00,3982.96,3984.84,3982.39,3983.96,143
2025-10-28 09:56:00,3984.0,3984.78,3983.07,3983.94,136
2025-10-28 09:57:00,3983.94,3985.34,3982.96,3984.91,146
2025-10-28 09:58:00,3985.12,3985.5,3984.41,3985.48,113
2025-10-28 09:59:00,3985.74,3985.86,3983.78,3984.05,131
2025-10-28 10:00:00,3983.69,3985.9,3983.69,3985.6,119
2025-10-28 10:01:00,3985.63,3987.04,3985.63,3986.23,125
2025-10-28 10:02:00,3986.25,3988.74,3986.07,3988.59,143
2025-10-28 10:03:00,3988.7,3988.98,3986.98,3987.14,140
2025-10-28 10:04:00,3987.1,3987.15,3984.58,3986.35,150
2025-10-28 10:05:00,3986.37,3986.92,3985.58,3986.3,114
2025-10-28 10:06:00,3986.23,3988.67,3986.23,3988.28,136
2025-10-28 10:07:00,3988.27,3988.28,3986.52,3986.78,86
2025-10-28 10:08:00,3986.87,3987.44,3986.38,3986.99,90
2025-10-28 10:09:00,3986.96,3986.96,3983.32,3986.25,138
2025-10-28 10:10:00,3986.29,3986.33,3985.1,3985.43,116
2025-10-28 10:11:00,3985.44,3985.74,3984.08,3984.86,116
2025-10-28 10:12:00,3984.96,3986.19,3983.88,3984.41,133
2025-10-28 10:13:00,3984.36,3988.78,3984.34,3988.42,144
2025-10-28 10:14:00,3988.47,3989.68,3988.47,3989.49,121
2025-10-28 10:15:00,3989.43,3990.52,3989.21,3989.76,126
2025-10-28 10:16:00,3989.78,3990.79,3989.78,3990.67,130
2025-10-28 10:17:00,3990.64,3990.76,3989.27,3990.31,103
2025-10-28 10:18:00,3990.32,3990.95,3989.9,3990.8,92
2025-10-28 10:19:00,3990.74,3991.01,3989.74,3990.19,113
2025-10-28 10:20:00,3990.2,3990.2,3986.74,3987.01,123
2025-10-28 10:21:00,3987.05,3988.12,3986.95,3987.54,108
2025-10-28 10:22:00,3987.53,3989.33,3987.36,3989.33,110
2025-10-28 10:23:00,3989.14,3989.77,3987.8,3988.4,113
2025-10-28 10:24:00,3988.38,3990.9,3988.1,3990.43,86
2025-10-28 10:25:00,3990.47,3992.21,3990.47,3992.05,125
2025-10-28 10:26:00,3992.01,3993.88,3991.89,3993.83,130
2025-10-28 10:27:00,3992.75,3994.57,3992.54,3992.62,125
2025-10-28 10:28:00,3992.84,3993.49,3991.44,3992.76,103
2025-10-28 10:29:00,3993.45,3993.82,3990.19,3990.26,154
2025-10-28 10:30:00,3990.21,3990.78,3990.16,3990.16,94
2025-10-28 10:31:00,3989.94,3990.19,3988.23,3988.95,93
2025-10-28 10:32:00,3988.98,3990.79,3988.98,3989.7,57
2025-10-28 10:33:00,3989.71,3989.71,3988.6,3989.53,74
2025-10-28 10:34:00,3989.55,3989.55,3988.72,3989.12,57
2025-10-28 10:35:00,3989.26,3991.1,3989.26,3989.7,73
2025-10-28 10:36:00,3989.68,3989.7,3988.41,3988.42,56
2025-10-28 10:37:00,3988.43,3989.55,3988.39,3989.49,48
2025-10-28 10:38:00,3989.52,3989.74,3987.43,3987.46,62
2025-10-28 10:39:00,3987.47,3987.73,3985.25,3986.81,118
2025-10-28 10:40:00,3986.54,3988.56,3985.66,3987.37,126
2025-10-28 10:41:00,3987.38,3987.49,3986.15,3987.19,91
2025-10-28 10:42:00,3987.3,3987.36,3986.12,3986.67,86
2025-10-28 10:43:00,3986.8,3987.91,3986.59,3986.68,69
2025-10-28 10:44:00,3987.0,3987.68,3986.71,3987.12,58
2025-10-28 10:45:00,3987.11,3988.21,3987.04,3988.21,54
2025-10-28 10:46:00,3988.23,3989.47,3987.98,3989.47,78
2025-10-28 10:47:00,3989.37,3990.57,3989.37,3990.39,84
2025-10-28 10:48:00,3990.4,3991.6,3990.38,3991.29,85
2025-10-28 10:49:00,3991.33,3991.82,3991.05,3991.66,71
2025-10-28 10:50:00,3991.49,3991.97,3991.36,3991.66,61
2025-10-28 10:51:00,3991.5,3992.25,3991.36,3991.91,67
2025-10-28 10:52:00,3991.92,3992.26,3991.4,3991.4,47
2025-10-28 10:53:00,3991.7,3992.25,3990.69,3991.97,78
2025-10-28 10:54:00,3991.96,3993.77,3991.51,3991.63,89
2025-10-28 10:55:00,3991.64,3992.67,3991.64,3992.29,74
2025-10-28 10:56:00,3992.32,3993.5,3992.32,3992.57,63
2025-10-28 10:57:00,3992.55,3992.61,3991.59,3991.63,47
2025-10-28 10:58:00,3991.66,3993.1,3991.52,3992.79,70
2025-10-28 10:59:00,3992.74,3993.2,3992.47,3992.99,86
2025-10-28 11:00:00,3993.03,3994.3,3992.66,3992.68,76
2025-10-28 11:01:00,3992.74,3993.69,3992.54,3992.72,59
2025-10-28 11:02:00,3992.6,3993.08,3991.95,3992.03,75
2025-10-28 11:03:00,3992.02,3992.17,3990.88,3991.49,103
2025-10-28 11:04:00,3991.53,3991.65,3989.54,3989.58,120
2025-10-28 11:05:00,3989.61,3991.31,3989.04,3989.14,83
2025-10-28 11:06:00,3989.11,3989.11,3986.56,3986.86,123
2025-10-28 11:07:00,3986.8,3989.19,3986.68,3989.19,120
2025-10-28 11:08:00,3989.14,3990.84,3988.73,3988.99,98
2025-10-28 11:09:00,3989.13,3989.13,3987.46,3988.27,86
2025-10-28 11:10:00,3988.32,3989.7,3988.32,3989.52,77
2025-10-28 11:11:00,3989.62,3989.63,3986.6,3986.6,71
2025-10-28 11:12:00,3986.68,3987.66,3985.75,3985.88,144
2025-10-28 11:13:00,3986.11,3987.66,3986.11,3987.08,102
2025-10-28 11:14:00,3986.85,3987.65,3986.54,3987.65,70
2025-10-28 11:15:00,3987.64,3988.36,3986.05,3986.24,86
2025-10-28 11:16:00,3986.26,3987.07,3981.9,3982.43,131
2025-10-28 11:17:00,3982.65,3985.38,3981.43,3984.26,134
2025-10-28 11:18:00,3984.17,3984.29,3981.95,3983.05,102
2025-10-28 11:19:00,3983.08,3984.8,3982.92,3984.66,98
2025-10-28 11:20:00,3984.49,3984.67,3983.24,3983.99,107
2025-10-28 11:21:00,3983.93,3984.09,3981.44,3981.44,123
2025-10-28 11:22:00,3981.42,3981.44,3977.06,3977.88,187
2025-10-28 11:23:00,3977.86,3978.35,3975.07,3975.63,170
2025-10-28 11:24:00,3975.63,3977.59,3972.29,3974.24,197
2025-10-28 11:25:00,3973.88,3974.69,3972.27,3973.66,191
2025-10-28 11:26:00,3973.36,3973.45,3963.75,3968.37,250
2025-10-28 11:27:00,3968.51,3970.24,3967.26,3967.81,196
2025-10-28 11:28:00,3967.9,3970.37,3966.6,3969.34,166
2025-10-28 11:29:00,3969.24,3973.02,3968.7,3971.59,169
2025-10-28 11:30:00,3971.64,3974.36,3970.33,3970.94,169
2025-10-28 11:31:00,3970.99,3971.71,3967.8,3968.53,184
2025-10-28 11:32:00,3968.54,3970.05,3967.07,3968.03,146
2025-10-28 11:33:00,3968.09,3972.51,3967.78,3972.13,161
2025-10-28 11:34:00,3972.23,3972.27,3970.39,3971.98,120
2025-10-28 11:35:00,3972.01,3973.73,3971.96,3972.64,112
2025-10-28 11:36:00,3972.64,3974.49,3971.68,3971.81,130
2025-10-28 11:37:00,3971.75,3973.08,3971.11,3972.13,91
2025-10-28 11:38:00,3972.13,3973.22,3971.73,3971.73,95
2025-10-28 11:39:00,3971.7,3972.86,3969.6,3970.16,110
2025-10-28 11:40:00,3970.23,3972.63,3969.41,3972.6,117
2025-10-28 11:41:00,3972.57,3979.17,3972.29,3977.84,167
2025-10-28 11:42:00,3978.27,3980.54,3977.4,3978.78,191
2025-10-28 11:43:00,3978.74,3979.58,3976.12,3978.29,168
2025-10-28 11:44:00,3978.34,3979.42,3977.02,3977.1,127
2025-10-28 11:45:00,3977.26,3977.9,3976.23,3976.23,124
2025-10-28 11:46:00,3976.4,3976.44,3974.39,3976.12,135
2025-10-28 11:47:00,3975.63,3976.27,3973.87,3976.27,118
2025-10-28 11:48:00,3976.12,3976.81,3975.13,3976.71,116
2025-10-28 11:49:00,3976.56,3978.52,3974.93,3974.94,104
2025-10-28 11:50:00,3975.03,3977.8,3974.86,3976.66,106
2025-10-28 11:51:00,3976.68,3976.79,3975.41,3976.25,79
2025-10-28 11:52:00,3976.29,3976.29,3974.99,3975.25,57
2025-10-28 11:53:00,3975.35,3976.56,3974.38,3974.42,87
2025-10-28 11:54:00,3974.5,3975.1,3971.31,3972.17,137
2025-10-28 11:55:00,3972.16,3975.69,3972.12,3975.69,132
2025-10-28 11:56:00,3976.19,3976.24,3974.05,3975.39,108
2025-10-28 11:57:00,3975.59,3976.11,3974.83,3975.65,111
2025-10-28 11:58:00,3975.46,3977.73,3975.36,3976.62,132
2025-10-28 11:59:00,3976.65,3976.65,3973.53,3973.65,149
2025-10-28 12:00:00,3974.11,3975.62,3972.23,3972.47,155
2025-10-28 12:01:00,3972.45,3975.6,3972.11,3975.41,136
2025-10-28 12:02:00,3975.4,3977.68,3974.58,3974.62,150
2025-10-28 12:03:00,3974.68,3974.92,3973.36,3974.73,136
2025-10-28 12:04:00,3974.7,3974.96,3973.27,3973.32,82
2025-10-28 12:05:00,3973.34,3973.42,3972.28,3972.28,80
2025-10-28 12:06:00,3972.4,3973.11,3971.82,3972.34,131
2025-10-28 12:07:00,3972.37,3973.12,3971.42,3972.1,123
2025-10-28 12:08:00,3972.12,3973.33,3970.81,3972.07,114
2025-10-28 12:09:00,3972.13,3972.86,3971.72,3972.61,85
2025-10-28 12:10:00,3972.62,3972.84,3971.47,3972.84,99
2025-10-28 12:11:00,3973.04,3975.96,3972.86,3975.38,118
2025-10-28 12:12:00,3975.31,3978.69,3975.27,3977.52,121
2025-10-28 12:13:00,3977.5,3979.01,3977.46,3977.62,103
2025-10-28 12:14:00,3977.56,3979.24,3976.84,3976.91,113
2025-10-28 12:15:00,3976.53,3980.07,3976.49,3979.01,107
2025-10-28 12:16:00,3979.02,3980.05,3975.11,3975.85,136
2025-10-28 12:17:00,3975.82,3977.92,3975.34,3977.08,119
2025-10-28 12:18:00,3977.19,3977.34,3972.32,3972.32,108
2025-10-28 12:19:00,3972.47,3973.02,3969.64,3971.51,160
2025-10-28 12:20:00,3971.55,3971.87,3968.77,3970.38,157
2025-10-28 12:21:00,3970.31,3973.75,3970.07,3971.83,104
2025-10-28 12:22:00,3971.9,3972.71,3971.69,3972.54,74
2025-10-28 12:23:00,3972.41,3973.09,3972.11,3972.73,85
2025-10-28 12:24:00,3972.83,3974.53,3972.83,3973.96,122
2025-10-28 12:25:00,3974.39,3975.22,3974.31,3974.36,107
2025-10-28 12:26:00,3974.38,3977.21,3974.34,3976.45,91
2025-10-28 12:27:00,3976.49,3976.86,3974.85,3975.35,92
2025-10-28 12:28:00,3975.52,3975.65,3973.61,3973.71,92
2025-10-28 12:29:00,3973.7,3975.41,3973.67,3975.41,73
2025-10-28 12:30:00,3975.45,3975.96,3967.02,3967.2,229
2025-10-28 12:31:00,3967.17,3968.95,3964.18,3964.91,243
2025-10-28 12:32:00,3964.98,3966.82,3964.2,3966.1,215
2025-10-28 12:33:00,3966.19,3970.37,3966.17,3967.23,201
2025-10-28 12:34:00,3967.35,3968.69,3963.32,3964.73,213
2025-10-28 12:35:00,3964.88,3965.12,3960.14,3962.91,216
2025-10-28 12:36:00,3962.89,3964.66,3962.61,3962.64,180
2025-10-28 12:37:00,3962.68,3963.47,3960.33,3961.43,193
2025-10-28 12:38:00,3961.63,3963.21,3960.05,3962.45,196
2025-10-28 12:39:00,3962.45,3962.89,3960.15,3960.15,126
2025-10-28 12:40:00,3960.13,3962.01,3960.04,3960.42,200
2025-10-28 12:41:00,3960.55,3962.9,3959.27,3962.7,192
2025-10-28 12:42:00,3962.74,3963.85,3961.03,3961.78,155
2025-10-28 12:43:00,3961.79,3962.5,3960.36,3960.51,126
2025-10-28 12:44:00,3960.69,3961.65,3960.07,3960.42,145
2025-10-28 12:45:00,3960.41,3962.31,3959.96,3960.92,176
2025-10-28 12:46:00,3960.93,3963.56,3960.6,3961.53,164
2025-10-28 12:47:00,3961.69,3964.35,3961.69,3964.23,137
2025-10-28 12:48:00,3964.21,3965.47,3963.69,3964.75,134
2025-10-28 12:49:00,3964.81,3966.01,3964.6,3965.43,111
2025-10-28 12:50:00,3965.42,3965.88,3961.94,3965.16,164
2025-10-28 12:51:00,3965.14,3967.28,3964.43,3964.65,173
2025-10-28 12:52:00,3964.69,3965.35,3963.79,3964.6,124
2025-10-28 12:53:00,3964.58,3965.53,3963.52,3963.6,135
2025-10-28 12:54:00,3963.68,3963.76,3963.1,3963.28,100
2025-10-28 12:55:00,3963.3,3964.01,3963.07,3963.16,91
2025-10-28 12:56:00,3963.18,3965.03,3962.65,3964.89,134
2025-10-28 12:57:00,3964.91,3967.1,3962.67,3963.57,195
2025-10-28 12:58:00,3963.73,3966.52,3963.65,3966.13,128
2025-10-28 12:59:00,3966.15,3968.24,3965.73,3966.44,138
2025-10-28 13:00:00,3966.52,3968.48,3962.56,3962.97,186
2025-10-28 13:01:00,3962.98,3964.25,3962.31,3963.47,145
2025-10-28 13:02:00,3963.51,3964.48,3962.81,3963.9,141
2025-10-28 13:03:00,3963.98,3964.3,3961.17,3961.46,142
2025-10-28 13:04:00,3961.41,3962.46,3959.66,3962.39,177
2025-10-28 13:05:00,3962.39,3962.39,3960.08,3960.88,119
2025-10-28 13:06:00,3960.86,3960.86,3958.34,3958.93,165
2025-10-28 13:07:00,3958.89,3961.02,3955.77,3959.93,165
2025-10-28 13:08:00,3959.91,3960.27,3957.99,3958.39,159
2025-10-28 13:09:00,3958.41,3958.94,3957.02,3957.03,124
2025-10-28 13:10:00,3957.04,3960.24,3956.94,3957.43,163
2025-10-28 13:11:00,3957.37,3957.44,3954.15,3956.42,197
2025-10-28 13:12:00,3956.39,3956.4,3953.31,3953.64,156
2025-10-28 13:13:00,3953.59,3955.62,3953.59,3954.95,157
2025-10-28 13:14:00,3954.93,3955.9,3954.44,3955.58,133
2025-10-28 13:15:00,3955.6,3957.43,3955.29,3956.83,133
2025-10-28 13:16:00,3956.8,3958.26,3956.77,3957.47,121
2025-10-28 13:17:00,3957.62,3959.46,3956.11,3956.15,135
2025-10-28 13:18:00,3956.33,3956.59,3954.82,3955.75,135
2025-10-28 13:19:00,3955.73,3957.61,3955.38,3955.38,141
2025-10-28 13:20:00,3955.42,3956.05,3954.96,3955.62,116
2025-10-28 13:21:00,3955.64,3956.44,3955.26,3956.05,98
2025-10-28 13:22:00,3956.04,3956.93,3954.44,3955.93,129
2025-10-28 13:23:00,3955.94,3959.06,3955.73,3958.99,128
2025-10-28 13:24:00,3959.07,3959.13,3957.8,3958.55,107
2025-10-28 13:25:00,3958.55,3959.53,3957.37,3957.87,118
2025-10-28 13:26:00,3957.89,3957.92,3956.15,3957.58,110
2025-10-28 13:27:00,3957.59,3957.62,3954.89,3955.33,129
2025-10-28 13:28:00,3955.41,3955.82,3951.68,3951.69,148
2025-10-28 13:29:00,3951.74,3954.0,3951.63,3952.97,147
2025-10-28 13:30:00,3952.94,3954.23,3952.05,3954.23,133
2025-10-28 13:31:00,3954.26,3954.26,3952.4,3952.9,130
2025-10-28 13:32:00,3953.0,3955.47,3952.03,3952.06,143
2025-10-28 13:33:00,3952.43,3955.77,3951.77,3955.62,154
2025-10-28 13:34:00,3955.59,3957.35,3955.51,3955.56,129
2025-10-28 13:35:00,3955.55,3955.74,3951.39,3952.69,170
2025-10-28 13:36:00,3952.7,3954.14,3951.85,3952.88,128
2025-10-28 13:37:00,3952.68,3953.79,3950.66,3951.4,135
2025-10-28 13:38:00,3951.49,3951.6,3949.47,3950.14,169
2025-10-28 13:39:00,3950.02,3950.36,3947.23,3948.21,214
2025-10-28 13:40:00,3948.04,3948.04,3945.29,3945.53,208
2025-10-28 13:41:00,3945.47,3946.38,3943.98,3944.34,187
2025-10-28 13:42:00,3944.3,3945.65,3944.03,3945.06,189
2025-10-28 13:43:00,3944.96,3947.19,3944.72,3945.3,189
2025-10-28 13:44:00,3945.32,3945.47,3943.48,3943.56,165
2025-10-28 13:45:00,3943.57,3944.17,3942.72,3943.6,145
2025-10-28 13:46:00,3943.75,3943.79,3941.39,3942.53,170
2025-10-28 13:47:00,3942.54,3945.09,3942.33,3944.1,175
2025-10-28 13:48:00,3944.26,3945.25,3943.54,3944.71,176
2025-10-28 13:49:00,3944.76,3946.66,3944.12,3946.45,182
2025-10-28 13:50:00,3946.25,3946.34,3942.65,3943.68,202
2025-10-28 13:51:00,3943.62,3943.62,3941.58,3941.86,197
2025-10-28 13:52:00,3941.99,3943.42,3941.13,3942.32,193
2025-10-28 13:53:00,3942.31,3942.83,3941.53,3941.74,162
2025-10-28 13:54:00,3941.68,3943.36,3939.12,3942.43,204
2025-10-28 13:55:00,3942.42,3943.2,3940.81,3942.26,178
2025-10-28 13:56:00,3941.98,3942.08,3938.51,3938.86,151
2025-10-28 13:57:00,3938.85,3941.96,3938.56,3940.81,159
2025-10-28 13:58:00,3940.79,3942.04,3940.47,3942.04,147
2025-10-28 13:59:00,3942.11,3943.12,3941.26,3942.51,122
2025-10-28 14:00:00,3942.49,3943.08,3939.78,3940.14,164
2025-10-28 14:01:00,3940.12,3941.68,3937.63,3937.63,136
2025-10-28 14:02:00,3937.49,3939.52,3936.28,3938.58,194
2025-10-28 14:03:00,3938.64,3941.87,3937.98,3941.78,150
2025-10-28 14:04:00,3941.84,3943.09,3941.14,3942.48,168
2025-10-28 14:05:00,3942.77,3944.82,3941.55,3944.34,149
2025-10-28 14:06:00,3944.35,3945.45,3943.53,3945.43,161
2025-10-28 14:07:00,3945.42,3946.47,3944.24,3944.45,183
2025-10-28 14:08:00,3944.43,3944.55,3943.51,3943.87,119
2025-10-28 14:09:00,3943.86,3944.86,3943.27,3943.98,118
2025-10-28 14:10:00,3944.05,3944.07,3941.31,3942.3,142
2025-10-28 14:11:00,3942.32,3942.88,3941.01,3942.44,135
2025-10-28 14:12:00,3942.42,3945.83,3942.4,3945.13,127
2025-10-28 14:13:00,3944.71,3947.63,3943.1,3947.63,167
2025-10-28 14:14:00,3947.83,3948.59,3945.72,3946.64,197
2025-10-28 14:15:00,3946.49,3947.5,3944.29,3946.65,177
2025-10-28 14:16:00,3946.55,3947.08,3943.84,3943.84,131
2025-10-28 14:17:00,3943.72,3943.85,3937.05,3938.89,234
2025-10-28 14:18:00,3939.02,3940.33,3935.99,3936.53,198
2025-10-28 14:19:00,3936.51,3938.73,3936.27,3937.95,191
2025-10-28 14:20:00,3937.38,3937.94,3930.74,3932.09,218
2025-10-28 14:21:00,3932.46,3935.95,3931.38,3934.22,225
2025-10-28 14:22:00,3934.48,3936.4,3934.34,3935.26,183
2025-10-28 14:23:00,3935.24,3936.49,3934.77,3935.11,135
2025-10-28 14:24:00,3935.22,3935.7,3933.08,3933.66,157
2025-10-28 14:25:00,3933.68,3934.37,3932.15,3933.17,163
2025-10-28 14:26:00,3933.09,3937.52,3932.82,3937.48,173
2025-10-28 14:27:00,3937.49,3937.53,3934.03,3934.51,147
2025-10-28 14:28:00,3934.53,3934.56,3931.98,3932.08,145
2025-10-28 14:29:00,3932.06,3932.73,3931.29,3931.76,136
2025-10-28 14:30:00,3931.1,3931.68,3930.45,3931.0,165
2025-10-28 14:31:00,3931.04,3931.49,3926.94,3926.94,158
2025-10-28 14:32:00,3926.63,3927.32,3921.89,3924.55,239
2025-10-28 14:33:00,3924.59,3930.4,3924.28,3929.29,205
2025-10-28 14:34:00,3929.51,3933.42,3929.51,3933.38,179
2025-10-28 14:35:00,3933.3,3934.05,3930.58,3931.67,147
2025-10-28 14:36:00,3931.77,3933.6,3931.63,3933.35,127
2025-10-28 14:37:00,3933.23,3933.3,3931.91,3932.9,115
2025-10-28 14:38:00,3932.99,3933.13,3928.94,3929.03,140
2025-10-28 14:39:00,3928.98,3930.01,3928.2,3928.43,156
2025-10-28 14:40:00,3928.36,3930.12,3927.82,3929.86,104
2025-10-28 14:41:00,3929.88,3930.87,3927.06,3927.78,105
2025-10-28 14:42:00,3927.27,3928.5,3925.53,3927.21,167
2025-10-28 14:43:00,3927.23,3929.4,3926.54,3929.04,143
2025-10-28 14:44:00,3929.06,3931.82,3929.06,3930.84,149
2025-10-28 14:45:00,3930.95,3931.3,3928.48,3928.63,149
2025-10-28 14:46:00,3928.61,3930.97,3928.3,3930.91,127
2025-10-28 14:47:00,3930.95,3931.0,3929.54,3929.86,153
2025-10-28 14:48:00,3929.79,3933.69,3929.79,3933.52,167
2025-10-28 14:49:00,3933.37,3936.33,3933.12,3935.63,167
2025-10-28 14:50:00,3935.67,3935.73,3933.61,3934.21,171
2025-10-28 14:51:00,3934.23,3934.23,3932.08,3932.22,175
2025-10-28 14:52:00,3932.44,3933.55,3932.2,3933.45,150
2025-10-28 14:53:00,3933.44,3936.17,3932.93,3935.26,128
2025-10-28 14:54:00,3935.19,3935.26,3933.92,3934.53,109
2025-10-28 14:55:00,3934.55,3934.62,3933.0,3933.46,141
2025-10-28 14:56:00,3933.73,3934.84,3931.7,3931.81,158
2025-10-28 14:57:00,3931.78,3933.03,3931.23,3932.99,154
2025-10-28 14:58:00,3932.97,3933.36,3931.24,3932.23,151
2025-10-28 14:59:00,3932.35,3932.7,3930.24,3932.57,169
2025-10-28 15:00:00,3932.92,3935.85,3932.34,3934.36,204
2025-10-28 15:01:00,3934.37,3934.73,3932.4,3933.7,140
2025-10-28 15:02:00,3933.44,3933.44,3929.82,3931.05,178
2025-10-28 15:03:00,3931.04,3931.91,3930.31,3930.59,149
2025-10-28 15:04:00,3930.6,3930.6,3927.93,3928.89,184
2025-10-28 15:05:00,3928.81,3930.64,3923.98,3929.21,223
2025-10-28 15:06:00,3928.69,3931.03,3927.94,3928.53,175
2025-10-28 15:07:00,3928.74,3930.46,3927.79,3928.53,169
2025-10-28 15:08:00,3928.6,3930.16,3928.15,3928.75,168
2025-10-28 15:09:00,3928.78,3928.84,3925.29,3926.01,174
2025-10-28 15:10:00,3925.35,3926.45,3922.72,3925.97,209
2025-10-28 15:11:00,3925.92,3926.12,3923.22,3925.32,194
2025-10-28 15:12:00,3925.28,3925.5,3922.6,3922.91,198
2025-10-28 15:13:00,3922.89,3924.06,3921.88,3923.78,174
2025-10-28 15:14:00,3923.78,3923.85,3921.78,3921.84,180
2025-10-28 15:15:00,3921.81,3922.15,3920.11,3921.27,211
2025-10-28 15:16:00,3921.65,3924.53,3921.6,3923.49,219
2025-10-28 15:17:00,3923.47,3923.47,3920.16,3920.34,195
2025-10-28 15:18:00,3920.52,3921.04,3917.74,3918.33,200
2025-10-28 15:19:00,3918.14,3919.83,3914.28,3918.54,237
2025-10-28 15:20:00,3918.63,3920.1,3915.55,3915.97,215
2025-10-28 15:21:00,3915.75,3915.91,3913.24,3915.06,191
2025-10-28 15:22:00,3915.07,3916.45,3913.88,3916.31,186
2025-10-28 15:23:00,3915.68,3916.95,3914.54,3916.91,195
2025-10-28 15:24:00,3916.61,3917.67,3913.84,3914.27,202
2025-10-28 15:25:00,3914.16,3916.79,3912.57,3914.97,190
2025-10-28 15:26:00,3914.71,3916.98,3913.1,3913.48,201
2025-10-28 15:27:00,3913.43,3914.02,3911.53,3912.82,205
2025-10-28 15:28:00,3912.77,3916.23,3911.03,3914.3,220
2025-10-28 15:29:00,3914.38,3915.71,3913.51,3914.86,210
2025-10-28 15:30:00,3914.68,3916.77,3913.31,3913.59,193
2025-10-28 15:31:00,3913.52,3915.21,3910.54,3912.95,205
2025-10-28 15:32:00,3913.0,3914.52,3912.48,3914.51,165
2025-10-28 15:33:00,3914.53,3915.82,3912.76,3914.13,179
2025-10-28 15:34:00,3914.7,3916.43,3914.18,3915.52,182
2025-10-28 15:35:00,3915.48,3916.35,3914.2,3914.34,150
2025-10-28 15:36:00,3914.09,3914.09,3910.22,3910.67,193
2025-10-28 15:37:00,3910.4,3912.35,3908.38,3910.77,204
2025-10-28 15:38:00,3910.84,3911.45,3908.75,3909.22,196
2025-10-28 15:39:00,3909.25,3911.33,3907.97,3908.01,209
2025-10-28 15:40:00,3908.19,3909.42,3906.94,3908.33,191
2025-10-28 15:41:00,3908.4,3910.12,3906.48,3906.91,199
2025-10-28 15:42:00,3906.06,3907.15,3903.52,3905.15,243
2025-10-28 15:43:00,3905.13,3905.62,3901.12,3905.39,223
2025-10-28 15:44:00,3905.03,3905.61,3902.46,3905.56,218
2025-10-28 15:45:00,3905.6,3908.26,3903.85,3905.97,196
2025-10-28 15:46:00,3905.99,3906.08,3903.15,3904.2,192
2025-10-28 15:47:00,3904.18,3907.92,3903.25,3907.74,203
2025-10-28 15:48:00,3907.76,3908.89,3906.93,3907.82,189
2025-10-28 15:49:00,3907.86,3909.18,3906.54,3907.16,142
2025-10-28 15:50:00,3907.17,3909.49,3905.28,3909.27,171
2025-10-28 15:51:00,3909.17,3910.01,3907.5,3908.43,186
2025-10-28 15:52:00,3908.59,3908.79,3904.81,3905.4,170
2025-10-28 15:53:00,3905.41,3905.41,3903.08,3904.3,178
2025-10-28 15:54:00,3904.21,3904.68,3901.34,3903.44,194
2025-10-28 15:55:00,3903.42,3904.17,3901.3,3901.92,195
2025-10-28 15:56:00,3902.24,3903.81,3901.7,3902.8,162
2025-10-28 15:57:00,3902.75,3902.76,3900.21,3900.55,171
2025-10-28 15:58:00,3900.52,3902.03,3898.14,3898.37,194
2025-10-28 15:59:00,3898.07,3898.75,3896.49,3897.41,230
2025-10-28 16:00:00,3897.31,3899.8,3895.72,3899.11,236
2025-10-28 16:01:00,3899.03,3904.12,3898.02,3901.53,203
2025-10-28 16:02:00,3902.48,3902.67,3898.81,3899.72,193
2025-10-28 16:03:00,3899.64,3899.74,3894.02,3895.44,191
2025-10-28 16:04:00,3895.35,3897.79,3894.21,3897.72,198
2025-10-28 16:05:00,3897.85,3898.23,3891.48,3893.81,208
2025-10-28 16:06:00,3893.77,3894.03,3890.26,3890.48,214
2025-10-28 16:07:00,3890.67,3891.86,3887.7,3889.76,213
2025-10-28 16:08:00,3889.34,3889.34,3886.53,3886.9,220
2025-10-28 16:09:00,3886.94,3892.17,3886.69,3890.28,220
2025-10-28 16:10:00,3890.53,3892.73,3888.08,3892.03,206
2025-10-28 16:11:00,3892.06,3893.78,3891.49,3892.63,179
2025-10-28 16:12:00,3892.64,3893.98,3892.23,3892.61,178
2025-10-28 16:13:00,3892.57,3897.84,3892.57,3897.84,171
2025-10-28 16:14:00,3897.87,3899.87,3896.46,3897.34,205
2025-10-28 16:15:00,3897.45,3898.86,3895.48,3898.83,181
2025-10-28 16:16:00,3898.78,3900.23,3897.08,3897.39,170
2025-10-28 16:17:00,3897.44,3903.96,3897.15,3903.76,198
2025-10-28 16:18:00,3903.75,3906.99,3903.49,3906.1,213
2025-10-28 16:19:00,3905.88,3907.57,3904.63,3906.25,202
2025-10-28 16:20:00,3906.26,3907.92,3905.19,3906.21,201
2025-10-28 16:21:00,3906.16,3906.16,3900.2,3900.58,181
2025-10-28 16:22:00,3900.21,3901.84,3899.0,3900.95,181
2025-10-28 16:23:00,3900.89,3904.25,3900.74,3901.88,178
2025-10-28 16:24:00,3901.95,3904.53,3901.84,3903.89,139
2025-10-28 16:25:00,3903.74,3906.27,3903.5,3905.62,167
2025-10-28 16:26:00,3905.78,3905.78,3900.83,3900.83,185
2025-10-28 16:27:00,3900.91,3903.32,3900.58,3902.84,158
2025-10-28 16:28:00,3902.86,3904.12,3902.46,3904.12,145
2025-10-28 16:29:00,3904.17,3905.03,3903.44,3904.9,174
2025-10-28 16:30:00,3904.89,3905.91,3904.36,3905.26,138
2025-10-28 16:31:00,3905.33,3905.64,3903.37,3904.54,147
2025-10-28 16:32:00,3904.51,3905.99,3901.5,3901.85,187
2025-10-28 16:33:00,3901.88,3904.13,3901.7,3903.87,138
2025-10-28 16:34:00,3903.85,3904.06,3901.97,3902.36,117
2025-10-28 16:35:00,3902.34,3902.73,3900.25,3900.66,133
2025-10-28 16:36:00,3900.57,3901.64,3899.25,3899.62,156
2025-10-28 16:37:00,3899.93,3901.09,3899.2,3900.66,141
2025-10-28 16:38:00,3900.64,3902.17,3900.61,3901.44,131
2025-10-28 16:39:00,3901.42,3902.91,3900.4,3902.02,113
2025-10-28 16:40:00,3901.92,3902.38,3900.52,3901.5,103
2025-10-28 16:41:00,3901.46,3902.17,3900.38,3901.14,111
2025-10-28 16:42:00,3900.4,3905.57,3900.39,3905.41,128
2025-10-28 16:43:00,3905.39,3906.67,3904.95,3906.65,160
2025-10-28 16:44:00,3906.58,3911.16,3906.24,3909.89,217
2025-10-28 16:45:00,3909.98,3910.74,3908.22,3910.26,187
2025-10-28 16:46:00,3910.22,3910.65,3907.85,3908.19,155
2025-10-28 16:47:00,3908.39,3909.12,3906.0,3908.48,162
2025-10-28 16:48:00,3908.49,3908.67,3904.66,3905.27,170
2025-10-28 16:49:00,3905.29,3905.61,3903.36,3904.13,145
2025-10-28 16:50:00,3904.44,3906.14,3904.16,3905.94,144
2025-10-28 16:51:00,3905.92,3907.22,3904.45,3905.38,135
2025-10-28 16:52:00,3905.35,3906.7,3904.75,3905.36,144
2025-10-28 16:53:00,3905.43,3905.9,3903.07,3903.99,134
2025-10-28 16:54:00,3904.03,3904.27,3901.5,3901.98,127
2025-10-28 16:55:00,3902.04,3902.35,3898.44,3898.56,191
2025-10-28 16:56:00,3898.57,3899.45,3898.11,3898.24,146
2025-10-28 16:57:00,3898.27,3900.46,3897.7,3899.31,113
2025-10-28 16:58:00,3899.42,3901.99,3899.35,3901.38,122
2025-10-28 16:59:00,3901.22,3905.58,3901.03,3904.79,177
2025-10-28 17:00:00,3904.81,3905.69,3903.62,3903.72,130
2025-10-28 17:01:00,3903.62,3905.12,3902.76,3905.01,121
2025-10-28 17:02:00,3905.02,3906.47,3903.94,3903.94,143
2025-10-28 17:03:00,3903.93,3907.25,3903.71,3907.25,141
2025-10-28 17:04:00,3907.2,3907.77,3905.65,3907.73,119
2025-10-28 17:05:00,3907.76,3909.18,3905.38,3906.47,136
2025-10-28 17:06:00,3906.45,3907.46,3905.56,3905.97,116
2025-10-28 17:07:00,3905.96,3905.96,3903.54,3903.78,131
2025-10-28 17:08:00,3903.88,3904.68,3902.62,3902.62,139
2025-10-28 17:09:00,3902.84,3904.14,3902.78,3903.97,91
2025-10-28 17:10:00,3903.72,3905.53,3903.67,3904.88,100
2025-10-28 17:11:00,3904.86,3905.9,3904.25,3904.9,84
2025-10-28 17:12:00,3904.95,3905.4,3901.31,3904.79,178
2025-10-28 17:13:00,3904.36,3904.89,3903.44,3903.46,107
2025-10-28 17:14:00,3903.49,3904.15,3902.06,3902.19,133
2025-10-28 17:15:00,3902.1,3903.33,3900.18,3900.76,139
2025-10-28 17:16:00,3901.07,3903.88,3901.07,3903.31,124
2025-10-28 17:17:00,3903.57,3905.24,3903.15,3904.42,98
2025-10-28 17:18:00,3904.44,3906.21,3904.14,3905.69,103
2025-10-28 17:19:00,3905.73,3906.45,3904.92,3905.36,104
2025-10-28 17:20:00,3904.85,3906.22,3904.61,3904.69,123
2025-10-28 17:21:00,3904.66,3904.75,3903.49,3903.63,93
2025-10-28 17:22:00,3903.58,3904.34,3902.94,3903.23,87
2025-10-28 17:23:00,3902.98,3904.35,3901.07,3901.08,128
2025-10-28 17:24:00,3901.15,3902.73,3900.08,3902.73,157
2025-10-28 17:25:00,3902.94,3904.36,3901.96,3904.28,100
2025-10-28 17:26:00,3904.31,3909.18,3904.13,3907.82,149
2025-10-28 17:27:00,3907.76,3908.13,3905.06,3907.55,148
2025-10-28 17:28:00,3907.6,3907.6,3904.45,3904.55,138
2025-10-28 17:29:00,3904.58,3906.33,3904.1,3905.24,119
2025-10-28 17:30:00,3905.26,3908.26,3904.75,3907.03,162
2025-10-28 17:31:00,3907.08,3909.51,3906.63,3909.41,130
2025-10-28 17:32:00,3909.4,3913.53,3909.04,3912.18,218
2025-10-28 17:33:00,3912.16,3913.29,3911.13,3912.01,155
2025-10-28 17:34:00,3912.19,3914.22,3911.95,3913.42,136
2025-10-28 17:35:00,3913.38,3913.4,3911.1,3912.64,176
2025-10-28 17:36:00,3912.75,3914.32,3912.1,3913.76,156
2025-10-28 17:37:00,3913.75,3915.45,3913.18,3913.94,172
2025-10-28 17:38:00,3913.93,3915.49,3913.57,3914.98,153
2025-10-28 17:39:00,3914.71,3916.5,3912.2,3916.25,190
2025-10-28 17:40:00,3916.21,3916.5,3913.51,3914.37,200
2025-10-28 17:41:00,3914.14,3916.15,3912.98,3915.87,129
2025-10-28 17:42:00,3915.65,3920.65,3915.33,3920.11,203
2025-10-28 17:43:00,3920.05,3922.92,3917.05,3917.12,219
2025-10-28 17:44:00,3917.15,3917.62,3915.07,3915.61,151
2025-10-28 17:45:00,3915.57,3917.57,3915.06,3917.54,141
2025-10-28 17:46:00,3917.48,3919.61,3917.48,3917.82,157
2025-10-28 17:47:00,3917.87,3921.21,3917.31,3920.86,170
2025-10-28 17:48:00,3920.83,3921.7,3920.29,3920.97,166
2025-10-28 17:49:00,3920.98,3923.7,3920.87,3922.96,200
2025-10-28 17:50:00,3922.91,3923.48,3919.85,3923.28,183
2025-10-28 17:51:00,3923.25,3923.61,3920.92,3921.58,131
2025-10-28 17:52:00,3921.6,3924.54,3921.57,3924.54,138
2025-10-28 17:53:00,3924.44,3930.99,3924.25,3930.99,220
2025-10-28 17:54:00,3930.65,3930.97,3925.85,3926.39,208
2025-10-28 17:55:00,3926.36,3928.06,3924.68,3925.7,167
2025-10-28 17:56:00,3925.69,3927.97,3925.46,3926.1,135
2025-10-28 17:57:00,3926.06,3927.14,3923.91,3923.91,138
2025-10-28 17:58:00,3923.94,3926.16,3922.74,3926.16,180
2025-10-28 17:59:00,3926.28,3927.42,3924.1,3926.59,181
2025-10-28 18:00:00,3926.78,3927.33,3924.23,3925.08,142
2025-10-28 18:01:00,3924.89,3925.04,3921.84,3922.7,176
2025-10-28 18:02:00,3922.79,3923.32,3918.69,3919.18,178
2025-10-28 18:03:00,3919.39,3919.72,3916.08,3917.07,201
2025-10-28 18:04:00,3917.11,3917.22,3915.88,3916.91,120
2025-10-28 18:05:00,3916.86,3917.43,3913.63,3914.12,142
2025-10-28 18:06:00,3914.37,3914.94,3913.05,3914.75,188
2025-10-28 18:07:00,3914.9,3916.74,3914.64,3916.55,159
2025-10-28 18:08:00,3916.63,3916.72,3914.58,3915.85,128
2025-10-28 18:09:00,3915.82,3917.95,3915.32,3917.6,120
2025-10-28 18:10:00,3917.51,3918.66,3916.04,3917.3,147
2025-10-28 18:11:00,3917.39,3918.4,3915.58,3916.59,163
2025-10-28 18:12:00,3916.36,3917.45,3912.24,3914.96,225
2025-10-28 18:13:00,3914.94,3916.23,3914.23,3914.92,165
2025-10-28 18:14:00,3915.28,3916.22,3913.69,3916.22,134
2025-10-28 18:15:00,3916.22,3918.28,3914.08,3914.25,180
2025-10-28 18:16:00,3914.34,3915.54,3910.98,3911.09,197
2025-10-28 18:17:00,3911.06,3915.41,3911.06,3915.07,162
2025-10-28 18:18:00,3915.14,3920.14,3915.1,3920.03,161
2025-10-28 18:19:00,3919.55,3919.95,3916.7,3917.78,141
2025-10-28 18:20:00,3917.81,3919.22,3916.63,3918.89,131
2025-10-28 18:21:00,3918.72,3919.36,3916.73,3918.89,138
2025-10-28 18:22:00,3918.92,3920.18,3917.79,3920.05,126
2025-10-28 18:23:00,3920.38,3920.61,3919.1,3919.17,140
2025-10-28 18:24:00,3919.13,3920.51,3918.9,3920.32,109
2025-10-28 18:25:00,3920.28,3920.58,3918.2,3919.0,129
2025-10-28 18:26:00,3918.72,3920.01,3917.83,3918.38,116
2025-10-28 18:27:00,3918.4,3919.77,3918.15,3919.18,125
2025-10-28 18:28:00,3919.12,3920.08,3917.82,3919.92,139
2025-10-28 18:29:00,3920.0,3920.14,3917.81,3918.15,165
2025-10-28 18:30:00,3918.09,3921.29,3917.86,3921.29,157
2025-10-28 18:31:00,3921.27,3923.26,3920.76,3921.67,164
2025-10-28 18:32:00,3921.73,3924.35,3921.21,3924.15,138
2025-10-28 18:33:00,3924.12,3926.78,3923.3,3924.12,207
2025-10-28 18:34:00,3924.07,3924.34,3920.77,3923.31,163
2025-10-28 18:35:00,3923.34,3923.88,3922.32,3922.7,89
2025-10-28 18:36:00,3923.08,3924.0,3922.91,3923.48,114
2025-10-28 18:37:00,3923.5,3923.9,3922.26,3923.01,152
2025-10-28 18:38:00,3923.02,3923.82,3922.25,3922.69,116
2025-10-28 18:39:00,3922.71,3923.64,3921.83,3922.02,134
2025-10-28 18:40:00,3921.99,3925.86,3921.87,3925.83,146
2025-10-28 18:41:00,3925.85,3926.49,3924.73,3925.94,137
2025-10-28 18:42:00,3925.87,3927.91,3925.42,3927.77,132
2025-10-28 18:43:00,3927.75,3928.5,3926.96,3927.96,173
2025-10-28 18:44:00,3928.04,3928.93,3927.37,3928.22,123
2025-10-28 18:45:00,3928.19,3928.9,3927.57,3927.76,153
2025-10-28 18:46:00,3927.91,3928.54,3927.52,3928.46,110
2025-10-28 18:47:00,3928.45,3929.27,3928.29,3929.09,94
2025-10-28 18:48:00,3929.09,3929.56,3928.65,3928.95,108
2025-10-28 18:49:00,3928.89,3929.14,3927.61,3928.37,96
2025-10-28 18:50:00,3928.29,3928.58,3927.58,3928.13,114
2025-10-28 18:51:00,3928.11,3929.21,3927.39,3929.13,108
2025-10-28 18:52:00,3929.05,3930.09,3928.92,3929.57,146
2025-10-28 18:53:00,3929.47,3929.61,3928.46,3929.06,110
2025-10-28 18:54:00,3929.07,3929.56,3928.01,3928.04,136
2025-10-28 18:55:00,3928.08,3928.64,3925.43,3926.0,143
2025-10-28 18:56:00,3926.06,3928.18,3925.98,3927.03,202
2025-10-28 18:57:00,3927.17,3927.39,3923.85,3924.6,181
2025-10-28 18:58:00,3924.62,3924.97,3922.62,3922.62,138
2025-10-28 18:59:00,3922.63,3923.45,3921.93,3923.39,135
2025-10-28 19:00:00,3923.38,3927.59,3923.35,3926.44,170
2025-10-28 19:01:00,3926.39,3926.39,3923.41,3925.58,175
2025-10-28 19:02:00,3925.34,3927.17,3923.95,3926.57,167
2025-10-28 19:03:00,3926.53,3928.85,3926.51,3928.08,166
2025-10-28 19:04:00,3928.11,3928.11,3925.73,3925.83,137
2025-10-28 19:05:00,3925.94,3926.26,3921.97,3924.22,144
2025-10-28 19:06:00,3924.05,3924.4,3922.97,3924.3,122
2025-10-28 19:07:00,3924.29,3926.51,3924.29,3925.92,125
2025-10-28 19:08:00,3925.98,3926.14,3925.23,3925.48,126
2025-10-28 19:09:00,3925.47,3926.14,3924.1,3925.16,113
2025-10-28 19:10:00,3925.28,3925.37,3924.2,3924.75,134
2025-10-28 19:11:00,3924.77,3926.2,3924.75,3925.41,119
2025-10-28 19:12:00,3925.41,3926.73,3925.41,3925.93,104
2025-10-28 19:13:00,3925.94,3926.23,3925.1,3925.35,117
2025-10-28 19:14:00,3925.27,3926.32,3925.14,3926.32,90
2025-10-28 19:15:00,3926.31,3927.16,3925.96,3926.65,111
2025-10-28 19:16:00,3926.58,3928.29,3926.52,3927.0,104
2025-10-28 19:17:00,3927.03,3927.76,3926.04,3927.65,156
2025-10-28 19:18:00,3927.62,3928.78,3927.18,3928.71,117
2025-10-28 19:19:00,3928.72,3929.83,3928.72,3929.13,151
2025-10-28 19:20:00,3928.82,3928.82,3925.34,3927.45,224
2025-10-28 19:21:00,3927.46,3928.24,3925.32,3925.85,172
2025-10-28 19:22:00,3925.94,3926.98,3925.41,3926.42,164
2025-10-28 19:23:00,3926.24,3926.24,3924.58,3926.1,162
2025-10-28 19:24:00,3926.09,3927.8,3925.3,3926.04,151
2025-10-28 19:25:00,3926.11,3927.88,3925.09,3927.4,191
2025-10-28 19:26:00,3927.41,3928.37,3926.58,3927.78,150
2025-10-28 19:27:00,3927.76,3928.08,3926.36,3926.48,120
2025-10-28 19:28:00,3926.69,3926.69,3924.92,3925.44,132
2025-10-28 19:29:00,3925.51,3925.51,3921.88,3922.04,151
2025-10-28 19:30:00,3921.83,3921.96,3919.37,3920.86,216
2025-10-28 19:31:00,3920.97,3923.18,3919.57,3921.04,210
2025-10-28 19:32:00,3921.05,3921.71,3918.88,3919.19,183
2025-10-28 19:33:00,3919.44,3920.88,3918.69,3920.26,162
2025-10-28 19:34:00,3920.13,3923.72,3920.05,3922.59,166
2025-10-28 19:35:00,3921.8,3922.08,3919.92,3921.29,175
2025-10-28 19:36:00,3921.12,3925.36,3921.12,3925.19,179
2025-10-28 19:37:00,3925.2,3926.1,3923.59,3923.88,158
2025-10-28 19:38:00,3923.91,3924.29,3921.58,3921.64,162
2025-10-28 19:39:00,3921.62,3921.64,3919.32,3920.24,174
2025-10-28 19:40:00,3920.27,3920.55,3918.98,3919.04,112
2025-10-28 19:41:00,3919.03,3919.23,3915.51,3918.3,194
2025-10-28 19:42:00,3918.25,3920.96,3918.17,3920.07,175
2025-10-28 19:43:00,3920.11,3920.17,3917.42,3917.65,161
2025-10-28 19:44:00,3917.6,3917.73,3916.21,3916.29,147
2025-10-28 19:45:00,3916.21,3916.5,3914.11,3914.12,185
2025-10-28 19:46:00,3914.15,3915.22,3913.37,3914.64,161
2025-10-28 19:47:00,3914.58,3915.29,3913.64,3913.87,132
2025-10-28 19:48:00,3913.88,3914.22,3911.83,3912.9,167
2025-10-28 19:49:00,3912.81,3912.84,3910.15,3911.03,213
2025-10-28 19:50:00,3910.9,3910.92,3909.39,3909.65,197
2025-10-28 19:51:00,3909.82,3910.22,3907.33,3907.67,195
2025-10-28 19:52:00,3907.65,3910.49,3906.83,3909.14,203
2025-10-28 19:53:00,3909.16,3909.51,3905.65,3908.11,191
2025-10-28 19:54:00,3908.01,3910.42,3907.69,3910.05,148
2025-10-28 19:55:00,3909.85,3911.75,3909.63,3911.45,178
2025-10-28 19:56:00,3911.58,3911.92,3910.64,3911.48,177
2025-10-28 19:57:00,3911.44,3911.75,3909.46,3910.09,146
2025-10-28 19:58:00,3910.05,3911.32,3908.57,3911.21,168
2025-10-28 19:59:00,3911.09,3913.59,3911.09,3912.97,162
2025-10-28 20:00:00,3913.44,3920.89,3912.48,3919.32,260
2025-10-28 20:01:00,3919.35,3920.49,3917.31,3920.38,226
2025-10-28 20:02:00,3920.34,3923.02,3918.92,3922.76,210
2025-10-28 20:03:00,3923.1,3926.78,3922.84,3925.33,230
2025-10-28 20:04:00,3925.9,3927.9,3924.97,3927.71,216
2025-10-28 20:05:00,3927.74,3929.0,3927.48,3927.7,194
2025-10-28 20:06:00,3927.78,3929.09,3925.87,3925.87,216
2025-10-28 20:07:00,3926.01,3926.18,3922.54,3923.02,233
2025-10-28 20:08:00,3923.04,3926.31,3922.87,3926.05,233
2025-10-28 20:09:00,3926.13,3927.3,3924.33,3925.91,174
2025-10-28 20:10:00,3925.8,3925.88,3922.97,3923.73,169
2025-10-28 20:11:00,3923.72,3925.52,3923.36,3925.03,165
2025-10-28 20:12:00,3924.84,3926.43,3923.35,3925.04,184
2025-10-28 20:13:00,3925.07,3925.86,3923.42,3923.47,165
2025-10-28 20:14:00,3923.6,3924.33,3921.82,3923.06,166
2025-10-28 20:15:00,3923.05,3925.59,3922.79,3924.55,159
2025-10-28 20:16:00,3924.47,3926.84,3923.56,3926.63,172
2025-10-28 20:17:00,3926.66,3928.83,3925.6,3928.36,205
2025-10-28 20:18:00,3928.48,3932.3,3927.75,3931.6,200
2025-10-28 20:19:00,3931.46,3933.49,3931.17,3932.99,216
2025-10-28 20:20:00,3932.94,3933.38,3931.4,3931.4,192
2025-10-28 20:21:00,3931.38,3931.66,3926.71,3927.08,233
2025-10-28 20:22:00,3927.06,3929.31,3926.31,3927.99,210
2025-10-28 20:23:00,3928.0,3929.89,3927.02,3929.17,153
2025-10-28 20:24:00,3929.14,3930.36,3928.83,3929.82,133
2025-10-28 20:25:00,3929.89,3930.97,3927.54,3929.96,162
2025-10-28 20:26:00,3929.98,3930.5,3928.54,3929.11,169
2025-10-28 20:27:00,3929.09,3931.31,3929.04,3931.28,154
2025-10-28 20:28:00,3931.34,3933.91,3929.99,3933.91,187
2025-10-28 20:29:00,3933.83,3933.83,3931.35,3932.56,178
2025-10-28 20:30:00,3932.55,3933.32,3928.42,3931.7,258
2025-10-28 20:31:00,3932.1,3932.66,3928.03,3928.09,243
2025-10-28 20:32:00,3928.09,3930.79,3925.64,3929.08,248
2025-10-28 20:33:00,3928.95,3929.7,3924.22,3926.82,244
2025-10-28 20:34:00,3927.1,3929.09,3923.9,3924.0,234
2025-10-28 20:35:00,3924.04,3926.56,3922.78,3923.3,238
2025-10-28 20:36:00,3923.32,3929.46,3923.25,3929.28,256
2025-10-28 20:37:00,3929.44,3929.78,3926.19,3926.71,233
2025-10-28 20:38:00,3926.71,3927.34,3923.41,3926.67,244
2025-10-28 20:39:00,3926.61,3926.73,3923.64,3924.99,226
2025-10-28 20:40:00,3925.11,3925.58,3922.22,3922.38,240
2025-10-28 20:41:00,3922.61,3922.92,3915.56,3916.51,259
2025-10-28 20:42:00,3916.62,3921.44,3914.92,3921.35,243
2025-10-28 20:43:00,3921.48,3925.1,3921.25,3922.19,227
2025-10-28 20:44:00,3922.16,3923.82,3921.11,3922.76,209
2025-10-28 20:45:00,3922.75,3924.04,3919.76,3923.91,239
2025-10-28 20:46:00,3923.91,3929.6,3923.91,3928.19,246
2025-10-28 20:47:00,3928.15,3930.78,3926.19,3930.04,222
2025-10-28 20:48:00,3930.02,3930.98,3927.88,3928.44,222
2025-10-28 20:49:00,3928.43,3931.06,3928.16,3931.06,230
2025-10-28 20:50:00,3930.99,3934.25,3930.99,3933.39,229
2025-10-28 20:51:00,3933.24,3933.41,3930.97,3932.45,227
2025-10-28 20:52:00,3932.26,3936.62,3931.78,3935.19,217
2025-10-28 20:53:00,3935.12,3935.84,3932.61,3932.67,235
2025-10-28 20:54:00,3932.63,3934.99,3932.23,3934.17,218
2025-10-28 20:55:00,3934.2,3934.29,3932.19,3932.74,206
2025-10-28 20:56:00,3932.79,3934.24,3932.08,3932.4,199
2025-10-28 20:57:00,3932.3,3933.93,3931.8,3932.93,177
2025-10-28 20:58:00,3933.0,3939.06,3932.89,3939.05,194
2025-10-28 20:59:00,3938.91,3940.35,3938.15,3938.92,212
2025-10-28 21:00:00,3938.87,3942.27,3938.86,3941.31,249
2025-10-28 21:01:00,3941.35,3942.21,3940.03,3940.55,238
2025-10-28 21:02:00,3940.58,3942.77,3940.45,3940.45,195
2025-10-28 21:03:00,3940.47,3942.54,3940.45,3941.71,204
2025-10-28 21:04:00,3941.69,3942.35,3940.15,3941.15,229
2025-10-28 21:05:00,3941.14,3942.62,3940.56,3941.69,217
2025-10-28 21:06:00,3941.82,3942.81,3941.16,3942.39,205
2025-10-28 21:07:00,3942.54,3944.66,3941.9,3942.9,227
2025-10-28 21:08:00,3942.71,3943.85,3940.56,3943.15,220
2025-10-28 21:09:00,3943.09,3943.13,3940.19,3941.28,210
2025-10-28 21:10:00,3941.23,3941.28,3936.53,3936.73,230
2025-10-28 21:11:00,3936.53,3940.18,3934.91,3939.49,238
2025-10-28 21:12:00,3939.53,3940.71,3937.45,3940.62,212
2025-10-28 21:13:00,3940.64,3942.98,3939.49,3942.83,215
2025-10-28 21:14:00,3942.81,3944.17,3938.72,3939.02,232
2025-10-28 21:15:00,3939.09,3940.8,3938.6,3939.55,210
2025-10-28 21:16:00,3939.72,3941.75,3938.9,3939.9,218
2025-10-28 21:17:00,3940.03,3941.18,3938.51,3940.48,194
2025-10-28 21:18:00,3940.81,3942.26,3940.25,3940.54,182
2025-10-28 21:19:00,3940.42,3940.89,3938.4,3939.33,205
2025-10-28 21:20:00,3939.31,3941.09,3939.29,3940.48,191
2025-10-28 21:21:00,3940.49,3943.01,3940.38,3941.25,209
2025-10-28 21:22:00,3941.28,3941.68,3939.7,3941.4,204
2025-10-28 21:23:00,3941.47,3942.44,3939.79,3941.25,201
2025-10-28 21:24:00,3941.33,3942.6,3940.39,3941.3,170
2025-10-28 21:25:00,3941.3,3944.67,3941.26,3944.54,199
2025-10-28 21:26:00,3944.53,3948.22,3944.53,3947.31,239
2025-10-28 21:27:00,3947.4,3949.71,3947.2,3949.19,204
2025-10-28 21:28:00,3949.2,3949.63,3947.69,3947.69,225
2025-10-28 21:29:00,3947.76,3950.14,3947.05,3949.9,205
2025-10-28 21:30:00,3949.88,3950.3,3948.05,3949.12,230
2025-10-28 21:31:00,3949.11,3949.32,3945.45,3945.48,217
2025-10-28 21:32:00,3945.88,3948.16,3944.9,3946.25,215
2025-10-28 21:33:00,3946.16,3947.28,3945.63,3946.0,176
2025-10-28 21:34:00,3946.04,3948.68,3945.17,3948.19,185
2025-10-28 21:35:00,3948.42,3949.19,3946.42,3946.45,185
2025-10-28 21:36:00,3946.52,3948.14,3946.32,3947.73,169
2025-10-28 21:37:00,3947.74,3947.74,3945.72,3946.64,166
2025-10-28 21:38:00,3946.64,3946.83,3944.03,3946.11,200
2025-10-28 21:39:00,3946.04,3946.07,3943.96,3944.7,178
2025-10-28 21:40:00,3944.69,3945.33,3940.95,3941.81,214
2025-10-28 21:41:00,3941.95,3942.85,3939.82,3942.85,221
2025-10-28 21:42:00,3942.73,3945.26,3941.32,3945.21,192
2025-10-28 21:43:00,3945.18,3947.69,3945.18,3946.19,180
2025-10-28 21:44:00,3946.22,3946.41,3944.37,3946.02,174
2025-10-28 21:45:00,3946.05,3946.05,3943.8,3943.89,148
2025-10-28 21:46:00,3943.86,3944.93,3943.59,3943.89,152
2025-10-28 21:47:00,3943.93,3946.42,3942.57,3944.82,192
2025-10-28 21:48:00,3944.55,3949.01,3944.55,3948.66,185
2025-10-28 21:49:00,3948.78,3950.73,3948.72,3949.48,183
2025-10-28 21:50:00,3949.54,3953.91,3949.54,3953.15,220
2025-10-28 21:51:00,3953.12,3953.69,3951.93,3953.61,188
2025-10-28 21:52:00,3953.55,3953.55,3951.97,3952.0,193
2025-10-28 21:53:00,3952.03,3952.62,3950.21,3950.21,173
2025-10-28 21:54:00,3950.31,3950.48,3948.07,3949.32,175
2025-10-28 21:55:00,3949.46,3949.59,3947.77,3948.71,171
2025-10-28 21:56:00,3948.9,3951.78,3948.78,3951.69,172
2025-10-28 21:57:00,3951.67,3953.11,3950.27,3952.08,166
2025-10-28 21:58:00,3951.87,3951.9,3949.37,3950.7,156
2025-10-28 21:59:00,3950.68,3950.68,3948.75,3949.82,186
2025-10-28 22:00:00,3949.37,3950.12,3947.41,3949.77,209
2025-10-28 22:01:00,3949.76,3951.05,3947.27,3950.38,196
2025-10-28 22:02:00,3950.35,3953.3,3950.1,3952.89,190
2025-10-28 22:03:00,3952.91,3954.35,3952.22,3953.77,231
2025-10-28 22:04:00,3953.75,3954.43,3952.07,3952.59,213
2025-10-28 22:05:00,3952.75,3952.82,3950.96,3952.13,202
2025-10-28 22:06:00,3952.17,3954.97,3952.02,3952.84,217
2025-10-28 22:07:00,3952.91,3953.32,3950.97,3951.02,190
2025-10-28 22:08:00,3950.9,3953.91,3950.38,3953.26,203
2025-10-28 22:09:00,3953.31,3955.04,3952.85,3954.72,197
2025-10-28 22:10:00,3954.77,3956.38,3954.19,3955.85,199
2025-10-28 22:11:00,3955.62,3958.54,3955.62,3957.77,208
2025-10-28 22:12:00,3958.12,3958.61,3955.79,3958.61,191
2025-10-28 22:13:00,3958.46,3960.02,3958.04,3958.48,165
2025-10-28 22:14:00,3958.42,3960.05,3958.38,3959.35,164
2025-10-28 22:15:00,3959.24,3960.55,3958.13,3960.41,194
2025-10-28 22:16:00,3960.36,3960.36,3958.44,3958.48,180
2025-10-28 22:17:00,3958.5,3960.37,3957.42,3959.31,196
2025-10-28 22:18:00,3959.33,3960.22,3958.46,3959.85,155
2025-10-28 22:19:00,3960.01,3960.09,3958.04,3958.55,165
2025-10-28 22:20:00,3958.51,3959.14,3957.1,3957.6,174
2025-10-28 22:21:00,3957.58,3959.82,3957.52,3959.82,165
2025-10-28 22:22:00,3959.81,3959.86,3958.14,3959.14,148
2025-10-28 22:23:00,3959.19,3959.86,3958.83,3959.4,149
2025-10-28 22:24:00,3959.27,3960.02,3959.17,3959.85,154
2025-10-28 22:25:00,3959.83,3960.42,3958.59,3958.59,155
2025-10-28 22:26:00,3958.34,3960.09,3958.31,3958.31,156
2025-10-28 22:27:00,3958.3,3958.3,3956.84,3957.8,163
2025-10-28 22:28:00,3957.72,3958.79,3956.65,3958.76,148
2025-10-28 22:29:00,3958.71,3959.52,3958.46,3958.49,129
2025-10-28 22:30:00,3958.45,3959.39,3957.53,3958.14,166
2025-10-28 22:31:00,3958.11,3962.49,3957.8,3961.9,155
2025-10-28 22:32:00,3961.93,3963.54,3960.35,3961.56,211
2025-10-28 22:33:00,3961.7,3964.44,3961.51,3964.19,186
2025-10-28 22:34:00,3964.1,3964.57,3962.82,3963.06,169
2025-10-28 22:35:00,3963.42,3963.67,3961.77,3962.01,163
2025-10-28 22:36:00,3961.91,3962.53,3961.57,3962.52,122
2025-10-28 22:37:00,3962.54,3963.03,3961.78,3961.8,124
2025-10-28 22:38:00,3961.82,3963.3,3960.43,3963.07,148
2025-10-28 22:39:00,3963.2,3964.25,3962.84,3963.55,144
2025-10-28 22:40:00,3963.54,3964.48,3963.0,3964.48,134
2025-10-28 22:41:00,3964.5,3964.57,3963.62,3964.08,168
2025-10-28 22:42:00,3964.1,3964.76,3963.02,3963.34,164
2025-10-28 22:43:00,3963.44,3963.95,3962.87,3963.58,161
2025-10-28 22:44:00,3963.54,3963.8,3963.13,3963.55,156
2025-10-28 22:45:00,3963.54,3964.19,3963.35,3964.09,153
2025-10-28 22:46:00,3964.07,3965.05,3964.05,3964.91,123
2025-10-28 22:47:00,3964.92,3966.94,3964.88,3966.42,173
2025-10-28 22:48:00,3966.31,3966.6,3965.65,3965.88,134
2025-10-28 22:49:00,3965.87,3966.15,3964.85,3966.15,136
2025-10-28 22:50:00,3965.94,3968.7,3965.94,3968.7,152
2025-10-28 22:51:00,3968.73,3968.88,3967.26,3968.08,168
2025-10-28 22:52:00,3968.14,3969.15,3967.79,3968.76,160
2025-10-28 22:53:00,3968.8,3969.61,3967.13,3967.21,185
2025-10-28 22:54:00,3967.23,3967.73,3965.24,3965.6,195
2025-10-28 22:55:00,3965.65,3966.51,3964.29,3965.82,200
2025-10-28 22:56:00,3965.86,3968.08,3965.86,3966.42,168
2025-10-28 22:57:00,3966.43,3967.35,3965.67,3965.92,167
2025-10-28 22:58:00,3965.94,3967.08,3965.87,3966.69,135
2025-10-28 22:59:00,3966.66,3966.8,3964.81,3964.84,138
2025-10-28 23:00:00,3965.15,3965.57,3962.97,3965.28,165
2025-10-28 23:01:00,3965.15,3965.45,3963.33,3963.5,143
2025-10-28 23:02:00,3963.4,3963.7,3960.92,3961.75,211
2025-10-28 23:03:00,3961.72,3961.73,3956.97,3958.72,235
2025-10-28 23:04:00,3958.62,3959.28,3954.84,3957.2,225
2025-10-28 23:05:00,3957.37,3959.32,3954.88,3958.34,209
2025-10-28 23:06:00,3958.35,3959.85,3957.63,3959.74,180
2025-10-28 23:07:00,3959.77,3962.48,3959.68,3961.43,196
2025-10-28 23:08:00,3961.39,3962.75,3959.01,3959.22,191
2025-10-28 23:09:00,3959.11,3961.35,3958.57,3959.94,167
2025-10-28 23:10:00,3959.96,3961.49,3959.28,3961.49,146
2025-10-28 23:11:00,3961.67,3964.0,3961.59,3964.0,158
2025-10-28 23:12:00,3963.95,3964.53,3961.49,3961.78,168
2025-10-28 23:13:00,3961.84,3964.48,3961.84,3964.27,148
2025-10-28 23:14:00,3964.25,3964.91,3963.43,3963.46,164
2025-10-28 23:15:00,3963.54,3964.9,3962.77,3963.32,171
2025-10-28 23:16:00,3963.32,3964.23,3963.18,3963.23,157
2025-10-28 23:17:00,3963.17,3964.25,3962.14,3962.62,154
2025-10-28 23:18:00,3962.61,3963.46,3961.01,3963.34,178
2025-10-28 23:19:00,3963.32,3963.99,3962.84,3963.73,152
2025-10-28 23:20:00,3963.83,3964.58,3962.94,3963.6,165
2025-10-28 23:21:00,3963.4,3964.99,3963.39,3964.1,177
2025-10-28 23:22:00,3964.12,3964.32,3961.73,3962.05,138
2025-10-28 23:23:00,3961.7,3962.77,3961.0,3962.73,136
2025-10-28 23:24:00,3962.96,3964.31,3962.63,3963.58,142
2025-10-28 23:25:00,3963.64,3964.21,3962.94,3963.56,135
2025-10-28 23:26:00,3963.54,3964.0,3963.16,3963.92,99
2025-10-28 23:27:00,3963.95,3964.2,3962.01,3963.18,132
2025-10-28 23:28:00,3963.35,3963.37,3962.45,3963.03,103
2025-10-28 23:29:00,3962.74,3963.3,3962.23,3963.24,97
2025-10-28 23:30:00,3963.24,3964.64,3956.68,3958.74,185
2025-10-28 23:31:00,3959.24,3963.55,3959.2,3962.19,259
2025-10-28 23:32:00,3961.94,3964.72,3961.2,3964.14,244
2025-10-28 23:33:00,3964.3,3964.81,3958.8,3960.08,212
2025-10-28 23:34:00,3960.18,3960.28,3957.6,3958.62,212
2025-10-28 23:35:00,3958.56,3961.71,3957.22,3957.43,219
2025-10-28 23:36:00,3957.42,3958.13,3956.47,3957.4,182
2025-10-28 23:37:00,3957.43,3957.43,3951.98,3953.13,231
2025-10-28 23:38:00,3953.35,3955.93,3951.06,3954.7,216
2025-10-28 23:39:00,3954.87,3957.43,3954.57,3955.68,194
2025-10-28 23:40:00,3955.7,3956.77,3953.35,3953.82,190
2025-10-28 23:41:00,3953.67,3954.78,3952.81,3952.91,192
2025-10-28 23:42:00,3952.99,3955.54,3952.2,3954.09,163
2025-10-28 23:43:00,3954.15,3955.42,3952.63,3954.21,168
2025-10-28 23:44:00,3954.13,3956.67,3954.13,3955.6,154
2025-10-28 23:45:00,3955.59,3955.59,3953.18,3954.08,131
2025-10-28 23:46:00,3954.12,3954.34,3952.92,3953.59,143
2025-10-28 23:47:00,3953.61,3957.35,3953.61,3957.11,170
2025-10-28 23:48:00,3957.09,3957.79,3954.11,3955.46,154
2025-10-28 23:49:00,3955.52,3957.26,3955.18,3956.35,123
2025-10-28 23:50:00,3956.39,3956.77,3953.53,3956.75,157
2025-10-28 23:51:00,3956.78,3957.71,3956.14,3956.3,124
2025-10-28 23:52:00,3956.46,3957.14,3955.38,3956.78,132
2025-10-28 23:53:00,3956.8,3959.14,3956.7,3958.95,132
2025-10-28 23:54:00,3958.93,3959.13,3957.38,3957.82,131
2025-10-29 01:00:00,3962.38,3964.13,3961.15,3961.56,170
2025-10-29 01:01:00,3961.53,3962.56,3961.2,3961.92,154
2025-10-29 01:02:00,3961.87,3962.21,3960.23,3960.42,132
2025-10-29 01:03:00,3960.41,3960.69,3959.32,3959.85,130
2025-10-29 01:04:00,3959.96,3960.09,3957.55,3957.93,148
2025-10-29 01:05:00,3957.85,3959.69,3957.08,3959.41,154
2025-10-29 01:06:00,3959.39,3959.39,3957.39,3957.91,116
2025-10-29 01:07:00,3957.92,3957.92,3956.16,3956.18,124
2025-10-29 01:08:00,3956.12,3956.82,3955.16,3956.02,128
2025-10-29 01:09:00,3955.99,3957.62,3955.99,3957.45,105
2025-10-29 01:10:00,3957.55,3959.1,3957.55,3958.47,102
2025-10-29 01:11:00,3958.53,3959.6,3957.66,3959.39,89
2025-10-29 01:12:00,3959.31,3960.52,3959.23,3960.32,122
2025-10-29 01:13:00,3960.4,3960.43,3958.75,3959.05,102
2025-10-29 01:14:00,3959.08,3959.62,3958.65,3959.57,91
2025-10-29 01:15:00,3959.58,3960.08,3959.33,3959.33,91
2025-10-29 01:16:00,3959.25,3959.28,3958.34,3958.7,93
2025-10-29 01:17:00,3958.64,3959.37,3958.29,3959.23,82
2025-10-29 01:18:00,3959.33,3959.59,3958.59,3958.65,88
2025-10-29 01:19:00,3958.72,3959.18,3958.01,3958.81,84
2025-10-29 01:20:00,3958.9,3960.63,3958.65,3960.26,114
2025-10-29 01:21:00,3960.27,3960.41,3959.32,3959.83,88
2025-10-29 01:22:00,3959.88,3960.0,3959.14,3959.44,81
2025-10-29 01:23:00,3959.42,3959.6,3958.48,3958.48,60
2025-10-29 01:24:00,3958.49,3958.6,3956.58,3957.15,101
2025-10-29 01:25:00,3957.07,3957.08,3954.5,3955.08,143
2025-10-29 01:26:00,3955.15,3956.66,3954.58,3954.78,139
2025-10-29 01:27:00,3954.76,3955.03,3952.86,3954.3,167
2025-10-29 01:28:00,3954.46,3955.92,3954.27,3955.24,145
2025-10-29 01:29:00,3955.16,3955.5,3954.49,3954.68,116
2025-10-29 01:30:00,3954.65,3955.35,3953.11,3953.24,144
2025-10-29 01:31:00,3953.2,3953.59,3951.94,3951.99,158
2025-10-29 01:32:00,3951.81,3951.81,3945.35,3945.6,200
2025-10-29 01:33:00,3945.58,3949.54,3945.5,3947.45,220
2025-10-29 01:34:00,3947.68,3950.29,3947.68,3948.54,176
2025-10-29 01:35:00,3948.36,3950.13,3946.24,3949.51,177
2025-10-29 01:36:00,3949.56,3949.87,3947.22,3948.42,146
2025-10-29 01:37:00,3948.45,3948.79,3946.91,3947.18,105
2025-10-29 01:38:00,3947.43,3950.16,3947.19,3948.98,139
2025-10-29 01:39:00,3948.93,3949.75,3948.1,3948.72,140
2025-10-29 01:40:00,3948.61,3951.5,3948.11,3950.83,145
2025-10-29 01:41:00,3950.87,3950.87,3949.17,3950.64,141
2025-10-29 01:42:00,3950.61,3950.61,3948.57,3948.65,110
2025-10-29 01:43:00,3948.64,3951.24,3948.64,3950.88,126
2025-10-29 01:44:00,3950.86,3952.74,3950.66,3952.02,136
2025-10-29 01:45:00,3952.03,3952.03,3949.66,3951.05,146
2025-10-29 01:46:00,3951.15,3951.84,3950.75,3951.45,113
2025-10-29 01:47:00,3951.54,3952.13,3950.91,3951.43,123
2025-10-29 01:48:00,3951.58,3952.84,3951.32,3952.59,109
2025-10-29 01:49:00,3952.69,3952.74,3951.72,3951.72,121
2025-10-29 01:50:00,3951.69,3952.83,3951.28,3952.78,98
2025-10-29 01:51:00,3952.78,3955.39,3952.78,3955.22,140
2025-10-29 01:52:00,3955.23,3956.16,3954.92,3955.08,152
2025-10-29 01:53:00,3955.07,3955.48,3953.19,3955.48,157
2025-10-29 01:54:00,3955.66,3956.81,3955.03,3956.78,124
2025-10-29 01:55:00,3956.77,3957.5,3955.73,3955.9,147
2025-10-29 01:56:00,3956.05,3956.96,3955.66,3956.22,144
2025-10-29 01:57:00,3956.04,3956.35,3954.44,3955.81,153
2025-10-29 01:58:00,3955.82,3956.42,3955.34,3955.7,131
2025-10-29 01:59:00,3955.63,3956.47,3955.29,3956.47,117
2025-10-29 02:00:00,3956.51,3956.89,3955.18,3955.3,141
2025-10-29 02:01:00,3955.3,3956.6,3955.0,3956.42,136
2025-10-29 02:02:00,3956.41,3957.6,3956.3,3956.61,134
2025-10-29 02:03:00,3956.64,3956.88,3955.65,3955.89,83
2025-10-29 02:04:00,3955.83,3957.43,3955.76,3957.23,106
2025-10-29 02:05:00,3957.22,3958.72,3957.1,3958.2,145
2025-10-29 02:06:00,3958.32,3958.78,3955.5,3957.12,180
2025-10-29 02:07:00,3957.08,3957.55,3955.29,3956.06,188
2025-10-29 02:08:00,3956.08,3957.41,3955.83,3956.33,169
2025-10-29 02:09:00,3956.14,3958.12,3955.09,3956.95,148
2025-10-29 02:10:00,3956.96,3957.3,3954.8,3955.17,104
2025-10-29 02:11:00,3955.04,3955.71,3954.47,3954.78,162
2025-10-29 02:12:00,3954.75,3954.82,3951.07,3952.57,190
2025-10-29 02:13:00,3952.54,3953.95,3952.45,3953.12,150
2025-10-29 02:14:00,3953.1,3954.15,3952.17,3953.62,118
2025-10-29 02:15:00,3953.65,3954.82,3952.09,3954.82,135
2025-10-29 02:16:00,3954.81,3958.07,3954.62,3955.91,205
2025-10-29 02:17:00,3955.9,3956.96,3955.47,3956.24,149
2025-10-29 02:18:00,3956.2,3958.57,3956.2,3956.94,145
2025-10-29 02:19:00,3956.71,3956.84,3955.05,3955.05,122
2025-10-29 02:20:00,3955.04,3955.57,3953.91,3955.11,115
2025-10-29 02:21:00,3955.13,3957.16,3955.13,3957.16,146
2025-10-29 02:22:00,3957.25,3957.58,3955.27,3955.89,129
2025-10-29 02:23:00,3955.79,3956.28,3955.34,3955.47,89
2025-10-29 02:24:00,3955.44,3956.41,3955.39,3955.67,127
2025-10-29 02:25:00,3955.67,3955.96,3954.72,3955.6,116
2025-10-29 02:26:00,3955.69,3957.56,3955.61,3957.55,118
2025-10-29 02:27:00,3957.59,3958.08,3956.52,3956.54,95
2025-10-29 02:28:00,3956.54,3957.33,3956.45,3957.03,92
2025-10-29 02:29:00,3957.04,3957.25,3955.8,3955.82,103
2025-10-29 02:30:00,3955.73,3957.03,3954.67,3955.1,154
2025-10-29 02:31:00,3955.11,3955.14,3952.46,3952.8,154
2025-10-29 02:32:00,3952.77,3953.02,3950.88,3952.4,149
2025-10-29 02:33:00,3952.43,3954.35,3952.31,3954.03,93
2025-10-29 02:34:00,3954.09,3955.86,3953.08,3955.86,164
2025-10-29 02:35:00,3955.71,3957.55,3955.02,3956.65,133
2025-10-29 02:36:00,3956.64,3957.27,3956.2,3956.71,107
2025-10-29 02:37:00,3956.68,3956.73,3955.54,3955.85,96
2025-10-29 02:38:00,3955.83,3956.35,3955.7,3955.99,97
2025-10-29 02:39:00,3955.97,3956.55,3955.69,3956.02,94
2025-10-29 02:40:00,3956.19,3956.3,3955.15,3956.15,100
2025-10-29 02:41:00,3956.19,3956.25,3955.0,3955.87,109
2025-10-29 02:42:00,3956.0,3956.79,3954.8,3956.06,134
2025-10-29 02:43:00,3956.03,3956.8,3955.65,3956.53,89
2025-10-29 02:44:00,3956.69,3956.89,3955.72,3956.49,94
2025-10-29 02:45:00,3956.46,3957.23,3955.95,3956.49,144
2025-10-29 02:46:00,3956.48,3956.6,3955.14,3955.36,127
2025-10-29 02:47:00,3955.39,3955.77,3955.25,3955.59,124
2025-10-29 02:48:00,3955.6,3956.41,3955.13,3956.08,99
2025-10-29 02:49:00,3956.15,3957.35,3956.15,3956.99,114
2025-10-29 02:50:00,3957.11,3957.11,3955.37,3955.44,158
2025-10-29 02:51:00,3955.36,3957.14,3955.17,3956.66,147
2025-10-29 02:52:00,3956.57,3960.15,3956.5,3959.38,193
2025-10-29 02:53:00,3959.37,3962.08,3959.12,3961.56,196
2025-10-29 02:54:00,3961.5,3962.72,3961.01,3962.71,172
2025-10-29 02:55:00,3962.34,3962.34,3959.39,3960.66,145
2025-10-29 02:56:00,3960.64,3961.53,3960.05,3960.45,142
2025-10-29 02:57:00,3960.12,3960.46,3959.15,3959.46,147
2025-10-29 02:58:00,3959.6,3960.87,3959.07,3959.91,185
2025-10-29 02:59:00,3960.14,3961.73,3959.81,3960.28,191
2025-10-29 03:00:00,3960.27,3960.98,3959.71,3959.93,88
2025-10-29 03:01:00,3959.89,3959.97,3958.38,3958.71,94
2025-10-29 03:02:00,3958.69,3959.76,3958.48,3959.76,72
2025-10-29 03:03:00,3959.91,3960.0,3958.31,3958.51,75
2025-10-29 03:04:00,3958.5,3958.55,3957.96,3958.3,63
2025-10-29 03:05:00,3958.32,3958.47,3955.6,3955.6,86
2025-10-29 03:06:00,3955.61,3956.88,3952.79,3952.9,129
2025-10-29 03:07:00,3952.94,3953.53,3951.81,3953.48,101
2025-10-29 03:08:00,3953.45,3955.21,3953.02,3954.37,66
2025-10-29 03:09:00,3954.48,3954.51,3953.53,3954.45,75
2025-10-29 03:10:00,3954.54,3954.54,3953.49,3954.2,55
2025-10-29 03:11:00,3954.12,3954.21,3952.94,3953.22,61
2025-10-29 03:12:00,3953.16,3953.71,3952.43,3953.68,58
2025-10-29 03:13:00,3953.73,3953.74,3953.25,3953.43,35
2025-10-29 03:14:00,3953.57,3954.6,3953.57,3954.35,43
2025-10-29 03:15:00,3954.32,3955.17,3953.97,3954.05,53
2025-10-29 03:16:00,3954.12,3954.64,3953.95,3954.49,43
2025-10-29 03:17:00,3956.1,3957.59,3955.14,3955.44,106
2025-10-29 03:18:00,3955.45,3955.74,3953.94,3954.08,81
2025-10-29 03:19:00,3954.17,3954.67,3953.81,3954.47,77
2025-10-29 03:20:00,3954.51,3954.72,3954.3,3954.56,24
2025-10-29 03:21:00,3954.66,3955.41,3954.39,3954.74,41
2025-10-29 03:22:00,3954.53,3955.54,3954.52,3954.91,54
2025-10-29 03:23:00,3954.89,3954.89,3953.46,3953.8,63
2025-10-29 03:24:00,3953.77,3953.9,3951.81,3951.91,53
2025-10-29 03:25:00,3951.91,3952.19,3951.2,3951.82,78
2025-10-29 03:26:00,3951.73,3952.53,3951.55,3951.78,48
2025-10-29 03:27:00,3951.69,3952.03,3950.21,3950.59,56
2025-10-29 03:28:00,3950.51,3950.83,3949.64,3949.9,75
2025-10-29 03:29:00,3949.92,3951.82,3949.85,3951.24,72
2025-10-29 03:30:00,3951.35,3952.69,3951.35,3952.66,55
2025-10-29 03:31:00,3952.68,3953.11,3951.9,3951.9,56
2025-10-29 03:32:00,3951.92,3952.18,3951.53,3952.06,33
2025-10-29 03:33:00,3952.17,3953.6,3952.08,3953.07,59
2025-10-29 03:34:00,3953.17,3954.29,3953.03,3954.07,54
2025-10-29 03:35:00,3954.15,3955.09,3954.14,3954.77,68
2025-10-29 03:36:00,3954.71,3956.34,3954.51,3955.86,112
2025-10-29 03:37:00,3955.82,3956.41,3955.07,3955.24,95
2025-10-29 03:38:00,3955.15,3955.94,3954.04,3954.11,120
2025-10-29 03:39:00,3954.2,3954.72,3953.2,3953.68,52
2025-10-29 03:40:00,3953.71,3953.82,3953.55,3953.67,38
2025-10-29 03:41:00,3953.34,3956.08,3953.23,3955.92,56
2025-10-29 03:42:00,3955.91,3956.03,3954.81,3954.81,71
2025-10-29 03:43:00,3954.79,3955.49,3954.2,3954.75,67
2025-10-29 03:44:00,3954.78,3955.19,3954.63,3955.19,31
2025-10-29 03:45:00,3955.21,3955.21,3953.81,3953.83,48
2025-10-29 03:46:00,3953.97,3954.88,3953.79,3954.0,40
2025-10-29 03:47:00,3953.49,3954.47,3953.49,3953.6,35
2025-10-29 03:48:00,3953.46,3953.46,3950.81,3950.99,60
2025-10-29 03:49:00,3950.97,3954.44,3950.8,3954.44,100
2025-10-29 03:50:00,3954.29,3955.33,3954.05,3955.29,85
2025-10-29 03:51:00,3955.28,3955.33,3953.91,3953.91,68
2025-10-29 03:52:00,3954.08,3954.48,3953.53,3953.57,33
2025-10-29 03:53:00,3953.49,3953.49,3951.92,3951.93,44
2025-10-29 03:54:00,3952.02,3952.33,3950.16,3950.29,40
2025-10-29 03:55:00,3950.39,3953.03,3950.39,3952.72,49
2025-10-29 03:56:00,3952.57,3952.76,3951.41,3951.41,36
2025-10-29 03:57:00,3951.45,3952.47,3951.45,3952.18,55
2025-10-29 03:58:00,3952.28,3952.76,3951.84,3952.76,60
2025-10-29 03:59:00,3952.76,3952.83,3951.23,3951.61,81
2025-10-29 05:00:00,3955.51,3957.14,3954.35,3956.13,162
2025-10-29 05:01:00,3956.26,3957.98,3955.72,3957.31,91
2025-10-29 05:02:00,3956.97,3960.76,3956.97,3958.37,68
2025-10-29 05:03:00,3958.5,3959.84,3956.72,3957.42,61
2025-10-29 05:04:00,3957.65,3957.91,3955.16,3956.09,49
2025-10-29 05:05:00,3955.38,3955.86,3954.48,3955.26,45
2025-10-29 05:06:00,3955.25,3955.38,3949.96,3950.09,43
2025-10-29 05:07:00,3950.15,3952.1,3914.99,3929.28,127
2025-10-29 05:08:00,3930.92,3940.7,3923.45,3935.48,132
2025-10-29 05:09:00,3936.41,3937.07,3932.33,3934.22,130
2025-10-29 05:10:00,3934.09,3943.15,3933.94,3942.2,169
2025-10-29 05:11:00,3942.32,3946.38,3937.93,3941.23,156
2025-10-29 05:12:00,3941.45,3943.99,3937.41,3937.79,109
2025-10-29 05:13:00,3937.65,3943.35,3937.65,3942.02,94
2025-10-29 05:14:00,3942.03,3942.77,3936.42,3937.26,94
2025-10-29 05:15:00,3936.97,3940.21,3936.95,3939.21,82
2025-10-29 05:16:00,3939.53,3940.05,3936.37,3938.72,77
2025-10-29 05:17:00,3938.7,3941.78,3937.88,3940.57,93
2025-10-29 05:18:00,3941.49,3942.21,3940.0,3941.16,75
2025-10-29 05:19:00,3941.14,3941.27,3938.44,3939.25,66
2025-10-29 05:20:00,3938.25,3938.46,3928.03,3933.55,166
2025-10-29 05:21:00,3934.02,3940.39,3932.91,3938.02,156
2025-10-29 05:22:00,3938.07,3940.29,3937.08,3939.11,113
2025-10-29 05:23:00,3939.48,3941.29,3938.67,3939.29,116
2025-10-29 05:24:00,3939.28,3940.31,3938.3,3940.12,74
2025-10-29 05:25:00,3940.06,3940.06,3936.99,3938.03,68
2025-10-29 05:26:00,3938.33,3938.52,3936.21,3937.18,93
2025-10-29 05:27:00,3937.2,3938.84,3936.32,3938.82,91
2025-10-29 05:28:00,3938.83,3942.01,3938.82,3941.71,98
2025-10-29 05:29:00,3942.81,3950.4,3942.81,3946.45,174
2025-10-29 05:30:00,3946.43,3946.74,3944.43,3945.65,98
2025-10-29 05:31:00,3945.96,3946.03,3944.05,3944.29,52
2025-10-29 05:32:00,3944.22,3944.25,3942.23,3943.23,78
2025-10-29 05:33:00,3943.49,3946.04,3943.04,3944.51,77
2025-10-29 05:34:00,3944.43,3944.43,3941.64,3941.77,69
2025-10-29 05:35:00,3941.72,3944.42,3941.67,3944.3,63
2025-10-29 05:36:00,3944.27,3944.27,3941.51,3941.63,57
2025-10-29 05:37:00,3941.53,3942.52,3940.66,3940.66,65
2025-10-29 05:38:00,3940.79,3941.86,3940.64,3940.64,53
2025-10-29 05:39:00,3940.63,3943.96,3939.78,3943.61,89
2025-10-29 05:40:00,3943.6,3946.08,3943.29,3944.93,86
2025-10-29 05:41:00,3944.97,3946.07,3944.97,3946.03,63
2025-10-29 05:42:00,3945.88,3947.65,3945.81,3946.28,65
2025-10-29 05:43:00,3945.99,3946.35,3942.63,3943.07,78
2025-10-29 05:44:00,3943.08,3944.6,3942.29,3943.49,60
2025-10-29 05:45:00,3943.36,3943.36,3938.32,3939.11,121
2025-10-29 05:46:00,3938.85,3939.51,3936.89,3937.4,129
2025-10-29 05:47:00,3937.62,3939.9,3937.23,3937.3,95
2025-10-29 05:48:00,3937.3,3937.3,3934.54,3937.18,89
2025-10-29 05:49:00,3937.13,3939.43,3937.01,3939.36,75
2025-10-29 05:50:00,3939.32,3940.69,3939.29,3939.35,108
2025-10-29 05:51:00,3939.39,3941.3,3938.29,3938.48,99
2025-10-29 05:52:00,3938.82,3938.95,3935.22,3935.22,105
2025-10-29 05:53:00,3935.27,3937.0,3935.27,3936.1,94
2025-10-29 05:54:00,3936.13,3936.41,3934.51,3935.6,81
2025-10-29 05:55:00,3935.6,3937.15,3935.04,3936.15,70
2025-10-29 05:56:00,3936.16,3937.02,3934.93,3936.2,64
2025-10-29 05:57:00,3936.14,3938.56,3936.14,3936.45,89
2025-10-29 05:58:00,3936.46,3937.02,3933.95,3936.2,79
2025-10-29 05:59:00,3936.85,3937.11,3934.1,3934.1,99
2025-10-29 06:00:00,3934.12,3940.45,3934.08,3938.7,155
2025-10-29 06:01:00,3938.76,3940.78,3938.2,3938.8,103
2025-10-29 06:02:00,3938.84,3940.02,3938.3,3938.3,72
2025-10-29 06:03:00,3937.94,3939.77,3937.94,3939.72,75
2025-10-29 06:04:00,3939.77,3942.79,3939.77,3942.76,82
2025-10-29 06:05:00,3942.67,3943.88,3940.98,3942.78,141
2025-10-29 06:06:00,3942.91,3944.11,3942.6,3944.07,61
2025-10-29 06:07:00,3944.13,3944.87,3943.48,3944.12,75
2025-10-29 06:08:00,3944.09,3944.21,3943.05,3944.21,50
2025-10-29 06:09:00,3944.33,3945.0,3944.12,3944.97,67
2025-10-29 06:10:00,3944.99,3948.09,3944.93,3946.16,108
2025-10-29 06:11:00,3946.27,3948.71,3944.76,3948.17,91
2025-10-29 06:12:00,3948.22,3949.16,3947.15,3947.23,101
2025-10-29 06:13:00,3946.93,3948.98,3946.82,3948.95,85
2025-10-29 06:14:00,3949.02,3949.09,3946.99,3947.53,68
2025-10-29 06:15:00,3947.5,3947.92,3947.47,3947.86,55
2025-10-29 06:16:00,3947.74,3948.47,3947.11,3947.82,60
2025-10-29 06:17:00,3947.81,3950.1,3947.81,3949.7,78
2025-10-29 06:18:00,3949.71,3950.13,3949.48,3949.83,55
2025-10-29 06:19:00,3949.46,3953.48,3948.97,3953.34,89
2025-10-29 06:20:00,3953.4,3954.16,3950.64,3950.8,107
2025-10-29 06:21:00,3950.78,3952.22,3950.66,3951.38,51
2025-10-29 06:22:00,3951.39,3951.51,3950.69,3951.09,49
2025-10-29 06:23:00,3950.63,3953.06,3950.57,3952.85,64
2025-10-29 06:24:00,3952.77,3953.1,3952.1,3952.82,51
2025-10-29 06:25:00,3952.82,3953.89,3952.74,3952.84,55
2025-10-29 06:26:00,3952.85,3952.85,3950.9,3951.64,67
2025-10-29 06:27:00,3951.69,3951.99,3951.03,3951.03,36
2025-10-29 06:28:00,3951.52,3951.73,3950.88,3950.95,38
2025-10-29 06:29:00,3951.06,3951.28,3950.96,3951.09,31
2025-10-29 06:30:00,3951.08,3952.0,3950.64,3952.0,41
2025-10-29 06:31:00,3952.25,3952.39,3951.53,3951.88,52
2025-10-29 06:32:00,3951.85,3951.85,3950.28,3950.46,50
2025-10-29 06:33:00,3950.53,3951.41,3950.53,3950.79,39
2025-10-29 06:34:00,3950.73,3951.06,3950.47,3950.49,39
2025-10-29 06:35:00,3949.57,3949.58,3948.18,3948.18,80
2025-10-29 06:36:00,3948.17,3948.65,3947.44,3948.18,64
2025-10-29 06:37:00,3948.17,3948.69,3947.99,3948.36,36
2025-10-29 06:38:00,3948.22,3949.98,3948.13,3949.93,69
2025-10-29 06:39:00,3949.88,3951.33,3949.64,3949.67,83
2025-10-29 06:40:00,3949.46,3949.84,3948.26,3948.56,59
2025-10-29 06:41:00,3948.57,3950.88,3948.52,3950.04,49
2025-10-29 06:42:00,3950.35,3953.76,3949.74,3953.76,60
2025-10-29 06:43:00,3954.26,3958.77,3954.26,3958.41,143
2025-10-29 06:44:00,3958.24,3959.85,3956.55,3959.85,157
2025-10-29 06:45:00,3959.75,3961.04,3957.19,3958.43,142
2025-10-29 06:46:00,3958.39,3958.56,3955.52,3955.83,100
2025-10-29 06:47:00,3955.84,3956.52,3955.23,3955.59,101
2025-10-29 06:48:00,3955.54,3956.42,3955.2,3956.42,86
2025-10-29 06:49:00,3956.4,3959.15,3956.35,3957.61,97
2025-10-29 06:50:00,3957.86,3958.92,3957.5,3958.74,69
2025-10-29 06:51:00,3958.73,3959.25,3957.59,3959.02,64
2025-10-29 06:52:00,3959.27,3959.57,3958.22,3958.86,103
2025-10-29 06:53:00,3958.91,3961.64,3958.9,3960.56,114
2025-10-29 06:54:00,3960.52,3962.07,3959.82,3960.39,138
2025-10-29 06:55:00,3960.27,3963.75,3960.18,3963.4,123
2025-10-29 06:56:00,3963.37,3965.07,3962.34,3964.71,118
2025-10-29 06:57:00,3964.49,3967.74,3962.73,3966.39,157
2025-10-29 06:58:00,3965.91,3966.61,3964.17,3965.93,153
2025-10-29 06:59:00,3965.88,3965.96,3962.95,3964.87,154
2025-10-29 07:00:00,3964.49,3965.71,3961.25,3964.68,195
2025-10-29 07:01:00,3964.58,3966.6,3962.74,3965.42,164
2025-10-29 07:02:00,3965.39,3967.52,3964.95,3966.4,138
2025-10-29 07:03:00,3966.76,3967.03,3965.04,3966.59,113
2025-10-29 07:04:00,3966.57,3969.1,3966.26,3968.95,134
2025-10-29 07:05:00,3968.89,3968.97,3966.52,3966.91,136
2025-10-29 07:06:00,3966.9,3968.52,3965.42,3965.42,142
2025-10-29 07:07:00,3965.25,3967.73,3965.22,3966.97,124
2025-10-29 07:08:00,3966.55,3967.43,3964.5,3965.4,106
2025-10-29 07:09:00,3965.38,3965.55,3962.11,3962.11,116
2025-10-29 07:10:00,3961.98,3962.08,3959.16,3959.97,192
2025-10-29 07:11:00,3959.96,3962.52,3959.94,3962.52,120
2025-10-29 07:12:00,3962.24,3965.99,3961.97,3965.96,140
2025-10-29 07:13:00,3965.91,3966.77,3963.28,3963.39,148
2025-10-29 07:14:00,3963.28,3963.28,3960.84,3961.9,120
2025-10-29 07:15:00,3961.94,3962.44,3960.94,3960.94,100
2025-10-29 07:16:00,3960.92,3961.59,3960.02,3960.02,102
2025-10-29 07:17:00,3960.01,3965.05,3959.67,3964.0,149
2025-10-29 07:18:00,3963.99,3965.12,3963.17,3964.92,106
2025-10-29 07:19:00,3965.37,3967.04,3965.13,3967.04,120
2025-10-29 07:20:00,3967.05,3967.15,3964.8,3965.89,97
2025-10-29 07:21:00,3965.92,3966.74,3965.92,3966.54,86
2025-10-29 07:22:00,3966.44,3968.31,3966.44,3968.06,83
2025-10-29 07:23:00,3968.04,3968.69,3967.88,3968.67,87
2025-10-29 07:24:00,3968.71,3970.37,3967.62,3969.57,110
2025-10-29 07:25:00,3969.49,3969.68,3967.56,3967.92,115
2025-10-29 07:26:00,3967.83,3967.91,3965.18,3965.18,85
2025-10-29 07:27:00,3965.23,3968.66,3964.63,3968.66,100
2025-10-29 07:28:00,3968.83,3970.48,3968.7,3970.46,98
2025-10-29 07:29:00,3970.53,3972.01,3969.68,3970.97,124
2025-10-29 07:30:00,3970.93,3971.6,3967.14,3969.59,194
2025-10-29 07:31:00,3969.62,3971.5,3969.54,3971.23,110
2025-10-29 07:32:00,3971.28,3972.18,3971.1,3971.83,105
2025-10-29 07:33:00,3971.82,3972.2,3970.96,3970.96,132
2025-10-29 07:34:00,3970.98,3971.92,3970.97,3971.67,119
2025-10-29 07:35:00,3971.6,3972.05,3971.18,3971.75,120
2025-10-29 07:36:00,3972.19,3972.93,3971.38,3971.96,154
2025-10-29 07:37:00,3971.9,3973.2,3971.84,3973.1,117
2025-10-29 07:38:00,3972.77,3973.42,3972.56,3972.58,120
2025-10-29 07:39:00,3972.6,3975.09,3972.55,3975.04,149
2025-10-29 07:40:00,3975.12,3977.56,3975.06,3976.62,188
2025-10-29 07:41:00,3976.63,3980.95,3976.63,3980.85,198
2025-10-29 07:42:00,3980.86,3980.87,3978.63,3979.79,167
2025-10-29 07:43:00,3979.84,3982.36,3978.79,3981.74,166
2025-10-29 07:44:00,3981.67,3982.22,3980.08,3981.67,154
2025-10-29 07:45:00,3981.55,3982.25,3980.78,3980.97,168
2025-10-29 07:46:00,3980.93,3981.44,3980.26,3980.52,136
2025-10-29 07:47:00,3980.54,3980.92,3979.88,3980.03,137
2025-10-29 07:48:00,3980.28,3980.81,3978.57,3979.94,160
2025-10-29 07:49:00,3980.19,3980.19,3977.07,3978.23,130
2025-10-29 07:50:00,3978.26,3978.57,3975.85,3975.9,161
2025-10-29 07:51:00,3976.0,3976.0,3974.2,3974.21,142
2025-10-29 07:52:00,3974.53,3974.79,3972.4,3973.01,145
2025-10-29 07:53:00,3973.02,3975.37,3972.8,3975.07,154
2025-10-29 07:54:00,3975.05,3975.59,3973.73,3975.42,159
2025-10-29 07:55:00,3975.34,3975.99,3974.83,3975.71,126
2025-10-29 07:56:00,3975.47,3977.13,3974.81,3977.05,130
2025-10-29 07:57:00,3977.03,3977.36,3973.87,3974.56,136
2025-10-29 07:58:00,3974.48,3975.29,3973.62,3974.0,143
2025-10-29 07:59:00,3973.98,3976.0,3973.86,3975.85,110
2025-10-29 08:00:00,3975.24,3977.95,3974.82,3975.96,236
2025-10-29 08:01:00,3975.59,3978.22,3974.22,3975.63,211
2025-10-29 08:02:00,3975.84,3976.97,3975.21,3976.92,197
2025-10-29 08:03:00,3977.01,3977.81,3975.41,3977.09,190
2025-10-29 08:04:00,3977.1,3977.38,3973.92,3974.15,150
2025-10-29 08:05:00,3974.21,3975.13,3970.76,3970.87,178
2025-10-29 08:06:00,3970.95,3971.98,3968.76,3970.01,188
2025-10-29 08:07:00,3970.09,3971.07,3969.09,3970.91,179
2025-10-29 08:08:00,3970.9,3974.24,3970.86,3973.5,195
2025-10-29 08:09:00,3973.48,3978.87,3972.8,3977.86,206
2025-10-29 08:10:00,3978.01,3979.68,3976.13,3979.18,184
2025-10-29 08:11:00,3979.26,3979.36,3976.86,3977.26,170
2025-10-29 08:12:00,3977.74,3979.5,3976.77,3979.17,158
2025-10-29 08:13:00,3979.15,3979.82,3978.11,3978.73,122
2025-10-29 08:14:00,3978.72,3978.9,3976.77,3977.13,145
2025-10-29 08:15:00,3977.16,3978.22,3973.2,3974.19,176
2025-10-29 08:16:00,3974.16,3975.71,3974.08,3975.64,158
2025-10-29 08:17:00,3975.69,3976.35,3974.16,3976.12,127
2025-10-29 08:18:00,3976.07,3978.25,3975.56,3977.67,130
2025-10-29 08:19:00,3977.61,3977.63,3975.32,3976.33,147
2025-10-29 08:20:00,3976.17,3977.58,3976.04,3977.48,132
2025-10-29 08:21:00,3977.53,3978.87,3975.32,3976.93,174
2025-10-29 08:22:00,3976.8,3979.24,3976.8,3979.13,140
2025-10-29 08:23:00,3979.27,3979.27,3977.04,3979.06,148
2025-10-29 08:24:00,3978.89,3979.08,3977.18,3977.45,134
2025-10-29 08:25:00,3977.46,3977.78,3976.09,3976.55,138
2025-10-29 08:26:00,3976.51,3976.69,3975.02,3975.09,151
2025-10-29 08:27:00,3974.99,3976.1,3974.65,3975.82,182
2025-10-29 08:28:00,3975.91,3975.96,3972.74,3972.87,121
2025-10-29 08:29:00,3972.66,3974.14,3972.58,3973.39,132
2025-10-29 08:30:00,3973.3,3974.72,3971.14,3971.74,142
2025-10-29 08:31:00,3970.61,3973.8,3970.27,3972.15,171
2025-10-29 08:32:00,3971.88,3973.28,3970.65,3972.96,154
2025-10-29 08:33:00,3972.78,3972.78,3969.41,3970.13,133
2025-10-29 08:34:00,3970.12,3971.08,3969.06,3970.55,147
2025-10-29 08:35:00,3970.55,3973.96,3969.53,3973.64,172
2025-10-29 08:36:00,3973.65,3973.72,3969.91,3970.72,165
2025-10-29 08:37:00,3970.85,3973.1,3970.85,3972.27,152
2025-10-29 08:38:00,3972.47,3973.06,3971.75,3971.97,144
2025-10-29 08:39:00,3972.02,3972.21,3969.6,3969.63,111
2025-10-29 08:40:00,3969.67,3969.89,3966.3,3966.38,192
2025-10-29 08:41:00,3966.39,3970.14,3966.21,3969.31,201
2025-10-29 08:42:00,3969.3,3970.05,3967.7,3968.1,179
2025-10-29 08:43:00,3968.63,3969.67,3967.65,3968.49,167
2025-10-29 08:44:00,3968.48,3968.52,3966.33,3967.65,159
2025-10-29 08:45:00,3967.5,3972.99,3967.22,3972.72,186
2025-10-29 08:46:00,3972.74,3975.61,3972.18,3975.08,241
2025-10-29 08:47:00,3975.07,3977.21,3974.82,3976.42,229
2025-10-29 08:48:00,3976.43,3976.46,3974.21,3974.42,135
2025-10-29 08:49:00,3974.3,3974.3,3972.15,3972.46,121
2025-10-29 08:50:00,3972.46,3974.91,3971.73,3973.12,140
2025-10-29 08:51:00,3973.06,3974.76,3972.95,3974.54,107
2025-10-29 08:52:00,3974.58,3975.5,3973.96,3974.61,104
2025-10-29 08:53:00,3974.53,3975.17,3973.52,3974.91,120
2025-10-29 08:54:00,3975.03,3976.06,3974.9,3975.65,90
2025-10-29 08:55:00,3975.69,3976.71,3974.8,3975.35,161
2025-10-29 08:56:00,3975.38,3975.38,3973.34,3973.37,123
2025-10-29 08:57:00,3973.35,3973.68,3971.62,3973.27,119
2025-10-29 08:58:00,3973.24,3974.61,3973.1,3974.29,102
2025-10-29 08:59:00,3974.28,3974.5,3973.69,3973.71,85
2025-10-29 09:00:00,3973.51,3974.38,3972.57,3973.98,105
2025-10-29 09:01:00,3973.96,3973.97,3969.82,3970.13,124
2025-10-29 09:02:00,3970.12,3971.46,3969.64,3971.18,142
2025-10-29 09:03:00,3971.03,3971.91,3970.44,3970.58,110
2025-10-29 09:04:00,3970.57,3970.71,3969.16,3969.76,146
2025-10-29 09:05:00,3969.84,3971.3,3969.77,3970.27,120
2025-10-29 09:06:00,3970.29,3971.83,3970.19,3970.24,105
2025-10-29 09:07:00,3970.15,3971.42,3969.35,3970.99,123
2025-10-29 09:08:00,3970.97,3972.75,3970.89,3972.66,120
2025-10-29 09:09:00,3972.6,3973.31,3970.84,3971.61,134
2025-10-29 09:10:00,3971.62,3972.04,3966.43,3967.69,140
2025-10-29 09:11:00,3967.7,3968.7,3966.72,3967.65,150
2025-10-29 09:12:00,3967.93,3968.0,3965.51,3966.72,162
2025-10-29 09:13:00,3966.66,3967.89,3966.52,3967.39,142
2025-10-29 09:14:00,3967.35,3967.85,3966.49,3966.83,109
2025-10-29 09:15:00,3966.86,3968.03,3965.16,3966.81,151
2025-10-29 09:16:00,3966.71,3969.33,3966.01,3969.32,120
2025-10-29 09:17:00,3969.33,3969.78,3968.67,3969.2,138
2025-10-29 09:18:00,3969.22,3970.07,3967.4,3967.63,133
2025-10-29 09:19:00,3967.62,3969.04,3967.03,3968.47,118
2025-10-29 09:20:00,3968.42,3968.48,3964.82,3965.57,132
2025-10-29 09:21:00,3965.58,3966.11,3964.47,3965.27,129
2025-10-29 09:22:00,3965.2,3965.3,3962.46,3964.19,177
2025-10-29 09:23:00,3964.19,3966.63,3964.09,3964.93,165
2025-10-29 09:24:00,3964.82,3966.31,3964.73,3965.69,111
2025-10-29 09:25:00,3965.67,3965.82,3964.92,3965.65,116
2025-10-29 09:26:00,3965.64,3965.9,3964.12,3964.93,134
2025-10-29 09:27:00,3964.92,3965.74,3964.29,3964.73,148
2025-10-29 09:28:00,3964.71,3965.34,3964.42,3965.17,103
2025-10-29 09:29:00,3965.21,3965.22,3963.23,3963.53,91
2025-10-29 09:30:00,3963.54,3964.79,3962.17,3963.12,195
2025-10-29 09:31:00,3963.31,3963.47,3959.45,3960.24,164
2025-10-29 09:32:00,3960.73,3961.26,3954.45,3956.29,203
2025-10-29 09:33:00,3956.98,3958.11,3954.94,3955.43,214
2025-10-29 09:34:00,3955.46,3955.77,3951.96,3955.77,221
2025-10-29 09:35:00,3955.7,3955.83,3947.0,3947.33,243
2025-10-29 09:36:00,3947.88,3950.21,3944.07,3947.81,246
2025-10-29 09:37:00,3948.01,3950.18,3947.68,3950.12,206
2025-10-29 09:38:00,3950.6,3953.71,3950.52,3953.51,182
2025-10-29 09:39:00,3953.52,3953.52,3951.35,3953.07,139
2025-10-29 09:40:00,3952.99,3953.11,3948.7,3951.45,175
2025-10-29 09:41:00,3951.27,3953.9,3951.12,3953.27,144
2025-10-29 09:42:00,3953.1,3955.38,3951.83,3955.36,116
2025-10-29 09:43:00,3955.37,3956.05,3954.08,3954.5,138
2025-10-29 09:44:00,3954.56,3955.24,3953.56,3954.36,119
2025-10-29 09:45:00,3954.39,3955.56,3953.73,3954.66,119
2025-10-29 09:46:00,3954.67,3954.93,3952.71,3952.91,124
2025-10-29 09:47:00,3952.94,3953.94,3951.56,3953.53,181
2025-10-29 09:48:00,3953.43,3956.32,3952.84,3956.15,148
2025-10-29 09:49:00,3956.23,3959.32,3956.09,3959.32,209
2025-10-29 09:50:00,3959.29,3960.48,3958.36,3959.51,174
2025-10-29 09:51:00,3959.19,3959.35,3956.63,3957.29,116
2025-10-29 09:52:00,3957.37,3958.84,3957.22,3957.4,115
2025-10-29 09:53:00,3957.39,3957.69,3956.03,3957.29,121
2025-10-29 09:54:00,3957.3,3957.68,3956.7,3957.18,82
2025-10-29 09:55:00,3957.22,3958.13,3956.7,3958.12,122
2025-10-29 09:56:00,3957.6,3958.57,3957.19,3957.64,122
2025-10-29 09:57:00,3957.28,3958.62,3957.28,3958.57,151
2025-10-29 09:58:00,3958.94,3959.5,3958.73,3958.83,143
2025-10-29 09:59:00,3958.99,3961.58,3958.7,3961.22,150
2025-10-29 10:00:00,3961.34,3963.59,3961.15,3963.12,173
2025-10-29 10:01:00,3963.19,3963.48,3962.82,3963.11,114
2025-10-29 10:02:00,3962.97,3962.97,3960.99,3962.55,120
2025-10-29 10:03:00,3962.56,3962.61,3960.28,3960.73,108
2025-10-29 10:04:00,3960.53,3962.69,3960.53,3962.11,116
2025-10-29 10:05:00,3962.09,3964.17,3962.0,3963.48,134
2025-10-29 10:06:00,3963.5,3963.67,3962.0,3963.03,108
2025-10-29 10:07:00,3962.95,3963.93,3962.31,3962.49,93
2025-10-29 10:08:00,3962.46,3963.17,3962.31,3963.1,86
2025-10-29 10:09:00,3963.15,3963.15,3960.11,3960.43,153
2025-10-29 10:10:00,3960.57,3961.41,3959.61,3960.88,155
2025-10-29 10:11:00,3960.86,3962.17,3960.35,3960.53,110
2025-10-29 10:12:00,3960.58,3960.86,3958.89,3960.32,126
2025-10-29 10:13:00,3960.35,3960.35,3958.92,3959.53,136
2025-10-29 10:14:00,3959.65,3959.8,3958.92,3959.03,118
2025-10-29 10:15:00,3959.06,3960.81,3958.62,3960.49,95
2025-10-29 10:16:00,3960.99,3961.56,3959.08,3960.35,138
2025-10-29 10:17:00,3960.31,3961.34,3959.59,3960.27,134
2025-10-29 10:18:00,3960.24,3963.41,3960.21,3962.72,148
2025-10-29 10:19:00,3962.69,3965.05,3962.6,3963.15,191
2025-10-29 10:20:00,3963.17,3964.07,3960.97,3961.25,181
2025-10-29 10:21:00,3961.39,3963.65,3961.25,3963.59,137
2025-10-29 10:22:00,3963.68,3965.79,3963.37,3964.94,140
2025-10-29 10:23:00,3965.29,3968.47,3965.19,3968.34,154
2025-10-29 10:24:00,3968.28,3969.82,3967.59,3969.39,180
2025-10-29 10:25:00,3969.42,3970.38,3968.94,3969.49,143
2025-10-29 10:26:00,3968.93,3969.99,3966.8,3966.93,180
2025-10-29 10:27:00,3967.07,3967.29,3964.61,3965.48,157
2025-10-29 10:28:00,3965.51,3966.4,3965.19,3965.97,74
2025-10-29 10:29:00,3965.98,3966.35,3964.25,3964.91,84
2025-10-29 10:30:00,3964.75,3966.17,3963.19,3965.95,128
2025-10-29 10:31:00,3965.94,3967.81,3965.94,3966.87,129
2025-10-29 10:32:00,3966.6,3967.53,3965.98,3967.43,99
2025-10-29 10:33:00,3967.48,3968.42,3967.2,3967.63,108
2025-10-29 10:34:00,3967.71,3968.11,3966.82,3967.49,97
2025-10-29 10:35:00,3967.48,3969.79,3967.48,3969.67,115
2025-10-29 10:36:00,3969.68,3970.01,3969.25,3969.69,100
2025-10-29 10:37:00,3969.67,3971.17,3968.87,3970.7,116
2025-10-29 10:38:00,3970.66,3971.04,3969.98,3970.65,77
2025-10-29 10:39:00,3970.58,3971.73,3969.92,3971.19,103
2025-10-29 10:40:00,3971.1,3972.07,3969.69,3972.04,148
2025-10-29 10:41:00,3972.04,3972.06,3969.43,3970.05,128
2025-10-29 10:42:00,3970.34,3970.54,3969.68,3970.14,77
2025-10-29 10:43:00,3970.13,3970.63,3969.55,3969.6,101
2025-10-29 10:44:00,3969.61,3969.93,3969.28,3969.63,88
2025-10-29 10:45:00,3969.76,3970.57,3969.12,3969.49,83
2025-10-29 10:46:00,3969.48,3969.81,3968.32,3969.47,71
2025-10-29 10:47:00,3969.42,3970.74,3969.42,3969.96,97
2025-10-29 10:48:00,3969.96,3970.33,3969.94,3970.04,63
2025-10-29 10:49:00,3970.28,3970.28,3969.59,3969.81,66
2025-10-29 10:50:00,3969.89,3970.46,3969.6,3969.78,46
2025-10-29 10:51:00,3969.78,3969.84,3969.3,3969.51,41
2025-10-29 10:52:00,3969.54,3969.54,3968.5,3968.52,63
2025-10-29 10:53:00,3968.61,3969.42,3966.96,3967.23,80
2025-10-29 10:54:00,3967.34,3967.37,3965.74,3966.84,115
2025-10-29 10:55:00,3966.89,3967.61,3966.76,3967.27,102
2025-10-29 10:56:00,3967.19,3967.95,3965.25,3965.74,102
2025-10-29 10:57:00,3965.76,3966.34,3965.51,3966.03,119
2025-10-29 10:58:00,3965.97,3965.98,3963.53,3963.59,125
2025-10-29 10:59:00,3963.63,3963.81,3962.57,3963.39,125
2025-10-29 11:00:00,3963.49,3963.49,3962.26,3962.97,79
2025-10-29 11:01:00,3963.05,3963.79,3963.05,3963.49,70
2025-10-29 11:02:00,3963.54,3964.05,3963.4,3963.43,69
2025-10-29 11:03:00,3963.47,3963.47,3962.59,3962.61,71
2025-10-29 11:04:00,3962.62,3962.93,3962.2,3962.77,86
2025-10-29 11:05:00,3962.73,3962.99,3960.72,3960.72,69
2025-10-29 11:06:00,3960.69,3961.13,3959.71,3961.12,134
2025-10-29 11:07:00,3961.15,3961.65,3960.87,3961.4,82
2025-10-29 11:08:00,3961.4,3961.7,3960.01,3960.41,81
2025-10-29 11:09:00,3960.42,3962.99,3960.39,3962.8,91
2025-10-29 11:10:00,3962.78,3964.89,3962.78,3964.25,117
2025-10-29 11:11:00,3964.26,3964.8,3961.61,3961.97,114
2025-10-29 11:12:00,3961.98,3962.3,3960.09,3960.25,112
2025-10-29 11:13:00,3960.28,3960.35,3956.31,3956.95,155
2025-10-29 11:14:00,3956.87,3957.93,3955.67,3955.9,184
2025-10-29 11:15:00,3955.89,3956.51,3953.74,3954.25,182
2025-10-29 11:16:00,3954.17,3960.39,3953.71,3960.37,185
2025-10-29 11:17:00,3960.31,3961.78,3957.71,3957.71,148
2025-10-29 11:18:00,3957.73,3959.61,3957.48,3958.44,105
2025-10-29 11:19:00,3958.48,3959.07,3957.13,3958.86,110
2025-10-29 11:20:00,3958.88,3959.17,3957.93,3959.15,101
2025-10-29 11:21:00,3958.87,3959.89,3958.82,3959.33,71
2025-10-29 11:22:00,3959.02,3959.18,3957.75,3959.17,73
2025-10-29 11:23:00,3959.16,3959.17,3957.35,3958.0,88
2025-10-29 11:24:00,3958.07,3958.38,3957.26,3957.34,99
2025-10-29 11:25:00,3957.32,3957.47,3954.26,3955.52,117
2025-10-29 11:26:00,3955.51,3956.26,3951.83,3952.66,156
2025-10-29 11:27:00,3952.7,3953.79,3951.08,3953.13,126
2025-10-29 11:28:00,3953.24,3953.69,3951.58,3952.78,124
2025-10-29 11:29:00,3952.84,3953.59,3952.06,3953.4,101
2025-10-29 11:30:00,3953.43,3953.78,3952.43,3953.05,93
2025-10-29 11:31:00,3953.03,3955.5,3952.91,3955.49,77
2025-10-29 11:32:00,3955.41,3955.58,3954.55,3954.58,173
2025-10-29 11:33:00,3954.59,3956.91,3954.34,3956.69,217
2025-10-29 11:34:00,3956.68,3956.95,3955.36,3956.76,169
2025-10-29 11:35:00,3956.74,3957.33,3955.81,3956.89,174
2025-10-29 11:36:00,3956.88,3958.83,3956.53,3958.44,111
2025-10-29 11:37:00,3958.53,3959.34,3957.98,3958.81,114
2025-10-29 11:38:00,3958.48,3958.8,3957.41,3958.16,74
2025-10-29 11:39:00,3958.21,3958.25,3956.66,3956.66,91
2025-10-29 11:40:00,3956.67,3957.72,3956.46,3957.72,61
2025-10-29 11:41:00,3957.76,3959.85,3957.76,3959.67,97
2025-10-29 11:42:00,3959.67,3959.97,3958.47,3958.72,94
2025-10-29 11:43:00,3958.59,3960.01,3958.0,3959.88,92
2025-10-29 11:44:00,3959.85,3960.02,3958.92,3958.98,60
2025-10-29 11:45:00,3959.12,3959.33,3956.65,3956.65,109
2025-10-29 11:46:00,3956.62,3957.85,3956.33,3956.7,90
2025-10-29 11:47:00,3956.8,3957.49,3954.68,3954.89,90
2025-10-29 11:48:00,3954.8,3955.4,3953.93,3953.98,98
2025-10-29 11:49:00,3953.86,3955.98,3953.33,3955.53,90
2025-10-29 11:50:00,3955.54,3956.52,3955.3,3955.45,67
2025-10-29 11:51:00,3955.4,3957.83,3954.94,3957.76,107
2025-10-29 11:52:00,3957.3,3957.41,3956.71,3957.11,51
2025-10-29 11:53:00,3957.08,3957.08,3956.03,3956.12,74
2025-10-29 11:54:00,3956.1,3956.12,3954.76,3954.82,55
2025-10-29 11:55:00,3954.79,3954.84,3951.7,3952.66,128
2025-10-29 11:56:00,3952.67,3954.43,3952.54,3954.14,99
2025-10-29 11:57:00,3954.08,3954.1,3952.64,3953.63,73
2025-10-29 11:58:00,3953.62,3954.36,3952.55,3952.79,56
2025-10-29 11:59:00,3953.05,3953.06,3951.92,3952.04,75
2025-10-29 12:00:00,3951.72,3953.95,3951.01,3952.57,162
2025-10-29 12:01:00,3952.61,3953.05,3951.44,3951.44,109
2025-10-29 12:02:00,3951.75,3955.81,3951.75,3955.77,118
2025-10-29 12:03:00,3956.21,3959.49,3956.21,3958.54,142
2025-10-29 12:04:00,3958.59,3963.1,3957.93,3963.01,128
2025-10-29 12:05:00,3962.98,3963.43,3960.89,3961.03,172
2025-10-29 12:06:00,3961.05,3963.32,3959.84,3960.94,164
2025-10-29 12:07:00,3960.93,3960.93,3959.59,3960.0,151
2025-10-29 12:08:00,3959.99,3960.11,3958.65,3959.39,107
2025-10-29 12:09:00,3959.36,3959.45,3956.23,3956.34,119
2025-10-29 12:10:00,3956.21,3956.9,3954.71,3955.38,104
2025-10-29 12:11:00,3955.36,3955.36,3951.94,3952.71,146
2025-10-29 12:12:00,3952.73,3953.83,3951.39,3951.4,149
2025-10-29 12:13:00,3951.39,3952.49,3951.21,3952.02,124
2025-10-29 12:14:00,3952.06,3955.94,3951.67,3955.73,119
2025-10-29 12:15:00,3955.86,3957.22,3953.59,3954.55,140
2025-10-29 12:16:00,3954.6,3958.53,3954.6,3958.53,134
2025-10-29 12:17:00,3958.52,3959.68,3957.45,3958.79,162
2025-10-29 12:18:00,3958.81,3960.78,3958.81,3960.55,108
2025-10-29 12:19:00,3960.58,3960.72,3959.79,3960.36,113
2025-10-29 12:20:00,3960.37,3960.74,3959.01,3959.1,100
2025-10-29 12:21:00,3958.77,3960.11,3958.45,3959.55,66
2025-10-29 12:22:00,3959.44,3959.67,3958.72,3958.82,72
2025-10-29 12:23:00,3958.89,3960.36,3958.29,3958.5,87
2025-10-29 12:24:00,3958.43,3960.1,3958.4,3960.04,81
2025-10-29 12:25:00,3959.99,3960.22,3958.3,3958.55,72
2025-10-29 12:26:00,3958.56,3958.79,3957.7,3958.19,98
2025-10-29 12:27:00,3957.97,3958.73,3957.47,3958.0,76
2025-10-29 12:28:00,3957.94,3958.4,3957.26,3957.72,111
2025-10-29 12:29:00,3957.7,3958.69,3957.44,3957.84,118
2025-10-29 12:30:00,3957.89,3958.05,3954.17,3955.77,236
2025-10-29 12:31:00,3955.83,3960.96,3955.36,3960.51,198
2025-10-29 12:32:00,3960.69,3961.39,3959.99,3961.1,144
2025-10-29 12:33:00,3961.37,3961.94,3958.98,3961.01,150
2025-10-29 12:34:00,3960.96,3965.91,3960.95,3965.8,155
2025-10-29 12:35:00,3965.72,3966.2,3963.41,3965.22,172
2025-10-29 12:36:00,3965.23,3965.64,3963.61,3964.79,141
2025-10-29 12:37:00,3964.8,3964.8,3963.75,3963.98,125
2025-10-29 12:38:00,3963.97,3964.83,3962.87,3964.66,139
2025-10-29 12:39:00,3964.7,3965.09,3963.3,3964.02,102
2025-10-29 12:40:00,3963.83,3964.65,3963.26,3964.1,88
2025-10-29 12:41:00,3964.12,3965.17,3963.91,3964.35,83
2025-10-29 12:42:00,3964.36,3964.52,3962.94,3963.76,97
2025-10-29 12:43:00,3963.79,3963.82,3962.43,3962.87,123
2025-10-29 12:44:00,3962.8,3965.03,3962.76,3965.03,110
2025-10-29 12:45:00,3965.05,3965.71,3962.54,3962.99,132
2025-10-29 12:46:00,3963.0,3963.81,3962.74,3963.72,116
2025-10-29 12:47:00,3963.77,3963.84,3963.2,3963.54,72
2025-10-29 12:48:00,3963.49,3963.49,3960.83,3962.05,113
2025-10-29 12:49:00,3962.06,3962.4,3961.02,3961.42,115
2025-10-29 12:50:00,3961.32,3964.83,3960.21,3964.47,169
2025-10-29 12:51:00,3964.52,3964.72,3962.83,3962.88,135
2025-10-29 12:52:00,3962.85,3963.86,3961.97,3963.7,121
2025-10-29 12:53:00,3963.64,3964.32,3960.31,3960.59,106
2025-10-29 12:54:00,3960.79,3961.28,3960.13,3961.02,90
2025-10-29 12:55:00,3960.84,3961.26,3959.69,3960.14,112
2025-10-29 12:56:00,3960.03,3961.29,3957.89,3958.98,181
2025-10-29 12:57:00,3959.02,3963.44,3958.91,3963.02,168
2025-10-29 12:58:00,3963.13,3964.13,3961.56,3962.03,127
2025-10-29 12:59:00,3962.05,3963.1,3961.22,3962.7,75
2025-10-29 13:00:00,3962.68,3963.51,3961.93,3963.17,147
2025-10-29 13:01:00,3963.06,3963.35,3961.24,3961.3,93
2025-10-29 13:02:00,3961.32,3962.41,3960.07,3961.68,123
2025-10-29 13:03:00,3961.58,3964.05,3960.83,3964.05,126
2025-10-29 13:04:00,3964.32,3965.99,3964.29,3965.6,146
2025-10-29 13:05:00,3965.62,3967.19,3965.62,3967.08,144
2025-10-29 13:06:00,3967.03,3967.13,3965.64,3966.79,122
2025-10-29 13:07:00,3966.78,3968.73,3966.27,3968.43,155
2025-10-29 13:08:00,3968.28,3970.73,3968.02,3969.99,155
2025-10-29 13:09:00,3969.95,3969.95,3967.86,3968.68,164
2025-10-29 13:10:00,3968.65,3969.98,3968.65,3968.85,196
2025-10-29 13:11:00,3968.91,3969.52,3967.08,3967.8,210
2025-10-29 13:12:00,3967.79,3968.14,3966.55,3967.91,211
2025-10-29 13:13:00,3967.87,3969.23,3967.49,3968.41,169
2025-10-29 13:14:00,3968.42,3968.96,3967.74,3968.62,133
2025-10-29 13:15:00,3968.64,3968.73,3968.15,3968.58,147
2025-10-29 13:16:00,3968.66,3969.08,3966.99,3967.7,130
2025-10-29 13:17:00,3967.74,3968.62,3967.16,3968.12,128
2025-10-29 13:18:00,3968.12,3968.61,3967.71,3968.06,111
2025-10-29 13:19:00,3968.02,3968.02,3966.22,3966.33,106
2025-10-29 13:20:00,3966.24,3968.04,3966.23,3967.78,91
2025-10-29 13:21:00,3967.76,3969.04,3966.31,3968.55,124
2025-10-29 13:22:00,3968.56,3970.41,3968.19,3970.31,180
2025-10-29 13:23:00,3970.34,3971.42,3969.2,3969.38,186
2025-10-29 13:24:00,3969.31,3971.44,3968.85,3971.11,153
2025-10-29 13:25:00,3971.15,3974.01,3971.15,3972.37,150
2025-10-29 13:26:00,3972.34,3972.47,3970.51,3970.65,141
2025-10-29 13:27:00,3970.56,3970.9,3969.74,3970.21,124
2025-10-29 13:28:00,3970.13,3971.12,3969.77,3969.98,114
2025-10-29 13:29:00,3969.99,3970.76,3969.6,3970.75,117
2025-10-29 13:30:00,3970.88,3972.57,3970.29,3972.56,143
2025-10-29 13:31:00,3972.53,3972.98,3971.65,3972.66,163
2025-10-29 13:32:00,3972.64,3974.3,3972.23,3974.3,119
2025-10-29 13:33:00,3974.18,3976.17,3974.15,3976.17,186
2025-10-29 13:34:00,3976.19,3978.03,3975.87,3976.63,197
2025-10-29 13:35:00,3976.85,3978.26,3976.55,3977.24,172
2025-10-29 13:36:00,3977.1,3978.48,3976.56,3977.43,152
2025-10-29 13:37:00,3977.44,3978.35,3977.12,3977.94,150
2025-10-29 13:38:00,3977.98,3978.24,3976.5,3976.5,154
2025-10-29 13:39:00,3976.49,3977.47,3976.49,3977.3,135
2025-10-29 13:40:00,3977.66,3977.81,3975.51,3976.06,133
2025-10-29 13:41:00,3976.28,3976.57,3975.67,3976.43,110
2025-10-29 13:42:00,3976.31,3978.55,3975.9,3978.35,121
2025-10-29 13:43:00,3978.36,3980.32,3978.22,3980.14,155
2025-10-29 13:44:00,3980.26,3981.79,3979.22,3981.07,164
2025-10-29 13:45:00,3981.0,3981.52,3980.2,3980.5,199
2025-10-29 13:46:00,3980.68,3983.24,3980.44,3981.97,154
2025-10-29 13:47:00,3981.95,3984.8,3981.95,3982.71,185
2025-10-29 13:48:00,3982.94,3983.93,3981.41,3982.26,171
2025-10-29 13:49:00,3982.22,3982.38,3981.2,3981.51,124
2025-10-29 13:50:00,3981.6,3982.8,3979.16,3979.28,141
2025-10-29 13:51:00,3979.61,3980.07,3978.44,3978.57,115
2025-10-29 13:52:00,3978.59,3978.59,3977.0,3977.4,152
2025-10-29 13:53:00,3977.38,3978.81,3977.36,3977.82,131
2025-10-29 13:54:00,3977.8,3980.26,3977.8,3980.06,136
2025-10-29 13:55:00,3979.94,3979.96,3978.42,3978.71,123
2025-10-29 13:56:00,3978.46,3978.85,3977.51,3977.51,117
2025-10-29 13:57:00,3977.56,3977.58,3974.87,3976.67,180
2025-10-29 13:58:00,3976.68,3978.31,3976.38,3978.3,177
2025-10-29 13:59:00,3978.29,3978.45,3977.62,3978.43,129
2025-10-29 14:00:00,3977.03,3978.52,3975.1,3978.36,189
2025-10-29 14:01:00,3978.33,3979.03,3976.89,3978.7,209
2025-10-29 14:02:00,3978.96,3982.56,3978.96,3981.96,180
2025-10-29 14:03:00,3981.94,3983.2,3981.47,3981.93,183
2025-10-29 14:04:00,3982.32,3984.3,3982.32,3984.04,137
2025-10-29 14:05:00,3984.1,3984.16,3981.37,3983.98,165
2025-10-29 14:06:00,3984.01,3984.49,3983.02,3983.67,144
2025-10-29 14:07:00,3983.59,3984.37,3983.03,3983.89,177
2025-10-29 14:08:00,3983.88,3984.45,3983.38,3983.67,149
2025-10-29 14:09:00,3983.67,3985.34,3983.5,3985.34,103
2025-10-29 14:10:00,3985.6,3989.92,3985.55,3989.19,203
2025-10-29 14:11:00,3988.78,3991.23,3988.41,3991.05,210
2025-10-29 14:12:00,3991.13,3996.11,3990.86,3993.14,249
2025-10-29 14:13:00,3993.11,3997.17,3992.9,3995.77,232
2025-10-29 14:14:00,3995.85,3996.57,3994.22,3995.23,233
2025-10-29 14:15:00,3995.21,3997.65,3994.0,3996.91,177
2025-10-29 14:16:00,3996.92,3998.3,3996.56,3998.05,184
2025-10-29 14:17:00,3998.16,3998.21,3993.86,3993.92,247
2025-10-29 14:18:00,3993.94,3996.65,3993.94,3995.24,232
2025-10-29 14:19:00,3995.23,3997.28,3995.23,3996.99,197
2025-10-29 14:20:00,3997.15,3997.72,3995.16,3996.94,176
2025-10-29 14:21:00,3996.95,3997.42,3995.18,3996.14,143
2025-10-29 14:22:00,3996.16,3996.95,3995.69,3995.74,155
2025-10-29 14:23:00,3995.67,3996.16,3993.43,3993.5,127
2025-10-29 14:24:00,3993.53,3996.78,3993.52,3996.15,161
2025-10-29 14:25:00,3996.16,3997.21,3995.31,3997.04,154
2025-10-29 14:26:00,3997.07,3997.31,3995.09,3996.04,175
2025-10-29 14:27:00,3996.07,3998.12,3996.06,3997.91,132
2025-10-29 14:28:00,3997.94,3998.62,3997.74,3998.57,173
2025-10-29 14:29:00,3998.6,3998.6,3996.16,3996.65,199
2025-10-29 14:30:00,3996.7,3997.43,3994.32,3995.86,193
2025-10-29 14:31:00,3995.83,3995.83,3992.69,3993.86,190
2025-10-29 14:32:00,3993.95,3994.28,3991.93,3992.73,185
2025-10-29 14:33:00,3992.76,3995.24,3992.72,3994.37,172
2025-10-29 14:34:00,3994.38,3995.26,3993.46,3993.46,144
2025-10-29 14:35:00,3993.5,3994.61,3992.06,3992.08,142
2025-10-29 14:36:00,3992.18,3992.46,3991.67,3992.38,128
2025-10-29 14:37:00,3992.37,3992.58,3990.36,3990.7,125
2025-10-29 14:38:00,3990.72,3992.24,3989.85,3991.53,160
2025-10-29 14:39:00,3991.51,3991.85,3990.31,3991.22,152
2025-10-29 14:40:00,3991.34,3994.03,3990.31,3993.89,180
2025-10-29 14:41:00,3993.85,3994.72,3993.82,3994.63,135
2025-10-29 14:42:00,3994.64,3994.78,3994.19,3994.78,105
2025-10-29 14:43:00,3994.73,3997.1,3994.15,3996.65,136
2025-10-29 14:44:00,3996.6,3996.63,3994.63,3995.26,159
2025-10-29 14:45:00,3995.06,3995.51,3993.79,3994.11,126
2025-10-29 14:46:00,3994.02,3994.37,3991.48,3992.16,155
2025-10-29 14:47:00,3992.02,3993.43,3991.37,3992.61,125
2025-10-29 14:48:00,3992.51,3994.18,3991.96,3993.84,115
2025-10-29 14:49:00,3993.56,3996.24,3993.36,3996.24,117
2025-10-29 14:50:00,3996.3,3996.42,3994.79,3995.45,167
2025-10-29 14:51:00,3995.38,3996.49,3994.93,3996.49,141
2025-10-29 14:52:00,3996.5,3996.5,3995.06,3995.43,103
2025-10-29 14:53:00,3995.38,3996.57,3995.01,3996.28,120
2025-10-29 14:54:00,3996.23,3998.19,3995.47,3998.19,157
2025-10-29 14:55:00,3998.23,3998.79,3996.93,3998.75,130
2025-10-29 14:56:00,3998.64,3999.48,3997.98,3999.26,145
2025-10-29 14:57:00,3999.37,3999.56,3998.15,3998.94,152
2025-10-29 14:58:00,3998.98,3999.87,3998.83,3999.84,161
2025-10-29 14:59:00,3999.83,4001.46,3999.25,4001.39,176
2025-10-29 15:00:00,4001.68,4003.29,4000.51,4002.1,226
2025-10-29 15:01:00,4001.93,4004.78,4001.93,4003.51,220
2025-10-29 15:02:00,4003.18,4004.97,4003.14,4004.71,233
2025-10-29 15:03:00,4004.67,4007.22,4004.1,4005.29,226
2025-10-29 15:04:00,4005.24,4007.88,4004.55,4006.45,225
2025-10-29 15:05:00,4006.43,4009.29,4005.5,4009.13,153
2025-10-29 15:06:00,4009.13,4009.2,4007.8,4008.42,152
2025-10-29 15:07:00,4008.42,4009.04,4006.27,4006.87,141
2025-10-29 15:08:00,4006.82,4007.82,4005.95,4007.41,135
2025-10-29 15:09:00,4007.42,4009.96,4007.22,4009.96,116
2025-10-29 15:10:00,4009.97,4009.97,4008.53,4008.8,155
2025-10-29 15:11:00,4008.82,4009.72,4007.41,4007.77,137
2025-10-29 15:12:00,4007.61,4008.03,4006.71,4007.12,102
2025-10-29 15:13:00,4007.14,4008.79,4005.72,4008.02,148
2025-10-29 15:14:00,4008.17,4008.28,4005.96,4007.25,163
2025-10-29 15:15:00,4007.15,4007.26,4005.91,4006.05,129
2025-10-29 15:16:00,4006.07,4006.84,4004.9,4006.84,116
2025-10-29 15:17:00,4006.63,4007.1,4006.29,4006.71,103
2025-10-29 15:18:00,4006.79,4006.82,4003.61,4006.34,135
2025-10-29 15:19:00,4006.3,4008.87,4006.16,4008.87,135
2025-10-29 15:20:00,4008.84,4010.61,4007.76,4007.84,213
2025-10-29 15:21:00,4007.89,4009.12,4006.95,4008.38,202
2025-10-29 15:22:00,4008.37,4009.02,4007.68,4007.68,175
2025-10-29 15:23:00,4007.61,4009.15,4005.97,4007.43,174
2025-10-29 15:24:00,4007.19,4010.37,4006.5,4010.04,156
2025-10-29 15:25:00,4010.04,4010.59,4008.86,4010.34,154
2025-10-29 15:26:00,4010.4,4011.34,4009.74,4010.74,126
2025-10-29 15:27:00,4010.73,4010.86,4010.0,4010.42,157
2025-10-29 15:28:00,4010.23,4010.62,4009.83,4010.17,78
2025-10-29 15:29:00,4010.14,4011.07,4009.54,4009.84,139
2025-10-29 15:30:00,4010.35,4013.93,4010.29,4013.85,141
2025-10-29 15:31:00,4013.85,4013.85,4011.5,4011.81,149
2025-10-29 15:32:00,4011.79,4012.44,4011.14,4012.44,108
2025-10-29 15:33:00,4012.49,4012.49,4009.62,4011.1,173
2025-10-29 15:34:00,4011.67,4012.44,4010.96,4011.17,145
2025-10-29 15:35:00,4011.13,4012.3,4009.7,4011.6,151
2025-10-29 15:36:00,4011.59,4011.59,4010.19,4010.37,154
2025-10-29 15:37:00,4010.36,4010.75,4008.33,4008.43,162
2025-10-29 15:38:00,4008.44,4010.02,4007.83,4008.3,184
2025-10-29 15:39:00,4008.33,4008.67,4007.2,4007.63,131
2025-10-29 15:40:00,4007.65,4010.04,4007.62,4009.4,168
2025-10-29 15:41:00,4009.39,4010.03,4007.84,4009.02,112
2025-10-29 15:42:00,4009.05,4010.74,4009.05,4010.0,130
2025-10-29 15:43:00,4009.98,4011.4,4009.86,4011.38,99
2025-10-29 15:44:00,4011.48,4012.61,4010.97,4011.0,131
2025-10-29 15:45:00,4011.02,4014.15,4010.4,4014.15,156
2025-10-29 15:46:00,4014.17,4015.2,4013.98,4015.14,174
2025-10-29 15:47:00,4015.14,4015.51,4013.44,4013.94,133
2025-10-29 15:48:00,4013.93,4013.94,4011.39,4011.44,161
2025-10-29 15:49:00,4011.47,4012.11,4010.54,4010.94,134
2025-10-29 15:50:00,4010.97,4011.46,4010.18,4011.02,128
2025-10-29 15:51:00,4011.06,4013.25,4010.96,4012.76,142
2025-10-29 15:52:00,4012.71,4013.47,4011.9,4013.47,128
2025-10-29 15:53:00,4013.5,4015.23,4013.39,4014.39,133
2025-10-29 15:54:00,4014.3,4015.63,4014.11,4015.49,101
2025-10-29 15:55:00,4015.51,4016.48,4015.31,4016.06,115
2025-10-29 15:56:00,4015.86,4017.07,4015.45,4017.07,116
2025-10-29 15:57:00,4017.07,4018.52,4017.0,4018.51,108
2025-10-29 15:58:00,4018.42,4018.58,4016.06,4016.06,138
2025-10-29 15:59:00,4016.15,4017.18,4015.93,4016.98,114
2025-10-29 16:00:00,4016.95,4017.3,4016.11,4016.89,116
2025-10-29 16:01:00,4016.79,4018.06,4016.68,4017.64,91
2025-10-29 16:02:00,4017.57,4019.53,4017.12,4019.48,155
2025-10-29 16:03:00,4019.41,4019.74,4017.67,4017.67,115
2025-10-29 16:04:00,4017.21,4018.41,4016.8,4017.84,172
2025-10-29 16:05:00,4017.85,4019.35,4017.11,4018.27,136
2025-10-29 16:06:00,4018.25,4018.63,4017.54,4017.93,125
2025-10-29 16:07:00,4017.95,4017.95,4015.97,4017.03,149
2025-10-29 16:08:00,4017.07,4018.44,4017.07,4018.44,115
2025-10-29 16:09:00,4018.43,4021.51,4018.43,4019.95,158
2025-10-29 16:10:00,4019.93,4020.31,4018.64,4018.91,138
2025-10-29 16:11:00,4018.87,4019.21,4016.73,4016.73,147
2025-10-29 16:12:00,4016.81,4017.6,4015.11,4017.6,151
2025-10-29 16:13:00,4017.62,4018.2,4016.74,4016.74,128
2025-10-29 16:14:00,4016.48,4017.57,4015.78,4016.31,112
2025-10-29 16:15:00,4016.29,4016.68,4013.89,4013.95,170
2025-10-29 16:16:00,4013.89,4015.08,4013.5,4014.99,173
2025-10-29 16:17:00,4014.92,4017.86,4014.35,4017.56,122
2025-10-29 16:18:00,4017.58,4020.0,4017.51,4018.91,136
2025-10-29 16:19:00,4018.91,4018.97,4017.48,4017.93,114
2025-10-29 16:20:00,4017.93,4019.89,4017.45,4018.53,166
2025-10-29 16:21:00,4018.52,4020.01,4018.48,4018.85,119
2025-10-29 16:22:00,4018.93,4019.7,4017.44,4019.47,129
2025-10-29 16:23:00,4019.48,4019.65,4018.09,4018.77,103
2025-10-29 16:24:00,4018.73,4019.55,4017.87,4018.35,97
2025-10-29 16:25:00,4018.33,4018.47,4017.46,4017.86,82
2025-10-29 16:26:00,4017.87,4017.9,4016.14,4017.18,136
2025-10-29 16:27:00,4017.03,4019.24,4016.79,4018.78,129
2025-10-29 16:28:00,4018.76,4018.84,4017.39,4018.23,96
2025-10-29 16:29:00,4018.17,4018.19,4017.05,4017.21,91
2025-10-29 16:30:00,4017.25,4017.9,4015.76,4016.16,129
2025-10-29 16:31:00,4016.12,4018.24,4016.02,4016.83,122
2025-10-29 16:32:00,4017.05,4019.15,4016.87,4017.92,139
2025-10-29 16:33:00,4017.91,4019.48,4017.42,4018.51,157
2025-10-29 16:34:00,4018.54,4020.7,4018.54,4019.96,172
2025-10-29 16:35:00,4019.95,4020.45,4017.07,4017.56,147
2025-10-29 16:36:00,4017.7,4018.43,4017.19,4018.43,96
2025-10-29 16:37:00,4018.34,4018.45,4016.48,4017.28,101
2025-10-29 16:38:00,4017.43,4017.99,4016.77,4017.4,109
2025-10-29 16:39:00,4017.42,4017.8,4016.33,4017.4,111
2025-10-29 16:40:00,4017.41,4017.75,4016.57,4016.65,135
2025-10-29 16:41:00,4016.59,4018.67,4016.42,4016.42,128
2025-10-29 16:42:00,4016.47,4018.18,4016.3,4017.74,118
2025-10-29 16:43:00,4017.87,4019.65,4017.7,4019.18,189
2025-10-29 16:44:00,4019.17,4019.7,4018.39,4019.52,173
2025-10-29 16:45:00,4019.66,4024.12,4019.48,4022.78,233
2025-10-29 16:46:00,4022.91,4023.36,4021.91,4023.15,186
2025-10-29 16:47:00,4023.22,4025.32,4023.22,4025.3,162
2025-10-29 16:48:00,4025.33,4026.34,4024.39,4025.64,133
2025-10-29 16:49:00,4025.97,4028.38,4025.69,4027.65,191
2025-10-29 16:50:00,4027.76,4028.88,4026.73,4028.74,182
2025-10-29 16:51:00,4028.41,4029.24,4028.29,4029.24,180
2025-10-29 16:52:00,4029.26,4029.31,4027.78,4028.28,178
2025-10-29 16:53:00,4028.37,4029.1,4028.05,4028.9,141
2025-10-29 16:54:00,4028.96,4029.0,4027.32,4027.67,174
2025-10-29 16:55:00,4027.68,4029.59,4025.85,4029.59,172
2025-10-29 16:56:00,4029.62,4029.65,4024.62,4026.93,171
2025-10-29 16:57:00,4026.85,4027.95,4024.58,4024.63,179
2025-10-29 16:58:00,4024.78,4025.57,4023.22,4024.08,147
2025-10-29 16:59:00,4024.11,4024.11,4022.37,4023.85,141
2025-10-29 17:00:00,4023.95,4025.33,4023.58,4025.33,127
2025-10-29 17:01:00,4025.42,4025.98,4023.73,4023.74,153
2025-10-29 17:02:00,4023.58,4023.58,4021.93,4022.73,148
2025-10-29 17:03:00,4022.58,4023.16,4021.13,4022.18,159
2025-10-29 17:04:00,4022.12,4023.0,4020.72,4022.26,151
2025-10-29 17:05:00,4022.3,4022.44,4019.79,4020.41,132
2025-10-29 17:06:00,4020.44,4020.78,4017.23,4018.79,220
2025-10-29 17:07:00,4018.84,4024.61,4018.83,4024.61,233
2025-10-29 17:08:00,4024.48,4024.56,4021.08,4022.04,171
2025-10-29 17:09:00,4022.11,4022.83,4020.53,4022.78,144
2025-10-29 17:10:00,4022.77,4023.01,4020.84,4021.11,136
2025-10-29 17:11:00,4021.08,4021.78,4020.16,4021.18,159
2025-10-29 17:12:00,4021.26,4021.98,4020.79,4021.46,116
2025-10-29 17:13:00,4021.47,4024.15,4021.47,4024.14,105
2025-10-29 17:14:00,4024.2,4024.93,4022.07,4022.25,150
2025-10-29 17:15:00,4022.26,4024.37,4021.47,4023.15,124
2025-10-29 17:16:00,4023.14,4023.36,4022.43,4022.89,123
2025-10-29 17:17:00,4023.03,4026.28,4022.72,4026.11,156
2025-10-29 17:18:00,4026.05,4027.53,4025.28,4026.73,179
2025-10-29 17:19:00,4026.64,4029.0,4024.82,4027.69,200
2025-10-29 17:20:00,4027.68,4028.58,4027.23,4027.83,136
2025-10-29 17:21:00,4027.84,4028.94,4027.26,4027.67,184
2025-10-29 17:22:00,4027.48,4028.48,4026.93,4027.94,135
2025-10-29 17:23:00,4027.85,4029.3,4027.36,4029.3,87
2025-10-29 17:24:00,4029.45,4029.46,4027.33,4027.8,145
2025-10-29 17:25:00,4027.81,4027.96,4026.47,4026.92,128
2025-10-29 17:26:00,4026.89,4027.36,4026.24,4027.08,158
2025-10-29 17:27:00,4026.98,4027.37,4025.9,4025.92,105
2025-10-29 17:28:00,4025.97,4026.43,4025.26,4025.97,120
2025-10-29 17:29:00,4025.97,4027.28,4024.55,4024.6,108
2025-10-29 17:30:00,4024.55,4026.23,4023.9,4024.05,141
2025-10-29 17:31:00,4024.04,4024.47,4023.88,4024.34,107
2025-10-29 17:32:00,4024.06,4025.99,4023.08,4023.87,164
2025-10-29 17:33:00,4023.86,4023.92,4022.65,4023.33,134
2025-10-29 17:34:00,4023.31,4025.54,4022.96,4025.54,109
2025-10-29 17:35:00,4025.52,4025.55,4023.67,4024.02,136
2025-10-29 17:36:00,4023.89,4024.53,4022.34,4022.59,133
2025-10-29 17:37:00,4022.54,4024.27,4021.2,4024.22,196
2025-10-29 17:38:00,4024.23,4027.67,4024.14,4027.26,186
2025-10-29 17:39:00,4027.35,4028.2,4026.77,4028.2,184
2025-10-29 17:40:00,4028.15,4029.24,4026.97,4027.28,196
2025-10-29 17:41:00,4027.31,4027.35,4024.64,4024.73,174
2025-10-29 17:42:00,4024.74,4025.05,4023.83,4024.57,146
2025-10-29 17:43:00,4024.58,4025.39,4024.19,4025.22,145
2025-10-29 17:44:00,4025.25,4026.21,4024.77,4026.2,129
2025-10-29 17:45:00,4026.22,4027.79,4025.95,4027.71,157
2025-10-29 17:46:00,4027.72,4029.69,4027.45,4029.5,149
2025-10-29 17:47:00,4028.99,4029.68,4027.1,4027.34,184
2025-10-29 17:48:00,4027.32,4028.05,4027.15,4027.15,117
2025-10-29 17:49:00,4027.02,4027.15,4026.25,4026.65,96
2025-10-29 17:50:00,4026.64,4026.64,4024.86,4025.56,135
2025-10-29 17:51:00,4025.69,4025.69,4024.31,4024.42,110
2025-10-29 17:52:00,4024.18,4025.45,4023.79,4024.55,121
2025-10-29 17:53:00,4024.56,4025.62,4024.41,4024.81,100
2025-10-29 17:54:00,4024.81,4025.41,4024.51,4025.35,105
2025-10-29 17:55:00,4025.38,4026.01,4024.94,4025.24,104
2025-10-29 17:56:00,4025.21,4025.34,4024.8,4024.81,122
2025-10-29 17:57:00,4024.84,4025.04,4023.37,4023.87,148
2025-10-29 17:58:00,4023.81,4024.23,4022.79,4022.93,177
2025-10-29 17:59:00,4023.58,4023.93,4023.26,4023.48,102
2025-10-29 18:00:00,4023.55,4026.49,4023.04,4026.22,113
2025-10-29 18:01:00,4026.29,4027.53,4025.09,4025.71,117
2025-10-29 18:02:00,4025.79,4026.38,4024.95,4025.37,117
2025-10-29 18:03:00,4025.52,4026.48,4025.38,4026.26,87
2025-10-29 18:04:00,4026.13,4026.63,4025.75,4026.58,109
2025-10-29 18:05:00,4026.62,4026.96,4025.75,4026.17,91
2025-10-29 18:06:00,4026.14,4026.4,4025.48,4026.15,81
2025-10-29 18:07:00,4026.16,4026.82,4025.44,4026.79,101
2025-10-29 18:08:00,4026.82,4027.32,4026.08,4026.13,86
2025-10-29 18:09:00,4026.16,4026.76,4026.13,4026.5,88
2025-10-29 18:10:00,4026.54,4027.77,4026.35,4027.77,85
2025-10-29 18:11:00,4028.16,4028.57,4026.13,4026.19,111
2025-10-29 18:12:00,4026.22,4027.16,4025.91,4026.63,138
2025-10-29 18:13:00,4026.45,4026.93,4025.09,4025.41,129
2025-10-29 18:14:00,4025.5,4025.65,4022.11,4022.22,119
2025-10-29 18:15:00,4022.12,4023.32,4018.95,4022.72,225
2025-10-29 18:16:00,4022.82,4022.89,4020.3,4021.63,180
2025-10-29 18:17:00,4021.6,4022.65,4020.45,4021.24,152
2025-10-29 18:18:00,4021.18,4022.24,4019.69,4020.37,155
2025-10-29 18:19:00,4020.33,4021.21,4019.19,4019.52,195
2025-10-29 18:20:00,4019.54,4021.02,4019.35,4020.81,174
2025-10-29 18:21:00,4020.82,4023.33,4020.82,4023.33,115
2025-10-29 18:22:00,4023.32,4025.18,4023.02,4025.06,112
2025-10-29 18:23:00,4025.02,4025.6,4024.65,4024.65,140
2025-10-29 18:24:00,4024.66,4024.76,4021.82,4022.68,156
2025-10-29 18:25:00,4022.7,4022.88,4020.76,4020.97,125
2025-10-29 18:26:00,4020.88,4021.28,4019.17,4019.52,129
2025-10-29 18:27:00,4019.65,4022.91,4019.65,4021.09,158
2025-10-29 18:28:00,4021.18,4021.24,4019.26,4020.02,180
2025-10-29 18:29:00,4020.05,4020.06,4018.19,4018.39,162
2025-10-29 18:30:00,4018.4,4019.97,4018.24,4018.82,166
2025-10-29 18:31:00,4019.2,4020.97,4018.63,4018.63,175
2025-10-29 18:32:00,4018.44,4019.35,4017.54,4018.93,136
2025-10-29 18:33:00,4019.0,4019.08,4017.36,4017.68,126
2025-10-29 18:34:00,4017.69,4017.69,4014.76,4017.21,198
2025-10-29 18:35:00,4017.16,4020.14,4016.47,4019.25,169
2025-10-29 18:36:00,4019.25,4019.27,4015.44,4015.59,186
2025-10-29 18:37:00,4015.59,4017.57,4014.78,4017.1,125
2025-10-29 18:38:00,4017.32,4018.71,4017.16,4017.55,160
2025-10-29 18:39:00,4017.61,4018.03,4017.31,4017.8,124
2025-10-29 18:40:00,4017.82,4018.48,4016.47,4017.37,138
2025-10-29 18:41:00,4017.35,4019.23,4017.02,4019.16,130
2025-10-29 18:42:00,4019.34,4020.05,4018.97,4019.73,120
2025-10-29 18:43:00,4019.72,4019.72,4018.47,4019.24,103
2025-10-29 18:44:00,4019.23,4019.38,4017.73,4018.2,109
2025-10-29 18:45:00,4018.18,4018.26,4016.72,4016.86,130
2025-10-29 18:46:00,4016.89,4016.92,4015.63,4015.81,110
2025-10-29 18:47:00,4015.8,4017.42,4013.57,4017.42,199
2025-10-29 18:48:00,4017.44,4018.39,4016.04,4016.04,146
2025-10-29 18:49:00,4016.0,4016.83,4014.56,4014.93,185
2025-10-29 18:50:00,4014.89,4016.63,4014.4,4016.46,169
2025-10-29 18:51:00,4016.45,4017.19,4015.64,4017.01,139
2025-10-29 18:52:00,4016.98,4016.98,4015.54,4015.68,116
2025-10-29 18:53:00,4016.0,4017.68,4015.7,4016.9,126
2025-10-29 18:54:00,4016.95,4016.99,4015.68,4015.75,90
2025-10-29 18:55:00,4015.74,4017.3,4014.23,4017.01,161
2025-10-29 18:56:00,4016.93,4018.81,4016.59,4018.64,114
2025-10-29 18:57:00,4018.65,4019.55,4016.71,4019.52,146
2025-10-29 18:58:00,4019.36,4019.48,4016.32,4016.55,150
2025-10-29 18:59:00,4016.18,4018.1,4015.72,4016.6,150
2025-10-29 19:00:00,4016.66,4017.58,4015.97,4017.58,169
2025-10-29 19:01:00,4017.52,4019.0,4017.35,4018.34,148
2025-10-29 19:02:00,4018.36,4018.63,4017.46,4018.12,116
2025-10-29 19:03:00,4017.82,4018.26,4017.45,4017.93,113
2025-10-29 19:04:00,4017.65,4017.65,4013.74,4017.54,187
2025-10-29 19:05:00,4017.3,4018.86,4016.97,4018.77,139
2025-10-29 19:06:00,4018.79,4018.82,4016.42,4016.94,178
2025-10-29 19:07:00,4016.92,4018.42,4016.91,4017.94,104
2025-10-29 19:08:00,4017.91,4018.46,4015.98,4018.44,131
2025-10-29 19:09:00,4018.43,4019.54,4017.31,4018.0,180
2025-10-29 19:10:00,4017.94,4020.36,4017.29,4020.33,166
2025-10-29 19:11:00,4020.32,4022.18,4019.14,4021.65,213
2025-10-29 19:12:00,4021.62,4025.71,4021.41,4025.46,220
2025-10-29 19:13:00,4025.53,4026.79,4024.38,4026.39,180
2025-10-29 19:14:00,4026.39,4029.18,4026.26,4028.56,161
2025-10-29 19:15:00,4028.36,4030.14,4027.8,4028.81,196
2025-10-29 19:16:00,4028.92,4028.92,4024.88,4025.05,168
2025-10-29 19:17:00,4025.09,4025.15,4023.21,4024.47,170
2025-10-29 19:18:00,4024.53,4027.16,4023.36,4026.24,188
2025-10-29 19:19:00,4026.15,4026.22,4024.06,4024.37,183
2025-10-29 19:20:00,4024.41,4025.22,4023.31,4024.37,196
2025-10-29 19:21:00,4024.33,4025.42,4024.17,4024.8,161
2025-10-29 19:22:00,4024.78,4027.15,4024.64,4026.83,145
2025-10-29 19:23:00,4027.11,4028.51,4026.45,4026.71,193
2025-10-29 19:24:00,4026.58,4028.32,4026.47,4027.8,175
2025-10-29 19:25:00,4027.79,4029.16,4027.69,4028.58,169
2025-10-29 19:26:00,4028.73,4028.77,4027.99,4028.58,176
2025-10-29 19:27:00,4028.63,4028.83,4026.17,4026.83,196
2025-10-29 19:28:00,4026.73,4027.69,4026.16,4026.26,183
2025-10-29 19:29:00,4026.27,4027.23,4024.97,4026.27,194
2025-10-29 19:30:00,4026.28,4027.63,4025.5,4027.32,144
2025-10-29 19:31:00,4027.51,4028.08,4027.3,4027.6,148
2025-10-29 19:32:00,4027.56,4028.71,4026.92,4027.05,154
2025-10-29 19:33:00,4027.04,4027.83,4026.35,4026.91,137
2025-10-29 19:34:00,4026.74,4026.74,4025.01,4026.13,131
2025-10-29 19:35:00,4026.04,4026.34,4023.99,4024.23,130
2025-10-29 19:36:00,4023.96,4025.79,4023.9,4025.21,120
2025-10-29 19:37:00,4025.25,4025.61,4023.97,4023.97,95
2025-10-29 19:38:00,4023.95,4025.14,4023.4,4024.62,113
2025-10-29 19:39:00,4024.61,4024.61,4022.08,4022.15,137
2025-10-29 19:40:00,4022.13,4023.11,4021.95,4022.57,167
2025-10-29 19:41:00,4022.56,4023.82,4022.55,4023.25,149
2025-10-29 19:42:00,4023.28,4024.5,4022.53,4023.95,163
2025-10-29 19:43:00,4023.93,4025.94,4023.69,4025.64,142
2025-10-29 19:44:00,4025.5,4026.14,4025.38,4026.09,122
2025-10-29 19:45:00,4026.1,4026.33,4025.3,4025.57,129
2025-10-29 19:46:00,4025.55,4025.65,4023.73,4023.93,167
2025-10-29 19:47:00,4023.91,4024.64,4023.4,4024.08,164
2025-10-29 19:48:00,4024.1,4024.42,4023.63,4024.26,144
2025-10-29 19:49:00,4024.24,4025.41,4024.22,4025.3,118
2025-10-29 19:50:00,4025.5,4028.1,4025.5,4027.28,172
2025-10-29 19:51:00,4027.2,4027.21,4025.58,4026.22,138
2025-10-29 19:52:00,4026.25,4027.04,4025.23,4025.23,149
2025-10-29 19:53:00,4025.56,4025.87,4023.29,4024.46,146
2025-10-29 19:54:00,4024.5,4025.28,4023.65,4023.65,142
2025-10-29 19:55:00,4023.73,4025.61,4023.67,4024.27,174
2025-10-29 19:56:00,4024.4,4025.5,4023.61,4024.53,155
2025-10-29 19:57:00,4024.54,4025.01,4023.7,4025.01,162
2025-10-29 19:58:00,4025.16,4025.75,4023.69,4024.74,158
2025-10-29 19:59:00,4024.72,4025.67,4023.81,4025.67,172
2025-10-29 20:00:00,4025.54,4025.68,4018.44,4019.56,244
2025-10-29 20:01:00,4019.49,4021.41,4018.55,4018.76,241
2025-10-29 20:02:00,4018.89,4019.67,4017.05,4019.47,224
2025-10-29 20:03:00,4019.53,4020.06,4015.56,4017.62,218
2025-10-29 20:04:00,4017.78,4018.89,4014.79,4015.21,220
2025-10-29 20:05:00,4014.82,4017.38,4014.51,4017.36,229
2025-10-29 20:06:00,4017.46,4018.83,4016.8,4017.96,170
2025-10-29 20:07:00,4017.92,4017.98,4015.3,4016.03,176
2025-10-29 20:08:00,4016.0,4016.67,4014.79,4016.43,189
2025-10-29 20:09:00,4016.41,4017.31,4015.32,4016.89,187
2025-10-29 20:10:00,4016.95,4019.6,4016.45,4019.02,204
2025-10-29 20:11:00,4018.94,4020.31,4018.07,4018.28,174
2025-10-29 20:12:00,4018.21,4019.83,4014.22,4014.55,144
2025-10-29 20:13:00,4014.61,4014.61,4010.2,4013.31,241
2025-10-29 20:14:00,4013.3,4013.53,4010.38,4012.63,195
2025-10-29 20:15:00,4012.64,4015.06,4012.64,4014.21,192
2025-10-29 20:16:00,4014.61,4018.38,4014.08,4018.11,190
2025-10-29 20:17:00,4018.13,4018.48,4016.93,4018.46,163
2025-10-29 20:18:00,4018.56,4019.23,4017.02,4017.08,185
2025-10-29 20:19:00,4017.05,4017.75,4016.45,4016.83,140
2025-10-29 20:20:00,4016.89,4017.25,4016.08,4016.53,169
2025-10-29 20:21:00,4016.51,4016.75,4015.15,4015.79,184
2025-10-29 20:22:00,4015.8,4017.17,4015.64,4016.41,165
2025-10-29 20:23:00,4016.42,4017.25,4016.09,4016.13,116
2025-10-29 20:24:00,4016.2,4018.14,4015.87,4018.14,121
2025-10-29 20:25:00,4018.19,4019.03,4017.2,4017.59,128
2025-10-29 20:26:00,4017.63,4018.79,4016.72,4018.6,152
2025-10-29 20:27:00,4018.54,4019.12,4017.48,4018.63,151
2025-10-29 20:28:00,4018.7,4019.15,4017.55,4017.61,125
2025-10-29 20:29:00,4017.69,4019.73,4017.39,4018.65,176
2025-10-29 20:30:00,4018.99,4018.99,4015.28,4015.85,249
2025-10-29 20:31:00,4016.21,4017.77,4015.08,4016.0,237
2025-10-29 20:32:00,4016.04,4016.48,4012.49,4012.49,230
2025-10-29 20:33:00,4012.58,4013.23,4010.61,4010.75,204
2025-10-29 20:34:00,4010.83,4010.83,4009.1,4010.41,219
2025-10-29 20:35:00,4010.61,4012.8,4009.13,4011.86,236
2025-10-29 20:36:00,4011.82,4011.96,4009.16,4010.58,237
2025-10-29 20:37:00,4010.56,4010.69,4006.48,4009.41,255
2025-10-29 20:38:00,4009.4,4009.45,4004.39,4004.8,225
2025-10-29 20:39:00,4004.87,4008.02,4004.45,4006.61,233
2025-10-29 20:40:00,4006.8,4006.8,4002.86,4003.05,254
2025-10-29 20:41:00,4003.01,4006.36,4002.46,4005.0,241
2025-10-29 20:42:00,4005.01,4008.24,4004.34,4006.89,268
2025-10-29 20:43:00,4006.87,4009.58,4005.66,4006.36,226
2025-10-29 20:44:00,4006.42,4008.87,4006.3,4007.15,185
2025-10-29 20:45:00,4006.9,4008.31,4005.51,4005.6,206
2025-10-29 20:46:00,4005.59,4009.24,4005.56,4008.79,205
2025-10-29 20:47:00,4008.92,4009.02,4003.97,4004.08,211
2025-10-29 20:48:00,4004.0,4005.68,4002.61,4004.07,223
2025-10-29 20:49:00,4004.09,4008.29,4004.07,4007.13,236
2025-10-29 20:50:00,4007.15,4010.4,4007.0,4009.99,219
2025-10-29 20:51:00,4010.34,4010.42,4006.36,4006.59,229
2025-10-29 20:52:00,4006.51,4007.25,4003.95,4007.25,233
2025-10-29 20:53:00,4007.38,4009.49,4006.52,4009.34,211
2025-10-29 20:54:00,4009.29,4011.8,4008.97,4010.61,210
2025-10-29 20:55:00,4010.55,4012.39,4009.35,4011.89,231
2025-10-29 20:56:00,4011.88,4013.94,4011.88,4013.6,230
2025-10-29 20:57:00,4013.38,4013.72,4011.71,4011.71,194
2025-10-29 20:58:00,4011.67,4011.88,4009.44,4010.44,207
2025-10-29 20:59:00,4010.56,4012.67,4010.56,4012.5,196
2025-10-29 21:00:00,4012.48,4015.55,4012.21,4014.96,214
2025-10-29 21:01:00,4015.23,4015.23,4011.75,4013.22,213
2025-10-29 21:02:00,4013.19,4015.47,4012.88,4015.44,193
2025-10-29 21:03:00,4015.43,4019.19,4014.56,4018.86,234
2025-10-29 21:04:00,4018.83,4019.62,4016.81,4017.6,242
2025-10-29 21:05:00,4017.64,4019.82,4016.96,4019.43,244
2025-10-29 21:06:00,4019.43,4021.32,4019.36,4021.01,230
2025-10-29 21:07:00,4020.98,4022.4,4020.21,4020.79,215
2025-10-29 21:08:00,4020.74,4022.37,4020.65,4021.02,183
2025-10-29 21:09:00,4021.06,4022.1,4019.9,4020.4,201
2025-10-29 21:10:00,4020.43,4021.04,4018.77,4019.45,196
2025-10-29 21:11:00,4019.28,4019.3,4015.54,4018.92,223
2025-10-29 21:12:00,4018.96,4019.26,4016.62,4017.68,196
2025-10-29 21:13:00,4017.67,4018.2,4014.91,4015.76,187
2025-10-29 21:14:00,4015.78,4018.19,4015.78,4017.11,197
2025-10-29 21:15:00,4017.16,4019.52,4016.58,4017.52,232
2025-10-29 21:16:00,4017.48,4018.81,4016.89,4018.05,190
2025-10-29 21:17:00,4018.14,4018.89,4015.86,4017.24,232
2025-10-29 21:18:00,4017.26,4018.42,4016.36,4017.51,203
2025-10-29 21:19:00,4017.44,4018.4,4016.69,4017.75,210
2025-10-29 21:20:00,4017.72,4018.21,4016.18,4016.51,224
2025-10-29 21:21:00,4016.5,4018.12,4014.41,4017.46,199
2025-10-29 21:22:00,4017.49,4019.23,4017.49,4018.83,173
2025-10-29 21:23:00,4018.86,4019.96,4018.66,4019.04,169
2025-10-29 21:24:00,4018.93,4019.52,4016.76,4017.15,168
2025-10-29 21:25:00,4017.36,4018.69,4017.11,4017.7,183
2025-10-29 21:26:00,4017.38,4018.63,4017.32,4018.01,123
2025-10-29 21:27:00,4018.02,4018.33,4016.85,4016.92,142
2025-10-29 21:28:00,4016.94,4017.81,4016.23,4016.84,140
2025-10-29 21:29:00,4016.88,4017.4,4016.62,4016.93,106
2025-10-29 21:30:00,4016.93,4018.53,4016.36,4018.27,127
2025-10-29 21:31:00,4018.25,4020.9,4017.65,4019.78,146
2025-10-29 21:32:00,4019.79,4019.95,4017.78,4018.52,135
2025-10-29 21:33:00,4018.54,4018.56,4016.49,4017.27,155
2025-10-29 21:34:00,4017.46,4018.94,4017.03,4017.35,167
2025-10-29 21:35:00,4017.34,4018.3,4015.81,4018.29,173
2025-10-29 21:36:00,4018.32,4019.61,4017.39,4017.39,151
2025-10-29 21:37:00,4017.38,4017.66,4014.27,4014.32,183
2025-10-29 21:38:00,4014.25,4014.9,4011.82,4014.16,190
2025-10-29 21:39:00,4014.2,4015.03,4012.22,4013.78,180
2025-10-29 21:40:00,4013.91,4013.91,4012.05,4012.69,175
2025-10-29 21:41:00,4012.72,4013.19,4009.35,4009.72,198
2025-10-29 21:42:00,4009.74,4011.38,4009.39,4010.63,183
2025-10-29 21:43:00,4010.58,4011.43,4009.92,4010.06,156
2025-10-29 21:44:00,4010.06,4011.96,4010.01,4010.23,175
2025-10-29 21:45:00,4010.1,4011.16,4008.01,4009.96,216
2025-10-29 21:46:00,4010.01,4013.61,4010.01,4012.21,190
2025-10-29 21:47:00,4012.22,4013.82,4012.22,4013.4,184
2025-10-29 21:48:00,4013.46,4014.53,4013.3,4013.93,182
2025-10-29 21:49:00,4013.93,4014.41,4012.73,4014.41,150
2025-10-29 21:50:00,4014.42,4015.01,4013.55,4013.81,177
2025-10-29 21:51:00,4013.73,4013.96,4012.85,4013.35,174
2025-10-29 21:52:00,4013.28,4013.28,4011.13,4012.25,185
2025-10-29 21:53:00,4012.2,4012.22,4010.33,4011.87,171
2025-10-29 21:54:00,4011.64,4012.64,4011.58,4012.49,140
2025-10-29 21:55:00,4012.52,4013.02,4010.01,4011.4,167
2025-10-29 21:56:00,4011.42,4011.5,4009.88,4010.06,199
2025-10-29 21:57:00,4010.02,4010.66,4008.82,4009.03,201
2025-10-29 21:58:00,4009.09,4010.21,4008.72,4010.2,192
2025-10-29 21:59:00,4010.19,4010.63,4007.5,4008.38,216
2025-10-29 22:00:00,4008.35,4009.56,4006.82,4007.9,247
2025-10-29 22:01:00,4007.94,4010.55,4007.94,4010.38,220
2025-10-29 22:02:00,4010.45,4010.46,4005.11,4007.73,213
2025-10-29 22:03:00,4008.02,4008.68,4004.69,4005.24,205
2025-10-29 22:04:00,4005.11,4008.43,4004.59,4007.77,207
2025-10-29 22:05:00,4007.8,4010.22,4006.93,4007.52,214
2025-10-29 22:06:00,4007.29,4009.89,4006.18,4009.35,220
2025-10-29 22:07:00,4009.34,4010.08,4008.76,4009.05,180
2025-10-29 22:08:00,4009.02,4009.02,4007.29,4008.59,144
2025-10-29 22:09:00,4008.53,4010.47,4008.44,4010.3,146
2025-10-29 22:10:00,4010.43,4011.97,4008.14,4009.56,199
2025-10-29 22:11:00,4009.52,4010.47,4008.49,4008.72,186
2025-10-29 22:12:00,4008.77,4009.82,4007.15,4009.82,190
2025-10-29 22:13:00,4009.83,4011.14,4009.73,4010.39,180
2025-10-29 22:14:00,4010.4,4010.51,4008.92,4009.48,145
2025-10-29 22:15:00,4009.5,4010.07,4008.6,4009.39,149
2025-10-29 22:16:00,4009.54,4009.7,4006.45,4006.45,158
2025-10-29 22:17:00,4006.58,4007.49,4005.19,4006.84,224
2025-10-29 22:18:00,4006.89,4008.32,4006.75,4007.91,172
2025-10-29 22:19:00,4007.89,4009.64,4007.56,4007.87,200
2025-10-29 22:20:00,4007.92,4008.86,4006.96,4006.96,172
2025-10-29 22:21:00,4007.05,4008.35,4006.34,4007.39,204
2025-10-29 22:22:00,4007.42,4008.24,4005.74,4006.66,177
2025-10-29 22:23:00,4006.11,4006.56,4005.07,4005.85,219
2025-10-29 22:24:00,4005.89,4007.75,4005.77,4007.43,201
2025-10-29 22:25:00,4007.48,4009.67,4007.23,4009.27,208
2025-10-29 22:26:00,4009.35,4009.94,4006.34,4006.48,204
2025-10-29 22:27:00,4006.5,4006.5,4002.29,4004.94,205
2025-10-29 22:28:00,4004.9,4006.6,4004.69,4006.07,225
2025-10-29 22:29:00,4006.06,4007.41,4005.08,4006.64,167
2025-10-29 22:30:00,4006.54,4008.24,4006.31,4007.37,209
2025-10-29 22:31:00,4007.4,4008.07,4006.74,4007.07,164
2025-10-29 22:32:00,4007.09,4008.37,4006.88,4007.71,130
2025-10-29 22:33:00,4007.8,4008.79,4007.06,4007.33,164
2025-10-29 22:34:00,4007.17,4007.25,4004.94,4005.8,171
2025-10-29 22:35:00,4005.67,4005.82,4003.32,4005.69,170
2025-10-29 22:36:00,4005.79,4006.91,4004.46,4006.66,168
2025-10-29 22:37:00,4006.64,4007.42,4006.25,4007.24,139
2025-10-29 22:38:00,4007.13,4007.68,4004.87,4005.98,161
2025-10-29 22:39:00,4005.97,4006.05,4004.6,4005.06,136
2025-10-29 22:40:00,4005.05,4006.01,4004.97,4005.69,140
2025-10-29 22:41:00,4005.63,4006.07,4004.72,4005.48,138
2025-10-29 22:42:00,4005.57,4005.67,4003.98,4004.2,155
2025-10-29 22:43:00,4004.21,4004.38,4002.95,4003.2,166
2025-10-29 22:44:00,4003.17,4004.64,4003.17,4004.14,144
2025-10-29 22:45:00,4004.08,4004.09,4001.78,4001.78,187
2025-10-29 22:46:00,4001.7,4002.1,3998.88,3998.98,208
2025-10-29 22:47:00,3999.06,3999.59,3996.73,3997.49,240
2025-10-29 22:48:00,3997.65,3998.21,3996.19,3996.78,206
2025-10-29 22:49:00,3996.72,3998.11,3996.18,3997.62,199
2025-10-29 22:50:00,3997.6,3997.62,3992.47,3992.51,237
2025-10-29 22:51:00,3992.89,3993.23,3989.58,3990.86,243
2025-10-29 22:52:00,3990.85,3992.65,3990.26,3992.65,239
2025-10-29 22:53:00,3992.62,3992.7,3990.66,3990.77,206
2025-10-29 22:54:00,3989.9,3992.63,3989.66,3992.31,212
2025-10-29 22:55:00,3992.12,3994.06,3990.77,3992.99,204
2025-10-29 22:56:00,3992.95,3993.44,3991.25,3992.34,195
2025-10-29 22:57:00,3992.26,3993.63,3989.69,3993.63,216
2025-10-29 22:58:00,3993.64,3995.49,3993.33,3994.71,162
2025-10-29 22:59:00,3994.66,3994.66,3992.9,3992.93,158
2025-10-29 23:00:00,3992.95,3993.73,3991.9,3992.63,170
2025-10-29 23:01:00,3992.65,3993.64,3991.74,3993.64,173
2025-10-29 23:02:00,3993.6,3994.18,3992.84,3992.98,162
2025-10-29 23:03:00,3992.91,3994.59,3992.75,3993.72,163
2025-10-29 23:04:00,3993.7,3994.57,3993.08,3993.34,177
2025-10-29 23:05:00,3993.36,3993.37,3991.49,3991.99,166
2025-10-29 23:06:00,3991.91,3993.99,3991.56,3993.82,178
2025-10-29 23:07:00,3993.84,3995.58,3992.91,3993.99,172
2025-10-29 23:08:00,3994.56,3996.91,3994.3,3996.91,161
2025-10-29 23:09:00,3996.97,3998.36,3996.97,3998.16,148
2025-10-29 23:10:00,3998.17,3999.56,3997.72,3999.29,199
2025-10-29 23:11:00,3999.16,3999.64,3998.34,3998.34,192
2025-10-29 23:12:00,3998.06,3998.48,3996.96,3997.87,185
2025-10-29 23:13:00,3997.88,3998.05,3996.9,3997.35,162
2025-10-29 23:14:00,3997.4,3998.3,3997.28,3997.37,118
2025-10-29 23:15:00,3997.35,3998.14,3996.06,3998.12,177
2025-10-29 23:16:00,3998.11,3998.6,3997.05,3997.45,170
2025-10-29 23:17:00,3997.52,3999.01,3996.63,3999.01,155
2025-10-29 23:18:00,3999.01,4000.11,3998.45,3999.81,138
2025-10-29 23:19:00,3999.82,4001.18,3999.8,4000.96,166
2025-10-29 23:20:00,4000.94,4001.03,3999.96,4000.51,135
2025-10-29 23:21:00,4000.47,4000.52,3998.92,3998.92,165
2025-10-29 23:22:00,3998.96,3999.43,3998.41,3999.43,120
2025-10-29 23:23:00,3999.43,4000.84,3999.03,3999.81,117
2025-10-29 23:24:00,3999.85,4000.75,3999.56,3999.81,99
2025-10-29 23:25:00,3999.86,4000.61,3999.57,3999.62,70
2025-10-29 23:26:00,3999.6,4000.37,3998.22,4000.17,99
2025-10-29 23:27:00,4000.15,4000.45,3998.97,3999.0,100
2025-10-29 23:28:00,3998.68,3999.06,3997.36,3997.36,122
2025-10-29 23:29:00,3997.34,3998.73,3997.12,3998.73,97
2025-10-29 23:30:00,3998.53,3998.53,3997.23,3997.47,92
2025-10-29 23:31:00,3997.41,3997.96,3996.46,3997.56,99
2025-10-29 23:32:00,3997.49,3998.57,3997.18,3998.47,76
2025-10-29 23:33:00,3998.48,3998.48,3996.75,3997.55,77
2025-10-29 23:34:00,3997.43,3998.54,3996.99,3998.42,110
2025-10-29 23:35:00,3998.24,3998.48,3997.34,3997.99,104
2025-10-29 23:36:00,3998.02,3998.04,3996.2,3996.67,119
2025-10-29 23:37:00,3996.44,3997.06,3996.0,3996.23,181
2025-10-29 23:38:00,3996.22,3996.22,3993.07,3993.87,165
2025-10-29 23:39:00,3993.83,3994.84,3993.78,3994.7,107
2025-10-29 23:40:00,3994.65,3994.83,3994.03,3994.7,93
2025-10-29 23:41:00,3994.76,3995.68,3994.62,3995.32,83
2025-10-29 23:42:00,3995.36,3995.87,3994.91,3995.77,122
2025-10-29 23:43:00,3995.77,3995.98,3994.16,3994.36,92
2025-10-29 23:44:00,3994.38,3995.14,3994.22,3995.14,97
2025-10-29 23:45:00,3995.02,3996.52,3994.91,3996.3,97
2025-10-29 23:46:00,3996.29,3997.7,3996.18,3997.53,108
2025-10-29 23:47:00,3997.55,3997.59,3996.62,3997.16,109
2025-10-29 23:48:00,3997.24,3997.68,3996.8,3997.61,102
2025-10-29 23:49:00,3997.6,3999.56,3997.34,3999.45,114
2025-10-29 23:50:00,3999.34,3999.89,3998.92,3999.38,80
2025-10-29 23:51:00,3999.43,3999.52,3997.37,3997.89,82
2025-10-29 23:52:00,3997.92,3998.08,3995.42,3995.75,92
2025-10-29 23:53:00,3995.81,3995.81,3994.06,3995.21,117
2025-10-29 23:54:00,3995.17,3995.37,3993.4,3994.73,110
2025-10-30 01:00:00,3994.76,3995.92,3988.29,3988.29,236
2025-10-30 01:01:00,3988.36,3991.11,3978.68,3988.38,270
2025-10-30 01:02:00,3988.18,4007.39,3988.1,3999.03,274
2025-10-30 01:03:00,3999.15,4000.34,3991.92,3998.98,271
2025-10-30 01:04:00,3998.95,3999.22,3993.19,3993.57,241
2025-10-30 01:05:00,3993.61,3995.81,3986.89,3991.14,268
2025-10-30 01:06:00,3990.71,3994.09,3986.84,3991.08,270
2025-10-30 01:07:00,3991.12,3993.55,3988.47,3991.09,263
2025-10-30 01:08:00,3991.2,3997.04,3989.53,3994.96,261
2025-10-30 01:09:00,3995.01,3997.67,3990.65,3993.38,257
2025-10-30 01:10:00,3993.4,3993.72,3989.2,3991.01,259
2025-10-30 01:11:00,3991.19,3992.71,3989.67,3990.77,244
2025-10-30 01:12:00,3990.76,3991.01,3985.44,3985.51,249
2025-10-30 01:13:00,3985.92,3988.82,3985.55,3988.32,238
2025-10-30 01:14:00,3988.3,3988.7,3982.59,3983.28,244
2025-10-30 01:15:00,3983.29,3988.8,3983.29,3988.13,238
2025-10-30 01:16:00,3988.14,3988.29,3985.31,3985.31,231
2025-10-30 01:17:00,3985.78,3987.88,3985.39,3986.0,223
2025-10-30 01:18:00,3985.75,3987.11,3984.51,3985.77,227
2025-10-30 01:19:00,3985.78,3989.5,3985.67,3987.65,213
2025-10-30 01:20:00,3987.67,3989.45,3985.95,3988.44,187
2025-10-30 01:21:00,3988.02,3988.99,3986.64,3988.27,189
2025-10-30 01:22:00,3988.2,3989.09,3986.29,3988.73,187
2025-10-30 01:23:00,3988.91,3989.01,3984.09,3984.49,200
2025-10-30 01:24:00,3984.57,3985.03,3980.43,3981.41,235
2025-10-30 01:25:00,3981.4,3981.49,3977.27,3979.09,250
2025-10-30 01:26:00,3979.14,3981.55,3977.71,3978.27,235
2025-10-30 01:27:00,3978.55,3983.73,3977.42,3982.95,226
2025-10-30 01:28:00,3982.77,3983.19,3979.38,3979.38,217
2025-10-30 01:29:00,3979.37,3981.65,3978.21,3981.19,206
2025-10-30 01:30:00,3981.15,3984.76,3981.15,3984.17,215
2025-10-30 01:31:00,3984.12,3987.88,3981.19,3982.06,244
2025-10-30 01:32:00,3982.05,3986.1,3978.03,3984.23,263
2025-10-30 01:33:00,3984.19,3989.59,3983.42,3988.38,255
2025-10-30 01:34:00,3988.39,3988.79,3983.4,3985.43,239
2025-10-30 01:35:00,3985.49,3986.54,3964.01,3970.53,267
2025-10-30 01:36:00,3970.07,3971.3,3951.95,3953.63,281
2025-10-30 01:37:00,3954.1,3969.05,3952.85,3966.29,284
2025-10-30 01:38:00,3966.26,3967.37,3954.17,3960.41,283
2025-10-30 01:39:00,3959.84,3962.02,3951.59,3951.63,278
2025-10-30 01:40:00,3951.81,3956.64,3947.83,3952.86,276
2025-10-30 01:41:00,3952.91,3955.95,3945.66,3946.52,279
2025-10-30 01:42:00,3946.53,3951.83,3943.01,3949.03,273
2025-10-30 01:43:00,3949.25,3957.31,3945.89,3954.86,276
2025-10-30 01:44:00,3954.75,3957.13,3952.12,3954.04,272
2025-10-30 01:45:00,3954.36,3962.78,3953.81,3957.19,277
2025-10-30 01:46:00,3957.18,3959.06,3952.36,3956.08,282
2025-10-30 01:47:00,3956.0,3959.95,3952.44,3953.32,271
2025-10-30 01:48:00,3953.41,3958.24,3951.98,3954.99,272
2025-10-30 01:49:00,3954.88,3954.92,3948.23,3950.64,280
2025-10-30 01:50:00,3950.77,3956.79,3950.07,3956.73,267
2025-10-30 01:51:00,3956.51,3959.74,3953.12,3959.4,269
2025-10-30 01:52:00,3959.74,3960.29,3954.06,3955.51,271
2025-10-30 01:53:00,3955.61,3958.73,3954.45,3955.77,272
2025-10-30 01:54:00,3956.12,3958.78,3952.55,3957.16,274
2025-10-30 01:55:00,3956.67,3967.31,3956.44,3963.03,271
2025-10-30 01:56:00,3962.92,3968.92,3961.59,3968.19,261
2025-10-30 01:57:00,3968.04,3971.34,3967.07,3971.13,253
2025-10-30 01:58:00,3970.97,3972.58,3967.97,3971.65,265
2025-10-30 01:59:00,3971.52,3972.13,3967.84,3969.44,260
2025-10-30 02:00:00,3969.36,3979.88,3969.13,3978.03,266
2025-10-30 02:01:00,3977.39,3978.25,3964.32,3965.54,268
2025-10-30 02:02:00,3965.35,3965.82,3960.3,3962.82,273
2025-10-30 02:03:00,3962.77,3965.32,3958.41,3958.41,277
2025-10-30 02:04:00,3958.48,3959.51,3953.89,3955.61,277
2025-10-30 02:05:00,3955.88,3962.46,3955.88,3962.34,269
2025-10-30 02:06:00,3962.46,3963.86,3959.44,3961.87,271
2025-10-30 02:07:00,3961.89,3968.63,3961.89,3966.45,259
2025-10-30 02:08:00,3966.5,3967.29,3962.52,3963.08,257
2025-10-30 02:09:00,3963.14,3964.87,3962.2,3963.85,256
2025-10-30 02:10:00,3963.89,3967.46,3961.94,3965.36,250
2025-10-30 02:11:00,3965.37,3969.72,3963.63,3969.34,242
2025-10-30 02:12:00,3969.31,3969.7,3965.17,3968.68,249
2025-10-30 02:13:00,3968.58,3971.47,3967.71,3971.25,235
2025-10-30 02:14:00,3971.26,3971.63,3968.5,3970.56,243
2025-10-30 02:15:00,3970.79,3972.26,3966.6,3966.72,246
2025-10-30 02:16:00,3966.81,3968.63,3966.35,3967.65,227
2025-10-30 02:17:00,3967.56,3970.55,3967.2,3970.14,231
2025-10-30 02:18:00,3970.06,3970.23,3964.58,3967.47,237
2025-10-30 02:19:00,3967.53,3968.28,3964.55,3965.68,238
2025-10-30 02:20:00,3965.55,3967.92,3963.38,3967.81,230
2025-10-30 02:21:00,3967.9,3971.04,3967.9,3971.04,235
2025-10-30 02:22:00,3971.09,3974.74,3966.34,3967.14,243
2025-10-30 02:23:00,3967.2,3968.71,3960.55,3960.79,243
2025-10-30 02:24:00,3960.68,3961.27,3957.39,3960.26,247
2025-10-30 02:25:00,3960.11,3967.34,3959.79,3966.89,256
2025-10-30 02:26:00,3966.73,3967.09,3964.33,3964.33,231
2025-10-30 02:27:00,3964.27,3965.06,3960.48,3961.15,214
2025-10-30 02:28:00,3961.25,3961.41,3952.32,3952.96,242
2025-10-30 02:29:00,3952.93,3954.33,3951.41,3953.29,249
2025-10-30 02:30:00,3953.33,3954.46,3950.56,3954.18,246
2025-10-30 02:31:00,3954.05,3954.31,3946.27,3948.29,261
2025-10-30 02:32:00,3948.27,3948.35,3943.39,3944.39,244
2025-10-30 02:33:00,3944.46,3946.14,3938.65,3942.46,248
2025-10-30 02:34:00,3942.8,3946.76,3942.43,3946.76,219
2025-10-30 02:35:00,3946.81,3946.86,3943.29,3945.25,188
2025-10-30 02:36:00,3945.23,3945.62,3940.36,3941.96,200
2025-10-30 02:37:00,3941.96,3945.97,3941.27,3943.39,223
2025-10-30 02:38:00,3943.37,3945.57,3941.7,3942.09,231
2025-10-30 02:39:00,3942.06,3942.45,3939.16,3939.8,239
2025-10-30 02:40:00,3939.96,3940.1,3934.23,3935.68,240
2025-10-30 02:41:00,3935.88,3941.87,3935.88,3938.94,253
2025-10-30 02:42:00,3938.93,3939.5,3934.26,3938.23,251
2025-10-30 02:43:00,3938.24,3939.02,3932.45,3932.83,225
2025-10-30 02:44:00,3932.79,3933.83,3928.03,3929.13,262
2025-10-30 02:45:00,3929.18,3937.84,3929.18,3937.35,263
2025-10-30 02:46:00,3937.36,3938.25,3933.59,3933.59,240
2025-10-30 02:47:00,3934.05,3938.73,3933.52,3937.04,223
2025-10-30 02:48:00,3937.11,3941.78,3937.11,3940.97,248
2025-10-30 02:49:00,3940.89,3944.76,3940.57,3942.18,238
2025-10-30 02:50:00,3942.22,3949.56,3942.21,3946.97,253
2025-10-30 02:51:00,3946.93,3947.33,3943.14,3945.45,240
2025-10-30 02:52:00,3945.4,3947.12,3943.06,3943.22,214
2025-10-30 02:53:00,3943.19,3946.38,3943.19,3945.08,206
2025-10-30 02:54:00,3945.15,3947.76,3944.86,3945.39,232
2025-10-30 02:55:00,3945.4,3948.03,3945.4,3945.96,211
2025-10-30 02:56:00,3945.59,3947.69,3944.69,3944.84,204
2025-10-30 02:57:00,3945.0,3946.05,3943.65,3945.18,225
2025-10-30 02:58:00,3945.81,3946.13,3943.88,3945.92,222
2025-10-30 02:59:00,3945.77,3946.12,3943.95,3945.88,216
2025-10-30 03:00:00,3945.79,3949.27,3939.89,3948.46,224
2025-10-30 03:01:00,3947.81,3949.01,3937.83,3938.34,197
2025-10-30 03:02:00,3938.63,3944.74,3938.63,3939.77,198
2025-10-30 03:03:00,3938.9,3942.01,3936.27,3942.0,185
2025-10-30 03:04:00,3942.03,3943.84,3941.64,3942.42,138
2025-10-30 03:05:00,3942.42,3942.91,3940.5,3940.5,115
2025-10-30 03:06:00,3940.51,3940.59,3934.41,3935.71,144
2025-10-30 03:07:00,3935.83,3938.06,3932.29,3934.23,156
2025-10-30 03:08:00,3934.18,3935.31,3933.13,3934.3,174
2025-10-30 03:09:00,3934.38,3940.51,3933.31,3938.6,152
2025-10-30 03:10:00,3938.62,3938.83,3935.62,3937.8,101
2025-10-30 03:11:00,3937.91,3942.6,3937.91,3942.28,121
2025-10-30 03:12:00,3942.32,3943.81,3941.83,3941.85,123
2025-10-30 03:13:00,3941.87,3943.08,3940.94,3941.05,101
2025-10-30 03:14:00,3941.11,3941.95,3940.28,3941.25,92
2025-10-30 03:15:00,3941.28,3942.23,3940.6,3940.87,91
2025-10-30 03:16:00,3941.22,3941.43,3939.04,3939.97,100
2025-10-30 03:17:00,3939.98,3940.99,3938.63,3938.76,128
2025-10-30 03:18:00,3938.82,3939.19,3937.26,3938.63,89
2025-10-30 03:19:00,3938.64,3938.95,3937.78,3938.9,79
2025-10-30 03:20:00,3938.87,3939.61,3937.26,3939.61,103
2025-10-30 03:21:00,3939.58,3942.2,3939.01,3941.59,111
2025-10-30 03:22:00,3941.55,3945.15,3940.65,3941.13,129
2025-10-30 03:23:00,3941.08,3943.09,3940.81,3942.71,124
2025-10-30 03:24:00,3942.76,3952.04,3941.81,3951.82,164
2025-10-30 03:25:00,3951.98,3954.14,3948.78,3954.14,163
2025-10-30 03:26:00,3954.19,3954.19,3944.83,3947.54,166
2025-10-30 03:27:00,3947.4,3951.83,3947.4,3951.77,150
2025-10-30 03:28:00,3951.66,3951.67,3948.26,3948.79,135
2025-10-30 03:29:00,3948.95,3949.33,3946.96,3948.78,143
2025-10-30 03:30:00,3948.89,3950.28,3947.14,3950.28,121
2025-10-30 03:31:00,3950.25,3950.39,3945.08,3945.59,148
2025-10-30 03:32:00,3947.38,3948.63,3944.94,3946.16,113
2025-10-30 03:33:00,3946.25,3948.58,3946.03,3948.02,126
2025-10-30 03:34:00,3948.06,3948.64,3946.38,3946.7,130
2025-10-30 03:35:00,3946.63,3947.49,3944.9,3945.19,120
2025-10-30 03:36:00,3945.17,3946.57,3944.1,3944.11,99
2025-10-30 03:37:00,3944.12,3945.37,3943.67,3944.65,104
2025-10-30 03:38:00,3944.66,3945.47,3944.07,3945.03,87
2025-10-30 03:39:00,3945.22,3945.47,3944.09,3944.66,78
2025-10-30 03:40:00,3944.92,3945.01,3943.65,3944.9,100
2025-10-30 03:41:00,3944.93,3945.9,3944.44,3944.76,111
2025-10-30 03:42:00,3944.79,3944.84,3940.95,3941.36,89
2025-10-30 03:43:00,3941.42,3942.24,3940.2,3941.87,89
2025-10-30 03:44:00,3941.85,3941.89,3935.37,3936.25,166
2025-10-30 03:45:00,3936.56,3941.24,3936.27,3938.62,124
2025-10-30 03:46:00,3938.54,3939.51,3937.92,3938.77,97
2025-10-30 03:47:00,3938.71,3939.13,3932.63,3934.32,140
2025-10-30 03:48:00,3934.3,3935.44,3933.49,3934.99,117
2025-10-30 03:49:00,3935.23,3935.38,3933.77,3933.91,101
2025-10-30 03:50:00,3933.78,3933.78,3931.71,3931.85,100
2025-10-30 03:51:00,3931.94,3932.34,3928.54,3929.29,131
2025-10-30 03:52:00,3929.3,3930.62,3927.94,3929.59,122
2025-10-30 03:53:00,3929.57,3932.32,3929.3,3930.02,113
2025-10-30 03:54:00,3930.04,3930.49,3929.33,3929.64,74
2025-10-30 03:55:00,3930.14,3930.91,3928.32,3929.6,120
2025-10-30 03:56:00,3929.58,3930.9,3929.01,3930.04,77
2025-10-30 03:57:00,3930.1,3931.22,3929.0,3929.01,92
2025-10-30 03:58:00,3929.03,3930.79,3929.03,3930.4,107
2025-10-30 03:59:00,3930.41,3930.88,3929.24,3929.9,106
2025-10-30 05:00:00,3922.63,3928.56,3916.45,3928.34,282
2025-10-30 05:01:00,3928.25,3930.74,3925.63,3927.45,167
2025-10-30 05:02:00,3927.39,3927.47,3925.39,3925.81,63
2025-10-30 05:03:00,3925.85,3928.46,3925.45,3925.98,68
2025-10-30 05:04:00,3926.07,3927.32,3921.38,3922.01,98
2025-10-30 05:05:00,3921.78,3927.41,3917.36,3926.43,185
2025-10-30 05:06:00,3926.39,3926.39,3921.31,3921.86,120
2025-10-30 05:07:00,3921.84,3931.14,3920.86,3931.14,117
2025-10-30 05:08:00,3930.97,3935.16,3929.25,3933.52,139
2025-10-30 05:09:00,3933.54,3934.81,3930.27,3930.37,90
2025-10-30 05:10:00,3930.24,3936.88,3930.18,3935.04,114
2025-10-30 05:11:00,3934.91,3935.81,3934.01,3935.81,69
2025-10-30 05:12:00,3936.07,3937.52,3934.35,3935.41,91
2025-10-30 05:13:00,3935.37,3937.83,3934.31,3937.76,81
2025-10-30 05:14:00,3937.79,3939.99,3936.55,3937.96,91
2025-10-30 05:15:00,3937.86,3938.1,3934.49,3934.7,101
2025-10-30 05:16:00,3934.86,3941.41,3934.74,3940.44,93
2025-10-30 05:17:00,3940.42,3944.82,3935.61,3935.85,162
2025-10-30 05:18:00,3935.05,3935.82,3931.89,3933.85,115
2025-10-30 05:19:00,3933.98,3935.31,3930.26,3930.98,99
2025-10-30 05:20:00,3930.98,3932.8,3929.74,3930.42,82
2025-10-30 05:21:00,3930.54,3931.51,3925.5,3925.5,103
2025-10-30 05:22:00,3925.46,3928.33,3925.05,3926.38,125
2025-10-30 05:23:00,3926.07,3930.73,3926.07,3930.04,101
2025-10-30 05:24:00,3930.01,3932.86,3928.69,3932.84,89
2025-10-30 05:25:00,3932.98,3936.74,3932.2,3935.57,97
2025-10-30 05:26:00,3935.66,3940.89,3934.47,3934.48,134
2025-10-30 05:27:00,3934.48,3936.61,3933.25,3935.93,103
2025-10-30 05:28:00,3935.71,3937.31,3935.5,3937.2,81
2025-10-30 05:29:00,3937.22,3937.57,3936.14,3937.34,58
2025-10-30 05:30:00,3937.4,3937.55,3932.46,3934.04,135
2025-10-30 05:31:00,3934.1,3934.62,3931.6,3933.21,97
2025-10-30 05:32:00,3933.24,3935.47,3931.51,3935.47,109
2025-10-30 05:33:00,3935.46,3937.81,3935.12,3936.37,161
2025-10-30 05:34:00,3936.35,3936.38,3934.77,3935.36,113
2025-10-30 05:35:00,3935.53,3935.97,3934.51,3935.6,102
2025-10-30 05:36:00,3935.61,3939.0,3935.61,3938.91,106
2025-10-30 05:37:00,3938.7,3940.56,3936.27,3936.44,131
2025-10-30 05:38:00,3936.6,3938.2,3936.6,3937.59,98
2025-10-30 05:39:00,3937.61,3939.56,3937.32,3939.56,87
2025-10-30 05:40:00,3939.6,3941.13,3938.11,3941.06,100
2025-10-30 05:41:00,3940.79,3942.0,3939.48,3941.99,92
2025-10-30 05:42:00,3941.77,3941.81,3940.63,3941.77,96
2025-10-30 05:43:00,3941.82,3942.26,3940.96,3942.21,88
2025-10-30 05:44:00,3942.27,3942.27,3940.67,3941.41,72
2025-10-30 05:45:00,3941.44,3944.46,3940.6,3944.46,96
2025-10-30 05:46:00,3944.68,3946.23,3943.27,3944.51,134
2025-10-30 05:47:00,3944.54,3945.23,3943.72,3944.58,105
2025-10-30 05:48:00,3944.55,3947.26,3943.92,3947.11,92
2025-10-30 05:49:00,3947.3,3948.46,3946.21,3946.34,125
2025-10-30 05:50:00,3946.33,3947.01,3944.94,3946.56,88
2025-10-30 05:51:00,3946.58,3946.74,3944.72,3945.36,88
2025-10-30 05:52:00,3945.21,3945.74,3943.9,3943.91,61
2025-10-30 05:53:00,3943.73,3944.8,3942.94,3944.8,85
2025-10-30 05:54:00,3944.87,3944.92,3944.05,3944.3,54
2025-10-30 05:55:00,3944.64,3945.13,3943.12,3945.08,64
2025-10-30 05:56:00,3945.11,3946.24,3943.78,3945.22,85
2025-10-30 05:57:00,3945.21,3945.36,3943.43,3943.59,43
2025-10-30 05:58:00,3943.22,3943.39,3940.94,3940.94,59
2025-10-30 05:59:00,3941.2,3941.7,3940.91,3941.48,96
2025-10-30 06:00:00,3941.39,3942.2,3940.71,3940.85,82
2025-10-30 06:01:00,3940.84,3941.24,3939.63,3940.01,82
2025-10-30 06:02:00,3940.11,3941.8,3939.97,3940.81,76
2025-10-30 06:03:00,3941.14,3943.07,3941.14,3942.24,113
2025-10-30 06:04:00,3942.09,3943.49,3940.8,3942.85,101
2025-10-30 06:05:00,3942.66,3944.39,3941.79,3944.38,112
2025-10-30 06:06:00,3944.31,3948.49,3944.19,3947.02,149
2025-10-30 06:07:00,3946.87,3948.16,3945.54,3945.6,125
2025-10-30 06:08:00,3945.62,3945.85,3942.33,3943.03,100
2025-10-30 06:09:00,3943.24,3944.26,3941.78,3942.22,110
2025-10-30 06:10:00,3942.23,3944.07,3941.91,3944.03,86
2025-10-30 06:11:00,3943.88,3944.54,3943.86,3944.24,59
2025-10-30 06:12:00,3944.4,3946.22,3944.27,3945.72,68
2025-10-30 06:13:00,3945.77,3947.32,3945.11,3946.78,71
2025-10-30 06:14:00,3946.81,3947.23,3945.14,3946.18,67
2025-10-30 06:15:00,3946.15,3948.63,3945.41,3945.41,78
2025-10-30 06:16:00,3945.49,3945.52,3944.39,3944.39,41
2025-10-30 06:17:00,3944.41,3944.64,3943.99,3944.64,43
2025-10-30 06:18:00,3944.65,3945.78,3944.35,3945.22,67
2025-10-30 06:19:00,3945.36,3946.53,3945.35,3946.53,60
2025-10-30 06:20:00,3946.3,3947.34,3946.3,3947.34,52
2025-10-30 06:21:00,3947.35,3947.35,3946.58,3947.31,65
2025-10-30 06:22:00,3947.38,3949.99,3947.35,3949.66,88
2025-10-30 06:23:00,3949.67,3949.9,3948.5,3948.74,67
2025-10-30 06:24:00,3949.13,3950.12,3948.74,3949.76,47
2025-10-30 06:25:00,3949.77,3950.48,3949.17,3950.14,77
2025-10-30 06:26:00,3950.08,3950.88,3949.4,3949.9,67
2025-10-30 06:27:00,3949.94,3950.81,3949.84,3950.81,47
2025-10-30 06:28:00,3950.89,3950.94,3948.83,3950.34,70
2025-10-30 06:29:00,3950.38,3951.36,3950.33,3950.45,73
2025-10-30 06:30:00,3950.42,3950.7,3950.02,3950.02,37
2025-10-30 06:31:00,3950.08,3950.15,3948.41,3948.76,84
2025-10-30 06:32:00,3948.82,3949.92,3948.32,3949.26,95
2025-10-30 06:33:00,3949.25,3950.34,3948.27,3950.34,57
2025-10-30 06:34:00,3950.4,3950.4,3949.23,3950.19,41
2025-10-30 06:35:00,3950.18,3950.18,3948.34,3948.37,54
2025-10-30 06:36:00,3948.3,3948.4,3947.44,3948.26,69
2025-10-30 06:37:00,3948.42,3949.78,3948.09,3949.0,54
2025-10-30 06:38:00,3948.71,3949.54,3947.5,3949.37,76
2025-10-30 06:39:00,3949.25,3949.75,3948.44,3949.51,77
2025-10-30 06:40:00,3949.44,3949.47,3947.64,3947.88,74
2025-10-30 06:41:00,3947.89,3948.64,3947.6,3947.93,52
2025-10-30 06:42:00,3947.77,3947.77,3945.29,3945.67,55
2025-10-30 06:43:00,3945.68,3946.39,3944.24,3944.51,86
2025-10-30 06:44:00,3944.49,3945.22,3944.22,3945.09,85
2025-10-30 06:45:00,3944.86,3944.86,3941.45,3941.5,99
2025-10-30 06:46:00,3941.83,3943.63,3941.16,3942.96,117
2025-10-30 06:47:00,3942.98,3946.48,3942.98,3946.33,66
2025-10-30 06:48:00,3946.29,3948.2,3946.25,3947.72,89
2025-10-30 06:49:00,3947.71,3952.04,3947.03,3952.02,98
2025-10-30 06:50:00,3951.95,3951.99,3947.53,3950.08,117
2025-10-30 06:51:00,3949.74,3950.88,3949.38,3949.88,68
2025-10-30 06:52:00,3949.8,3950.74,3949.4,3950.21,67
2025-10-30 06:53:00,3950.27,3950.27,3948.11,3948.41,46
2025-10-30 06:54:00,3948.25,3948.4,3946.96,3946.96,84
2025-10-30 06:55:00,3946.94,3948.87,3946.76,3948.73,70
2025-10-30 06:56:00,3948.56,3950.07,3948.56,3949.93,73
2025-10-30 06:57:00,3949.84,3950.04,3948.86,3949.69,50
2025-10-30 06:58:00,3949.68,3953.41,3949.58,3953.15,115
2025-10-30 06:59:00,3953.16,3954.15,3952.55,3952.88,109
2025-10-30 07:00:00,3952.79,3955.19,3952.09,3954.69,112
2025-10-30 07:01:00,3954.73,3962.56,3953.74,3962.39,167
2025-10-30 07:02:00,3962.36,3962.36,3956.07,3958.4,197
2025-10-30 07:03:00,3958.55,3960.89,3957.67,3960.38,147
2025-10-30 07:04:00,3960.59,3962.7,3959.0,3959.04,150
2025-10-30 07:05:00,3959.04,3960.07,3958.32,3959.64,182
2025-10-30 07:06:00,3959.7,3959.88,3956.91,3957.88,140
2025-10-30 07:07:00,3957.87,3958.63,3957.04,3957.04,115
2025-10-30 07:08:00,3957.24,3958.35,3956.63,3958.32,103
2025-10-30 07:09:00,3958.57,3959.84,3958.0,3959.84,115
2025-10-30 07:10:00,3959.92,3959.92,3957.75,3958.01,117
2025-10-30 07:11:00,3957.97,3958.73,3955.16,3956.7,114
2025-10-30 07:12:00,3956.68,3957.96,3956.66,3957.51,93
2025-10-30 07:13:00,3957.52,3958.33,3956.45,3957.14,100
2025-10-30 07:14:00,3957.31,3957.99,3956.57,3956.74,84
2025-10-30 07:15:00,3956.6,3956.71,3955.2,3955.25,65
2025-10-30 07:16:00,3955.1,3957.66,3955.1,3957.64,78
2025-10-30 07:17:00,3957.63,3958.61,3956.98,3958.61,78
2025-10-30 07:18:00,3958.64,3960.68,3958.18,3960.4,116
2025-10-30 07:19:00,3960.42,3961.53,3959.75,3961.25,84
2025-10-30 07:20:00,3961.42,3963.95,3961.29,3963.9,135
2025-10-30 07:21:00,3964.14,3964.36,3960.57,3961.56,109
2025-10-30 07:22:00,3961.6,3961.76,3960.34,3960.93,80
2025-10-30 07:23:00,3960.53,3960.6,3959.42,3959.76,54
2025-10-30 07:24:00,3959.65,3959.65,3958.08,3958.95,107
2025-10-30 07:25:00,3959.22,3959.74,3955.73,3957.88,125
2025-10-30 07:26:00,3958.06,3958.15,3955.96,3957.24,94
2025-10-30 07:27:00,3957.11,3961.25,3956.08,3959.56,144
2025-10-30 07:28:00,3959.06,3961.06,3958.67,3959.43,101
2025-10-30 07:29:00,3959.44,3959.44,3957.8,3959.36,111
2025-10-30 07:30:00,3959.89,3960.01,3956.63,3956.64,176
2025-10-30 07:31:00,3956.62,3958.02,3956.49,3957.16,81
2025-10-30 07:32:00,3957.41,3957.92,3957.03,3957.8,105
2025-10-30 07:33:00,3957.81,3957.89,3956.65,3957.13,118
2025-10-30 07:34:00,3957.17,3957.49,3955.81,3957.15,85
2025-10-30 07:35:00,3957.11,3957.6,3956.81,3956.81,56
2025-10-30 07:36:00,3956.82,3957.24,3950.67,3952.06,169
2025-10-30 07:37:00,3952.18,3953.97,3949.94,3951.19,169
2025-10-30 07:38:00,3951.18,3952.27,3950.14,3950.49,119
2025-10-30 07:39:00,3950.46,3950.91,3948.08,3950.22,155
2025-10-30 07:40:00,3950.15,3950.15,3946.51,3948.23,169
2025-10-30 07:41:00,3948.2,3951.01,3948.15,3950.98,169
2025-10-30 07:42:00,3951.19,3951.19,3948.82,3949.3,125
2025-10-30 07:43:00,3949.31,3949.43,3945.64,3945.88,134
2025-10-30 07:44:00,3945.71,3946.24,3941.46,3941.96,205
2025-10-30 07:45:00,3941.97,3944.28,3938.03,3943.27,243
2025-10-30 07:46:00,3943.18,3951.06,3943.14,3948.51,221
2025-10-30 07:47:00,3948.44,3949.32,3946.21,3947.9,171
2025-10-30 07:48:00,3947.78,3948.66,3945.49,3947.33,174
2025-10-30 07:49:00,3947.51,3947.63,3943.74,3944.65,155
2025-10-30 07:50:00,3944.47,3944.52,3943.01,3943.21,133
2025-10-30 07:51:00,3943.22,3944.62,3941.77,3944.62,140
2025-10-30 07:52:00,3944.58,3946.36,3944.52,3945.58,102
2025-10-30 07:53:00,3945.57,3946.74,3945.38,3946.74,87
2025-10-30 07:54:00,3946.76,3948.55,3946.24,3947.18,101
2025-10-30 07:55:00,3947.25,3952.0,3947.19,3952.0,143
2025-10-30 07:56:00,3951.62,3951.94,3949.8,3950.2,131
2025-10-30 07:57:00,3950.17,3952.48,3949.87,3952.34,165
2025-10-30 07:58:00,3952.38,3953.37,3950.66,3951.48,111
2025-10-30 07:59:00,3951.47,3952.55,3950.1,3950.28,100
2025-10-30 08:00:00,3950.68,3957.71,3950.68,3955.27,226
2025-10-30 08:01:00,3955.26,3960.23,3955.19,3957.81,235
2025-10-30 08:02:00,3957.97,3961.75,3956.92,3960.72,226
2025-10-30 08:03:00,3960.71,3961.88,3959.16,3960.55,198
2025-10-30 08:04:00,3960.51,3962.49,3958.72,3960.46,178
2025-10-30 08:05:00,3960.43,3963.77,3959.23,3960.6,213
2025-10-30 08:06:00,3960.58,3966.44,3959.36,3965.68,211
2025-10-30 08:07:00,3965.67,3965.88,3960.89,3962.03,224
2025-10-30 08:08:00,3961.86,3962.49,3959.18,3959.41,176
2025-10-30 08:09:00,3959.43,3960.25,3955.06,3955.34,185
2025-10-30 08:10:00,3955.46,3955.53,3953.06,3953.18,212
2025-10-30 08:11:00,3953.13,3953.78,3949.33,3950.71,212
2025-10-30 08:12:00,3950.39,3950.42,3947.21,3948.3,227
2025-10-30 08:13:00,3948.33,3949.83,3946.4,3946.88,200
2025-10-30 08:14:00,3946.75,3951.03,3945.57,3950.57,231
2025-10-30 08:15:00,3950.61,3950.61,3947.98,3949.3,182
2025-10-30 08:16:00,3949.27,3949.64,3947.67,3949.57,112
2025-10-30 08:17:00,3949.64,3949.67,3948.01,3948.43,146
2025-10-30 08:18:00,3948.44,3949.46,3947.49,3948.98,196
2025-10-30 08:19:00,3949.11,3951.87,3949.11,3950.67,218
2025-10-30 08:20:00,3950.69,3954.7,3950.35,3954.14,221
2025-10-30 08:21:00,3954.15,3955.49,3954.1,3955.02,169
2025-10-30 08:22:00,3955.07,3955.49,3953.87,3954.82,162
2025-10-30 08:23:00,3954.93,3957.33,3951.76,3953.92,216
2025-10-30 08:24:00,3953.93,3954.55,3952.36,3952.63,207
2025-10-30 08:25:00,3952.99,3953.14,3947.58,3947.78,230
2025-10-30 08:26:00,3948.39,3949.43,3946.7,3947.29,207
2025-10-30 08:27:00,3947.27,3950.02,3945.39,3949.21,244
2025-10-30 08:28:00,3949.19,3950.23,3948.25,3948.69,198
2025-10-30 08:29:00,3948.68,3950.93,3948.27,3950.47,159
2025-10-30 08:30:00,3950.34,3951.99,3948.69,3951.73,192
2025-10-30 08:31:00,3951.69,3952.75,3949.94,3951.8,159
2025-10-30 08:32:00,3951.8,3952.19,3950.47,3950.79,162
2025-10-30 08:33:00,3950.92,3952.99,3950.0,3952.59,155
2025-10-30 08:34:00,3952.64,3957.26,3952.62,3956.85,170
2025-10-30 08:35:00,3956.97,3959.55,3956.69,3959.55,184
2025-10-30 08:36:00,3959.53,3959.92,3957.2,3957.85,163
2025-10-30 08:37:00,3957.94,3959.24,3955.68,3956.19,155
2025-10-30 08:38:00,3956.19,3956.55,3954.37,3954.5,146
2025-10-30 08:39:00,3954.51,3954.71,3949.53,3949.65,177
2025-10-30 08:40:00,3949.67,3950.38,3949.12,3949.17,166
2025-10-30 08:41:00,3949.17,3952.08,3947.85,3951.87,203
2025-10-30 08:42:00,3951.89,3956.01,3951.16,3955.01,230
2025-10-30 08:43:00,3955.09,3956.25,3954.76,3955.92,181
2025-10-30 08:44:00,3955.98,3958.07,3955.88,3957.83,143
2025-10-30 08:45:00,3958.25,3958.59,3955.36,3956.2,159
2025-10-30 08:46:00,3956.22,3957.72,3955.7,3956.58,136
2025-10-30 08:47:00,3956.59,3957.04,3955.82,3955.88,86
2025-10-30 08:48:00,3955.82,3956.31,3951.55,3951.69,152
2025-10-30 08:49:00,3951.65,3952.96,3950.79,3951.64,185
2025-10-30 08:50:00,3951.63,3953.72,3949.72,3949.96,159
2025-10-30 08:51:00,3949.95,3951.62,3949.54,3949.77,143
2025-10-30 08:52:00,3949.79,3950.61,3949.17,3950.32,140
2025-10-30 08:53:00,3950.28,3950.41,3949.12,3949.63,117
2025-10-30 08:54:00,3949.66,3950.9,3949.17,3949.17,101
2025-10-30 08:55:00,3949.2,3950.03,3947.96,3949.0,160
2025-10-30 08:56:00,3949.01,3949.32,3948.43,3948.87,91
2025-10-30 08:57:00,3948.87,3949.09,3945.88,3947.19,143
2025-10-30 08:58:00,3947.16,3951.22,3946.27,3951.22,178
2025-10-30 08:59:00,3950.46,3950.49,3946.27,3948.06,160
2025-10-30 09:00:00,3948.05,3948.31,3944.08,3944.52,180
2025-10-30 09:01:00,3944.51,3944.59,3941.86,3944.03,191
2025-10-30 09:02:00,3944.13,3944.35,3941.5,3942.2,185
2025-10-30 09:03:00,3942.18,3942.22,3940.6,3941.21,177
2025-10-30 09:04:00,3941.02,3941.09,3937.36,3937.56,175
2025-10-30 09:05:00,3937.35,3939.15,3935.31,3939.04,169
2025-10-30 09:06:00,3939.03,3942.76,3939.03,3940.25,185
2025-10-30 09:07:00,3940.12,3940.13,3934.28,3934.5,174
2025-10-30 09:08:00,3934.42,3936.49,3933.75,3934.87,192
2025-10-30 09:09:00,3934.93,3936.36,3931.82,3932.42,207
2025-10-30 09:10:00,3932.37,3932.39,3926.38,3926.81,241
2025-10-30 09:11:00,3926.82,3931.31,3926.67,3930.6,231
2025-10-30 09:12:00,3930.61,3936.32,3929.95,3936.32,206
2025-10-30 09:13:00,3936.44,3938.46,3936.12,3938.18,227
2025-10-30 09:14:00,3938.2,3938.21,3936.44,3936.74,171
2025-10-30 09:15:00,3936.64,3937.39,3935.32,3937.3,123
2025-10-30 09:16:00,3937.32,3937.5,3933.67,3937.14,179
2025-10-30 09:17:00,3937.16,3937.92,3937.16,3937.84,121
2025-10-30 09:18:00,3937.8,3937.92,3936.67,3937.7,79
2025-10-30 09:19:00,3937.74,3937.74,3935.57,3936.49,126
2025-10-30 09:20:00,3936.71,3936.98,3936.09,3936.61,98
2025-10-30 09:21:00,3936.62,3936.92,3936.22,3936.6,78
2025-10-30 09:22:00,3936.48,3938.0,3935.38,3937.8,94
2025-10-30 09:23:00,3937.71,3938.61,3937.42,3937.63,127
2025-10-30 09:24:00,3937.66,3938.09,3933.88,3933.88,98
2025-10-30 09:25:00,3933.96,3936.11,3933.93,3935.37,174
2025-10-30 09:26:00,3935.62,3936.59,3934.8,3934.8,112
2025-10-30 09:27:00,3934.97,3934.97,3933.19,3933.33,134
2025-10-30 09:28:00,3933.38,3934.38,3933.1,3934.12,113
2025-10-30 09:29:00,3934.11,3934.29,3932.5,3934.01,125
2025-10-30 09:30:00,3933.88,3934.16,3930.84,3931.54,193
2025-10-30 09:31:00,3931.59,3936.19,3931.59,3933.92,183
2025-10-30 09:32:00,3933.97,3937.15,3933.97,3936.43,166
2025-10-30 09:33:00,3936.22,3939.84,3935.5,3937.75,191
2025-10-30 09:34:00,3937.82,3940.11,3937.07,3938.23,179
2025-10-30 09:35:00,3938.28,3940.07,3938.21,3938.59,140
2025-10-30 09:36:00,3938.6,3939.61,3935.79,3938.15,179
2025-10-30 09:37:00,3938.17,3941.21,3938.08,3940.89,149
2025-10-30 09:38:00,3940.95,3941.95,3938.98,3939.05,165
2025-10-30 09:39:00,3939.06,3939.07,3936.83,3938.06,175
2025-10-30 09:40:00,3938.07,3940.05,3937.92,3939.43,110
2025-10-30 09:41:00,3939.54,3940.8,3938.49,3939.39,123
2025-10-30 09:42:00,3939.32,3939.95,3935.64,3938.62,175
2025-10-30 09:43:00,3938.6,3940.07,3937.14,3937.14,121
2025-10-30 09:44:00,3937.17,3938.63,3936.49,3937.07,142
2025-10-30 09:45:00,3937.08,3937.95,3935.86,3936.16,150
2025-10-30 09:46:00,3935.81,3938.6,3935.53,3938.16,130
2025-10-30 09:47:00,3937.92,3938.08,3931.97,3932.38,159
2025-10-30 09:48:00,3932.39,3934.47,3931.37,3931.59,161
2025-10-30 09:49:00,3931.57,3931.57,3928.38,3929.56,189
2025-10-30 09:50:00,3929.38,3932.57,3928.86,3930.74,168
2025-10-30 09:51:00,3930.75,3931.37,3927.94,3927.96,176
2025-10-30 09:52:00,3928.13,3928.58,3925.87,3928.13,167
2025-10-30 09:53:00,3928.14,3929.79,3928.12,3928.72,144
2025-10-30 09:54:00,3928.78,3929.04,3927.78,3929.03,103
2025-10-30 09:55:00,3928.98,3929.04,3925.06,3925.11,134
2025-10-30 09:56:00,3925.08,3926.93,3923.63,3925.13,196
2025-10-30 09:57:00,3925.1,3929.55,3924.82,3927.83,157
2025-10-30 09:58:00,3927.93,3928.12,3923.14,3923.77,186
2025-10-30 09:59:00,3923.98,3924.97,3921.86,3922.0,202
2025-10-30 10:00:00,3922.06,3922.3,3918.24,3919.2,214
2025-10-30 10:01:00,3919.03,3919.91,3915.69,3915.88,232
2025-10-30 10:02:00,3915.9,3922.25,3915.54,3921.93,203
2025-10-30 10:03:00,3921.99,3922.61,3920.1,3921.71,194
2025-10-30 10:04:00,3921.57,3922.59,3918.9,3920.64,183
2025-10-30 10:05:00,3920.33,3922.41,3920.2,3920.96,150
2025-10-30 10:06:00,3921.34,3925.02,3921.0,3924.56,167
2025-10-30 10:07:00,3924.59,3927.85,3924.09,3927.69,170
2025-10-30 10:08:00,3927.7,3928.32,3924.66,3924.93,150
2025-10-30 10:09:00,3924.75,3924.96,3922.35,3924.46,152
2025-10-30 10:10:00,3924.41,3925.46,3923.82,3924.37,121
2025-10-30 10:11:00,3924.36,3927.01,3924.17,3926.2,113
2025-10-30 10:12:00,3926.16,3927.27,3924.66,3927.27,117
2025-10-30 10:13:00,3927.44,3927.84,3926.14,3927.48,105
2025-10-30 10:14:00,3927.5,3929.47,3927.36,3928.84,104
2025-10-30 10:15:00,3929.18,3929.23,3927.2,3928.69,208
2025-10-30 10:16:00,3928.7,3928.92,3926.22,3926.24,182
2025-10-30 10:17:00,3926.32,3928.09,3926.07,3927.9,166
2025-10-30 10:18:00,3927.93,3928.41,3926.87,3928.16,126
2025-10-30 10:19:00,3928.18,3930.7,3927.54,3930.7,135
2025-10-30 10:20:00,3930.71,3931.9,3929.31,3929.64,197
2025-10-30 10:21:00,3929.66,3930.55,3928.93,3929.19,143
2025-10-30 10:22:00,3929.5,3929.99,3929.08,3929.54,101
2025-10-30 10:23:00,3929.51,3930.93,3929.42,3929.93,96
2025-10-30 10:24:00,3929.89,3931.09,3929.67,3930.5,104
2025-10-30 10:25:00,3930.66,3931.92,3929.38,3931.89,111
2025-10-30 10:26:00,3931.9,3933.15,3931.59,3932.75,168
2025-10-30 10:27:00,3932.75,3934.94,3932.25,3934.41,133
2025-10-30 10:28:00,3934.43,3934.51,3933.24,3933.95,123
2025-10-30 10:29:00,3933.93,3933.93,3932.2,3932.98,131
2025-10-30 10:30:00,3933.08,3935.16,3932.61,3935.1,149
2025-10-30 10:31:00,3934.92,3937.06,3934.24,3936.66,152
2025-10-30 10:32:00,3936.67,3936.89,3935.52,3935.81,133
2025-10-30 10:33:00,3935.78,3936.0,3934.97,3935.38,108
2025-10-30 10:34:00,3935.35,3935.87,3934.81,3935.06,98
2025-10-30 10:35:00,3935.22,3935.85,3935.2,3935.69,91
2025-10-30 10:36:00,3935.68,3936.91,3935.46,3936.29,120
2025-10-30 10:37:00,3936.26,3937.69,3936.15,3936.97,90
2025-10-30 10:38:00,3937.0,3937.33,3935.66,3936.5,105
2025-10-30 10:39:00,3936.48,3936.76,3936.19,3936.62,73
2025-10-30 10:40:00,3936.63,3936.88,3935.1,3935.8,112
2025-10-30 10:41:00,3935.77,3936.15,3934.59,3934.68,96
2025-10-30 10:42:00,3934.75,3934.77,3932.24,3932.32,133
2025-10-30 10:43:00,3932.17,3934.12,3931.69,3933.09,161
2025-10-30 10:44:00,3933.07,3933.09,3931.67,3932.77,121
2025-10-30 10:45:00,3932.75,3933.97,3932.41,3932.55,93
2025-10-30 10:46:00,3931.84,3932.74,3930.75,3932.39,140
2025-10-30 10:47:00,3932.33,3933.21,3932.07,3932.09,74
2025-10-30 10:48:00,3932.07,3932.68,3931.77,3932.67,53
2025-10-30 10:49:00,3932.66,3932.66,3930.43,3930.49,123
2025-10-30 10:50:00,3930.53,3930.98,3929.97,3930.88,99
2025-10-30 10:51:00,3930.84,3933.24,3930.83,3933.03,85
2025-10-30 10:52:00,3933.02,3935.1,3932.87,3934.93,80
2025-10-30 10:53:00,3934.94,3936.29,3934.83,3935.25,100
2025-10-30 10:54:00,3935.28,3935.28,3932.73,3934.27,109
2025-10-30 10:55:00,3934.29,3934.3,3932.53,3932.53,108
2025-10-30 10:56:00,3932.46,3933.84,3932.38,3933.03,104
2025-10-30 10:57:00,3933.0,3935.61,3932.85,3935.61,120
2025-10-30 10:58:00,3935.56,3936.88,3935.43,3936.04,135
2025-10-30 10:59:00,3936.21,3938.14,3936.21,3938.01,107
2025-10-30 11:00:00,3938.13,3940.9,3938.11,3939.85,182
2025-10-30 11:01:00,3939.82,3940.55,3939.54,3940.54,125
2025-10-30 11:02:00,3940.61,3942.1,3939.96,3940.55,125
2025-10-30 11:03:00,3940.56,3940.87,3937.08,3938.79,169
2025-10-30 11:04:00,3938.97,3939.11,3936.62,3936.82,146
2025-10-30 11:05:00,3936.91,3937.3,3934.96,3937.12,182
2025-10-30 11:06:00,3937.14,3938.08,3937.14,3937.33,146
2025-10-30 11:07:00,3937.35,3939.22,3937.03,3938.97,129
2025-10-30 11:08:00,3938.91,3940.6,3938.57,3939.63,139
2025-10-30 11:09:00,3939.62,3943.59,3939.58,3941.31,215
2025-10-30 11:10:00,3941.34,3943.01,3939.97,3942.62,226
2025-10-30 11:11:00,3942.57,3943.66,3940.88,3940.91,200
2025-10-30 11:12:00,3940.89,3941.75,3939.87,3940.68,180
2025-10-30 11:13:00,3940.66,3943.13,3940.41,3942.72,202
2025-10-30 11:14:00,3942.75,3943.67,3942.06,3943.35,217
2025-10-30 11:15:00,3943.38,3943.91,3941.78,3941.95,204
2025-10-30 11:16:00,3941.94,3943.28,3941.81,3942.41,182
2025-10-30 11:17:00,3942.41,3944.31,3941.79,3944.31,175
2025-10-30 11:18:00,3944.33,3948.74,3944.33,3948.17,219
2025-10-30 11:19:00,3948.16,3949.79,3947.3,3948.88,193
2025-10-30 11:20:00,3948.9,3949.62,3947.46,3948.92,169
2025-10-30 11:21:00,3948.88,3953.62,3948.88,3951.89,209
2025-10-30 11:22:00,3951.8,3953.53,3951.42,3953.2,146
2025-10-30 11:23:00,3953.18,3953.63,3951.75,3952.69,187
2025-10-30 11:24:00,3952.68,3953.39,3951.76,3952.42,253
2025-10-30 11:25:00,3952.18,3953.49,3951.98,3952.64,197
2025-10-30 11:26:00,3952.69,3956.49,3952.69,3954.33,172
2025-10-30 11:27:00,3954.3,3956.28,3952.97,3956.0,179
2025-10-30 11:28:00,3956.05,3957.64,3956.05,3957.17,165
2025-10-30 11:29:00,3957.16,3959.42,3957.16,3959.42,194
2025-10-30 11:30:00,3959.41,3962.59,3958.57,3961.97,192
2025-10-30 11:31:00,3961.75,3964.47,3960.94,3963.51,195
2025-10-30 11:32:00,3963.62,3964.49,3961.93,3962.28,185
2025-10-30 11:33:00,3962.25,3964.52,3961.09,3964.12,238
2025-10-30 11:34:00,3964.1,3970.29,3963.73,3969.15,238
2025-10-30 11:35:00,3968.97,3974.21,3966.17,3971.56,244
2025-10-30 11:36:00,3971.43,3979.88,3966.52,3977.83,265
2025-10-30 11:37:00,3977.88,3982.55,3972.61,3981.74,253
2025-10-30 11:38:00,3981.78,3981.78,3977.4,3977.8,238
2025-10-30 11:39:00,3977.69,3977.95,3972.72,3973.03,230
2025-10-30 11:40:00,3973.05,3977.19,3972.62,3975.96,202
2025-10-30 11:41:00,3975.68,3976.87,3973.79,3974.89,187
2025-10-30 11:42:00,3974.85,3980.08,3974.65,3979.63,178
2025-10-30 11:43:00,3979.64,3980.48,3976.31,3976.69,197
2025-10-30 11:44:00,3976.72,3980.35,3975.59,3979.03,194
2025-10-30 11:45:00,3979.01,3981.76,3977.11,3980.42,175
2025-10-30 11:46:00,3980.35,3980.53,3978.02,3978.57,145
2025-10-30 11:47:00,3978.92,3979.91,3976.66,3976.83,180
2025-10-30 11:48:00,3977.17,3977.58,3974.52,3974.99,223
2025-10-30 11:49:00,3975.37,3979.55,3974.95,3978.6,173
2025-10-30 11:50:00,3978.46,3981.16,3978.46,3979.86,221
2025-10-30 11:51:00,3979.78,3981.8,3978.0,3978.0,152
2025-10-30 11:52:00,3977.98,3978.54,3974.04,3978.0,197
2025-10-30 11:53:00,3978.02,3978.12,3974.53,3975.34,159
2025-10-30 11:54:00,3975.64,3976.78,3974.53,3974.63,179
2025-10-30 11:55:00,3974.63,3974.63,3971.93,3973.3,195
2025-10-30 11:56:00,3973.29,3973.37,3971.49,3972.28,194
2025-10-30 11:57:00,3972.3,3975.16,3972.3,3973.94,168
2025-10-30 11:58:00,3973.89,3976.14,3973.47,3973.52,166
2025-10-30 11:59:00,3973.55,3974.54,3972.41,3972.56,168
2025-10-30 12:00:00,3972.62,3976.06,3971.39,3973.29,219
2025-10-30 12:01:00,3973.41,3975.12,3972.32,3975.12,196
2025-10-30 12:02:00,3975.13,3978.18,3975.05,3977.84,204
2025-10-30 12:03:00,3977.47,3977.79,3973.93,3975.04,192
2025-10-30 12:04:00,3975.06,3975.06,3970.69,3971.43,174
2025-10-30 12:05:00,3971.44,3972.98,3969.29,3970.2,231
2025-10-30 12:06:00,3970.63,3971.76,3969.79,3971.26,177
2025-10-30 12:07:00,3971.35,3971.53,3969.6,3970.22,180
2025-10-30 12:08:00,3970.23,3972.97,3969.5,3972.78,174
2025-10-30 12:09:00,3972.79,3973.95,3972.05,3972.52,164
2025-10-30 12:10:00,3972.58,3972.79,3970.13,3970.23,129
2025-10-30 12:11:00,3970.23,3970.23,3968.62,3969.95,171
2025-10-30 12:12:00,3969.96,3969.98,3963.64,3965.1,252
2025-10-30 12:13:00,3965.18,3967.7,3963.57,3964.67,222
2025-10-30 12:14:00,3964.68,3964.72,3961.64,3962.99,223
2025-10-30 12:15:00,3962.98,3964.69,3962.75,3962.78,165
2025-10-30 12:16:00,3962.88,3963.48,3960.68,3961.17,208
2025-10-30 12:17:00,3961.08,3961.23,3959.44,3959.92,218
2025-10-30 12:18:00,3960.0,3961.45,3959.34,3960.38,161
2025-10-30 12:19:00,3960.3,3960.77,3957.57,3958.37,189
2025-10-30 12:20:00,3958.36,3961.53,3958.36,3961.35,146
2025-10-30 12:21:00,3961.28,3964.07,3960.68,3963.5,214
2025-10-30 12:22:00,3963.43,3964.92,3963.07,3964.59,147
2025-10-30 12:23:00,3964.45,3964.89,3962.45,3962.65,139
2025-10-30 12:24:00,3962.72,3963.36,3958.07,3958.24,214
2025-10-30 12:25:00,3958.15,3958.15,3952.98,3953.55,237
2025-10-30 12:26:00,3953.57,3955.57,3949.93,3952.94,207
2025-10-30 12:27:00,3953.29,3954.45,3950.55,3951.83,195
2025-10-30 12:28:00,3952.0,3953.21,3951.05,3952.84,201
2025-10-30 12:29:00,3952.94,3953.78,3948.78,3950.53,172
2025-10-30 12:30:00,3950.5,3953.1,3948.74,3950.85,227
2025-10-30 12:31:00,3950.79,3951.41,3947.08,3950.94,205
2025-10-30 12:32:00,3950.89,3954.85,3950.25,3954.36,254
2025-10-30 12:33:00,3954.43,3954.52,3949.58,3950.66,186
2025-10-30 12:34:00,3950.6,3955.0,3950.34,3955.0,184
2025-10-30 12:35:00,3955.06,3957.92,3954.75,3956.7,228
2025-10-30 12:36:00,3956.56,3958.6,3955.82,3956.58,226
2025-10-30 12:37:00,3956.66,3959.25,3956.57,3959.13,173
2025-10-30 12:38:00,3959.16,3959.16,3956.81,3958.42,181
2025-10-30 12:39:00,3958.14,3958.27,3956.99,3957.69,224
2025-10-30 12:40:00,3957.73,3960.56,3957.73,3959.42,189
2025-10-30 12:41:00,3959.45,3963.23,3959.33,3962.02,229
2025-10-30 12:42:00,3962.01,3963.57,3959.46,3959.62,195
2025-10-30 12:43:00,3959.59,3961.12,3957.72,3957.92,186
2025-10-30 12:44:00,3957.96,3963.08,3957.87,3962.62,214
2025-10-30 12:45:00,3962.59,3963.76,3961.29,3963.27,178
2025-10-30 12:46:00,3963.3,3966.27,3962.88,3965.4,198
2025-10-30 12:47:00,3965.39,3968.6,3964.8,3968.3,207
2025-10-30 12:48:00,3968.09,3970.31,3967.53,3969.9,223
2025-10-30 12:49:00,3969.81,3971.06,3967.41,3968.66,247
2025-10-30 12:50:00,3968.62,3972.96,3968.59,3972.96,210
2025-10-30 12:51:00,3973.02,3973.82,3969.31,3969.43,201
2025-10-30 12:52:00,3969.46,3970.95,3968.0,3968.85,231
2025-10-30 12:53:00,3968.8,3969.54,3967.43,3968.02,216
2025-10-30 12:54:00,3968.1,3968.1,3964.86,3965.3,209
2025-10-30 12:55:00,3965.27,3965.41,3964.17,3965.06,199
2025-10-30 12:56:00,3965.07,3965.08,3961.09,3962.24,205
2025-10-30 12:57:00,3962.25,3964.76,3960.91,3964.61,187
2025-10-30 12:58:00,3964.64,3964.7,3963.0,3963.86,175
2025-10-30 12:59:00,3963.76,3963.95,3961.81,3963.71,171
2025-10-30 13:00:00,3963.85,3965.89,3961.37,3963.97,249
2025-10-30 13:01:00,3963.85,3967.81,3963.85,3967.33,216
2025-10-30 13:02:00,3967.67,3968.13,3965.8,3966.35,152
2025-10-30 13:03:00,3966.68,3971.05,3965.9,3968.47,214
2025-10-30 13:04:00,3968.46,3969.4,3966.37,3967.15,151
2025-10-30 13:05:00,3967.11,3970.18,3966.97,3969.07,181
2025-10-30 13:06:00,3969.19,3969.63,3967.6,3968.87,143
2025-10-30 13:07:00,3968.88,3969.1,3963.87,3964.64,191
2025-10-30 13:08:00,3964.59,3965.47,3962.9,3965.07,202
2025-10-30 13:09:00,3965.13,3966.48,3963.89,3964.82,134
2025-10-30 13:10:00,3964.81,3966.12,3962.03,3962.42,189
2025-10-30 13:11:00,3962.47,3964.35,3959.67,3961.07,229
2025-10-30 13:12:00,3961.0,3961.02,3956.46,3957.58,222
2025-10-30 13:13:00,3957.58,3962.02,3956.68,3960.62,193
2025-10-30 13:14:00,3960.6,3964.69,3959.93,3962.41,167
2025-10-30 13:15:00,3962.34,3963.7,3961.14,3961.81,132
2025-10-30 13:16:00,3961.89,3962.01,3959.75,3959.75,125
2025-10-30 13:17:00,3959.65,3961.61,3958.71,3959.75,226
2025-10-30 13:18:00,3959.84,3963.39,3959.43,3963.28,204
2025-10-30 13:19:00,3963.27,3966.59,3962.23,3966.25,232
2025-10-30 13:20:00,3966.32,3970.58,3966.14,3968.41,243
2025-10-30 13:21:00,3968.39,3968.9,3964.58,3964.69,219
2025-10-30 13:22:00,3964.66,3965.84,3962.61,3964.02,226
2025-10-30 13:23:00,3964.24,3964.53,3959.88,3959.97,217
2025-10-30 13:24:00,3959.96,3964.32,3958.58,3963.56,226
2025-10-30 13:25:00,3963.45,3963.45,3960.57,3961.19,184
2025-10-30 13:26:00,3961.12,3963.32,3960.63,3961.05,143
2025-10-30 13:27:00,3960.99,3962.42,3960.07,3962.42,165
2025-10-30 13:28:00,3962.42,3965.14,3962.42,3964.71,160
2025-10-30 13:29:00,3964.72,3967.01,3964.09,3965.11,172
2025-10-30 13:30:00,3965.06,3968.48,3964.7,3964.82,214
2025-10-30 13:31:00,3964.83,3967.69,3964.33,3967.13,203
2025-10-30 13:32:00,3966.94,3967.3,3964.41,3966.54,156
2025-10-30 13:33:00,3966.56,3966.56,3962.41,3964.3,159
2025-10-30 13:34:00,3964.31,3965.48,3960.54,3961.85,195
2025-10-30 13:35:00,3961.87,3962.11,3960.05,3960.94,173
2025-10-30 13:36:00,3961.07,3961.78,3957.48,3959.87,182
2025-10-30 13:37:00,3959.85,3960.14,3956.84,3958.38,204
2025-10-30 13:38:00,3958.49,3964.59,3958.38,3962.38,211
2025-10-30 13:39:00,3962.33,3962.37,3960.92,3961.11,151
2025-10-30 13:40:00,3961.09,3962.73,3960.48,3962.63,158
2025-10-30 13:41:00,3962.68,3964.56,3961.8,3963.25,181
2025-10-30 13:42:00,3963.2,3964.71,3960.49,3960.52,175
2025-10-30 13:43:00,3960.51,3961.08,3959.93,3960.76,142
2025-10-30 13:44:00,3960.73,3965.81,3960.72,3965.8,128
2025-10-30 13:45:00,3965.77,3965.8,3961.95,3964.67,115
2025-10-30 13:46:00,3964.5,3965.13,3962.81,3963.81,163
2025-10-30 13:47:00,3963.95,3964.89,3963.59,3964.04,106
2025-10-30 13:48:00,3964.44,3966.36,3964.44,3966.29,135
2025-10-30 13:49:00,3966.32,3968.45,3964.01,3967.46,175
2025-10-30 13:50:00,3967.26,3968.02,3966.1,3966.55,163
2025-10-30 13:51:00,3966.52,3967.4,3965.28,3965.41,154
2025-10-30 13:52:00,3965.39,3966.18,3964.08,3964.4,152
2025-10-30 13:53:00,3964.59,3966.65,3964.52,3965.54,123
2025-10-30 13:54:00,3965.53,3967.27,3965.3,3966.51,137
2025-10-30 13:55:00,3966.45,3968.68,3966.05,3968.16,155
2025-10-30 13:56:00,3968.34,3970.53,3968.28,3969.86,155
2025-10-30 13:57:00,3969.96,3973.91,3969.38,3973.37,203
2025-10-30 13:58:00,3973.5,3976.2,3972.45,3975.93,235
2025-10-30 13:59:00,3975.94,3977.31,3975.28,3976.94,211
2025-10-30 14:00:00,3976.78,3977.41,3973.03,3973.37,224
2025-10-30 14:01:00,3973.36,3974.02,3971.55,3972.22,173
2025-10-30 14:02:00,3972.23,3972.23,3971.12,3971.91,175
2025-10-30 14:03:00,3971.89,3973.24,3971.14,3973.23,186
2025-10-30 14:04:00,3973.25,3976.16,3972.68,3975.3,162
2025-10-30 14:05:00,3974.78,3974.97,3972.16,3972.23,156
2025-10-30 14:06:00,3972.27,3974.41,3971.71,3973.65,160
2025-10-30 14:07:00,3973.79,3974.34,3969.45,3969.64,212
2025-10-30 14:08:00,3969.82,3972.24,3969.58,3972.21,216
2025-10-30 14:09:00,3972.21,3972.64,3970.15,3970.7,149
2025-10-30 14:10:00,3970.63,3975.99,3970.44,3975.31,196
2025-10-30 14:11:00,3975.32,3975.44,3971.43,3971.47,128
2025-10-30 14:12:00,3971.45,3971.82,3970.09,3971.8,141
2025-10-30 14:13:00,3972.03,3972.15,3970.07,3972.14,150
2025-10-30 14:14:00,3972.21,3972.21,3970.18,3970.44,125
2025-10-30 14:15:00,3970.44,3970.54,3967.95,3969.09,160
2025-10-30 14:16:00,3969.07,3970.11,3967.88,3968.4,136
2025-10-30 14:17:00,3968.41,3971.86,3968.4,3970.9,161
2025-10-30 14:18:00,3970.92,3972.61,3970.73,3972.17,165
2025-10-30 14:19:00,3972.18,3972.19,3968.61,3968.98,169
2025-10-30 14:20:00,3969.0,3970.16,3968.59,3970.16,150
2025-10-30 14:21:00,3970.12,3971.03,3969.55,3971.0,106
2025-10-30 14:22:00,3971.42,3972.47,3971.37,3971.7,113
2025-10-30 14:23:00,3971.68,3971.69,3968.75,3969.58,111
2025-10-30 14:24:00,3969.52,3970.08,3968.5,3968.88,123
2025-10-30 14:25:00,3968.87,3968.92,3966.0,3966.51,157
2025-10-30 14:26:00,3966.16,3966.16,3961.85,3962.55,202
2025-10-30 14:27:00,3962.53,3965.99,3960.42,3965.45,199
2025-10-30 14:28:00,3965.47,3966.83,3962.38,3966.83,179
2025-10-30 14:29:00,3966.79,3968.47,3964.83,3968.34,144
2025-10-30 14:30:00,3968.62,3969.68,3966.32,3966.62,170
2025-10-30 14:31:00,3966.62,3966.63,3964.0,3964.79,163
2025-10-30 14:32:00,3964.74,3965.61,3963.48,3963.49,122
2025-10-30 14:33:00,3963.54,3963.89,3961.41,3961.95,173
2025-10-30 14:34:00,3961.94,3963.32,3960.8,3961.95,154
2025-10-30 14:35:00,3961.91,3963.85,3958.56,3962.65,197
2025-10-30 14:36:00,3962.63,3965.61,3961.92,3965.29,196
2025-10-30 14:37:00,3965.31,3965.31,3962.38,3963.43,188
2025-10-30 14:38:00,3963.41,3963.48,3961.65,3963.47,169
2025-10-30 14:39:00,3963.43,3963.73,3962.52,3963.66,159
2025-10-30 14:40:00,3963.63,3964.27,3962.08,3963.78,157
2025-10-30 14:41:00,3963.8,3965.41,3963.74,3965.24,144
2025-10-30 14:42:00,3965.47,3965.47,3963.21,3964.94,145
2025-10-30 14:43:00,3964.8,3966.19,3962.71,3963.14,160
2025-10-30 14:44:00,3963.11,3964.46,3960.88,3962.25,145
2025-10-30 14:45:00,3962.11,3962.11,3960.68,3961.53,145
2025-10-30 14:46:00,3961.52,3961.53,3959.98,3961.15,154
2025-10-30 14:47:00,3960.86,3961.25,3959.27,3959.8,174
2025-10-30 14:48:00,3959.86,3960.84,3959.12,3960.42,189
2025-10-30 14:49:00,3960.4,3961.59,3959.14,3959.97,162
2025-10-30 14:50:00,3959.85,3960.82,3959.12,3960.25,138
2025-10-30 14:51:00,3960.23,3960.49,3958.63,3958.92,126
2025-10-30 14:52:00,3958.91,3959.35,3957.96,3959.04,174
2025-10-30 14:53:00,3959.01,3959.39,3958.14,3958.56,118
2025-10-30 14:54:00,3958.54,3959.53,3958.18,3958.83,127
2025-10-30 14:55:00,3958.82,3960.38,3958.82,3960.38,191
2025-10-30 14:56:00,3960.45,3960.71,3958.12,3958.28,149
2025-10-30 14:57:00,3958.29,3958.37,3955.97,3956.07,151
2025-10-30 14:58:00,3956.05,3959.11,3956.05,3958.36,155
2025-10-30 14:59:00,3958.38,3961.3,3957.82,3961.24,123
2025-10-30 15:00:00,3961.23,3966.62,3960.3,3966.3,207
2025-10-30 15:01:00,3966.09,3967.12,3965.17,3965.68,180
2025-10-30 15:02:00,3965.7,3966.29,3963.12,3963.75,206
2025-10-30 15:03:00,3963.7,3965.97,3962.25,3964.5,219
2025-10-30 15:04:00,3964.44,3965.46,3962.61,3964.37,206
2025-10-30 15:05:00,3964.4,3964.57,3961.0,3962.48,221
2025-10-30 15:06:00,3962.44,3966.27,3962.37,3964.04,198
2025-10-30 15:07:00,3964.11,3966.01,3963.21,3964.98,202
2025-10-30 15:08:00,3964.97,3964.99,3962.93,3962.93,181
2025-10-30 15:09:00,3962.95,3965.42,3962.51,3964.87,127
2025-10-30 15:10:00,3964.87,3967.04,3964.27,3965.74,161
2025-10-30 15:11:00,3965.75,3967.22,3964.37,3966.93,145
2025-10-30 15:12:00,3967.01,3969.13,3966.47,3967.33,182
2025-10-30 15:13:00,3967.35,3969.31,3966.38,3967.55,155
2025-10-30 15:14:00,3967.56,3967.77,3965.84,3965.93,156
2025-10-30 15:15:00,3965.83,3968.28,3964.55,3967.11,147
2025-10-30 15:16:00,3967.1,3969.58,3966.32,3969.58,101
2025-10-30 15:17:00,3969.6,3972.11,3969.23,3970.36,180
2025-10-30 15:18:00,3970.31,3970.69,3969.01,3970.41,131
2025-10-30 15:19:00,3970.42,3970.67,3968.87,3969.4,153
2025-10-30 15:20:00,3969.39,3969.51,3967.66,3967.66,114
2025-10-30 15:21:00,3967.65,3970.19,3967.65,3969.31,106
2025-10-30 15:22:00,3969.2,3969.8,3968.64,3968.66,107
2025-10-30 15:23:00,3968.37,3968.37,3966.24,3966.24,123
2025-10-30 15:24:00,3966.48,3968.41,3966.48,3967.59,156
2025-10-30 15:25:00,3967.67,3970.57,3967.29,3968.76,213
2025-10-30 15:26:00,3968.73,3971.74,3968.32,3971.44,138
2025-10-30 15:27:00,3971.43,3973.57,3970.59,3971.06,176
2025-10-30 15:28:00,3971.0,3973.11,3970.52,3973.11,157
2025-10-30 15:29:00,3973.12,3974.54,3972.77,3973.16,173
2025-10-30 15:30:00,3973.08,3974.16,3971.82,3972.62,168
2025-10-30 15:31:00,3972.64,3972.64,3969.78,3970.15,196
2025-10-30 15:32:00,3970.11,3972.42,3970.04,3970.05,186
2025-10-30 15:33:00,3970.08,3971.36,3969.61,3970.33,133
2025-10-30 15:34:00,3970.37,3971.55,3969.15,3971.3,184
2025-10-30 15:35:00,3971.03,3971.68,3969.32,3969.42,179
2025-10-30 15:36:00,3969.43,3969.69,3968.51,3968.64,134
2025-10-30 15:37:00,3968.58,3970.02,3968.56,3968.61,198
2025-10-30 15:38:00,3968.66,3970.82,3968.47,3970.53,116
2025-10-30 15:39:00,3970.57,3971.81,3970.53,3971.77,151
2025-10-30 15:40:00,3971.8,3972.57,3970.28,3972.27,138
2025-10-30 15:41:00,3972.19,3974.99,3972.14,3974.0,163
2025-10-30 15:42:00,3974.0,3974.86,3972.42,3972.49,143
2025-10-30 15:43:00,3972.59,3973.48,3971.75,3972.13,147
2025-10-30 15:44:00,3972.19,3974.99,3971.74,3973.97,158
2025-10-30 15:45:00,3974.22,3974.43,3972.08,3972.51,118
2025-10-30 15:46:00,3972.56,3974.04,3972.22,3972.37,154
2025-10-30 15:47:00,3972.15,3973.38,3971.6,3972.28,148
2025-10-30 15:48:00,3972.29,3974.48,3972.29,3973.44,138
2025-10-30 15:49:00,3973.45,3973.65,3971.61,3971.71,153
2025-10-30 15:50:00,3971.79,3975.09,3971.79,3973.09,143
2025-10-30 15:51:00,3972.82,3973.92,3971.84,3973.21,135
2025-10-30 15:52:00,3973.24,3974.05,3972.5,3973.23,162
2025-10-30 15:53:00,3973.21,3973.67,3972.59,3973.14,106
2025-10-30 15:54:00,3973.1,3973.54,3972.42,3973.49,123
2025-10-30 15:55:00,3973.41,3974.81,3972.92,3972.99,124
2025-10-30 15:56:00,3972.96,3974.08,3972.44,3973.94,86
2025-10-30 15:57:00,3973.72,3974.87,3973.31,3974.57,86
2025-10-30 15:58:00,3974.67,3976.48,3974.58,3975.95,115
2025-10-30 15:59:00,3975.97,3976.81,3975.57,3976.5,102
2025-10-30 16:00:00,3976.51,3981.27,3976.09,3981.23,178
2025-10-30 16:01:00,3981.36,3984.62,3981.36,3984.32,195
2025-10-30 16:02:00,3984.42,3985.62,3983.37,3985.62,206
2025-10-30 16:03:00,3985.78,3989.89,3985.12,3989.58,231
2025-10-30 16:04:00,3989.55,3990.24,3987.9,3989.14,215
2025-10-30 16:05:00,3989.1,3994.75,3989.06,3993.12,247
2025-10-30 16:06:00,3993.14,3994.14,3992.08,3993.0,223
2025-10-30 16:07:00,3993.05,3998.05,3993.04,3995.89,202
2025-10-30 16:08:00,3995.88,3996.36,3994.16,3996.09,202
2025-10-30 16:09:00,3996.4,3996.41,3994.2,3995.03,172
2025-10-30 16:10:00,3995.0,4002.41,3995.0,4002.25,243
2025-10-30 16:11:00,4002.36,4005.5,4002.21,4003.77,241
2025-10-30 16:12:00,4003.7,4005.85,4002.3,4002.54,222
2025-10-30 16:13:00,4002.53,4006.16,4001.76,4005.87,215
2025-10-30 16:14:00,4006.06,4006.83,4004.11,4005.15,193
2025-10-30 16:15:00,4005.19,4010.22,4005.05,4009.78,207
2025-10-30 16:16:00,4009.85,4009.85,4006.94,4007.76,190
2025-10-30 16:17:00,4007.74,4011.72,4007.24,4009.88,209
2025-10-30 16:18:00,4009.9,4010.08,4006.01,4006.35,212
2025-10-30 16:19:00,4006.39,4006.47,4002.42,4004.46,181
2025-10-30 16:20:00,4004.45,4006.82,4004.45,4006.33,186
2025-10-30 16:21:00,4006.28,4008.32,4006.28,4006.43,235
2025-10-30 16:22:00,4006.42,4006.47,4002.12,4004.48,171
2025-10-30 16:23:00,4004.33,4005.18,4002.26,4002.58,155
2025-10-30 16:24:00,4002.56,4002.62,4000.26,4000.88,200
2025-10-30 16:25:00,4000.88,4002.45,4000.71,4002.42,161
2025-10-30 16:26:00,4002.53,4003.13,3999.84,4000.43,188
2025-10-30 16:27:00,4000.37,4001.64,4000.2,4001.39,146
2025-10-30 16:28:00,4001.36,4002.66,4001.36,4002.18,154
2025-10-30 16:29:00,4002.1,4004.67,4001.94,4004.32,192
2025-10-30 16:30:00,4004.28,4005.44,4003.42,4003.42,175
2025-10-30 16:31:00,4003.43,4004.43,4002.69,4004.25,189
2025-10-30 16:32:00,4004.18,4004.28,4001.38,4002.42,182
2025-10-30 16:33:00,4002.43,4002.63,4001.42,4001.85,218
2025-10-30 16:34:00,4002.15,4003.23,4001.67,4002.17,127
2025-10-30 16:35:00,4002.17,4004.84,4001.77,4003.53,128
2025-10-30 16:36:00,4003.46,4006.31,4003.16,4005.03,173
2025-10-30 16:37:00,4005.34,4006.92,4004.05,4005.54,181
2025-10-30 16:38:00,4005.39,4007.21,4005.33,4005.6,175
2025-10-30 16:39:00,4005.58,4007.39,4005.08,4005.73,131
2025-10-30 16:40:00,4005.71,4005.85,4003.1,4003.99,134
2025-10-30 16:41:00,4003.88,4005.12,4002.45,4002.69,165
2025-10-30 16:42:00,4002.68,4003.17,4000.12,4002.52,180
2025-10-30 16:43:00,4002.55,4004.27,4002.55,4004.25,152
2025-10-30 16:44:00,4004.25,4005.82,4003.66,4005.78,101
2025-10-30 16:45:00,4005.65,4006.33,4003.19,4003.63,108
2025-10-30 16:46:00,4003.73,4004.24,4001.37,4001.65,122
2025-10-30 16:47:00,4001.81,4003.07,4001.47,4002.43,120
2025-10-30 16:48:00,4002.44,4002.97,4000.71,4000.71,109
2025-10-30 16:49:00,4000.7,4000.7,3995.31,3995.6,209
2025-10-30 16:50:00,3995.86,3996.4,3992.51,3993.4,209
2025-10-30 16:51:00,3993.42,3998.3,3993.37,3998.3,195
2025-10-30 16:52:00,3998.31,4000.72,3998.26,4000.0,167
2025-10-30 16:53:00,4000.02,4000.43,3996.89,3998.92,162
2025-10-30 16:54:00,3998.83,3999.72,3997.53,3997.61,142
2025-10-30 16:55:00,3997.71,4000.72,3997.71,3999.99,178
2025-10-30 16:56:00,3999.85,4000.66,3996.53,3996.57,136
2025-10-30 16:57:00,3996.4,3999.02,3996.39,3999.02,153
2025-10-30 16:58:00,3999.02,3999.02,3997.82,3997.91,109
2025-10-30 16:59:00,3997.98,3999.12,3996.94,3998.89,170
2025-10-30 17:00:00,3998.65,3998.97,3996.2,3997.79,200
2025-10-30 17:01:00,3997.8,3998.87,3996.96,3998.81,167
2025-10-30 17:02:00,3999.13,4000.89,3998.72,4000.08,193
2025-10-30 17:03:00,4000.06,4000.08,3996.37,3997.0,163
2025-10-30 17:04:00,3997.03,3999.16,3997.0,3998.17,165
2025-10-30 17:05:00,3997.98,3999.02,3997.71,3998.88,172
2025-10-30 17:06:00,3998.82,3999.83,3998.41,3998.85,151
2025-10-30 17:07:00,3998.81,4000.05,3998.09,3999.34,190
2025-10-30 17:08:00,3999.44,3999.44,3997.35,3998.17,171
2025-10-30 17:09:00,3998.17,3999.0,3997.37,3997.37,177
2025-10-30 17:10:00,3997.36,3998.99,3996.79,3998.95,181
2025-10-30 17:11:00,3998.94,3999.35,3997.58,3997.61,130
2025-10-30 17:12:00,3997.63,3997.94,3997.31,3997.79,119
2025-10-30 17:13:00,3997.75,3998.47,3997.71,3998.16,108
2025-10-30 17:14:00,3998.15,3998.33,3997.64,3998.3,75
2025-10-30 17:15:00,3998.29,3999.15,3997.83,3997.98,110
2025-10-30 17:16:00,3998.17,3998.78,3997.54,3997.61,117
2025-10-30 17:17:00,3997.59,3997.82,3994.92,3996.32,101
2025-10-30 17:18:00,3996.33,3996.5,3994.97,3995.05,136
2025-10-30 17:19:00,3995.06,3995.06,3993.63,3993.64,154
2025-10-30 17:20:00,3993.67,3993.67,3989.99,3989.99,178
2025-10-30 17:21:00,3989.47,3989.73,3983.56,3983.68,239
2025-10-30 17:22:00,3983.55,3986.21,3982.47,3986.08,201
2025-10-30 17:23:00,3986.11,3987.26,3984.53,3986.58,176
2025-10-30 17:24:00,3986.55,3986.55,3984.85,3986.12,145
2025-10-30 17:25:00,3986.13,3990.73,3985.91,3989.58,173
2025-10-30 17:26:00,3989.48,3989.86,3986.4,3986.43,145
2025-10-30 17:27:00,3986.44,3988.67,3985.62,3986.43,128
2025-10-30 17:28:00,3986.42,3987.83,3985.81,3986.54,172
2025-10-30 17:29:00,3986.65,3987.16,3985.87,3987.16,133
2025-10-30 17:30:00,3987.14,3988.22,3985.04,3986.74,209
2025-10-30 17:31:00,3986.06,3988.14,3986.06,3986.08,211
2025-10-30 17:32:00,3986.09,3986.42,3981.61,3986.11,213
2025-10-30 17:33:00,3986.12,3987.65,3985.29,3986.47,167
2025-10-30 17:34:00,3986.54,3986.73,3979.43,3979.53,212
2025-10-30 17:35:00,3980.15,3980.5,3973.71,3976.91,248
2025-10-30 17:36:00,3976.59,3978.14,3974.53,3977.78,248
2025-10-30 17:37:00,3977.82,3979.95,3977.07,3977.85,190
2025-10-30 17:38:00,3977.91,3981.55,3977.91,3979.48,192
2025-10-30 17:39:00,3979.35,3981.43,3978.75,3981.4,144
2025-10-30 17:40:00,3981.47,3981.51,3979.56,3981.02,105
2025-10-30 17:41:00,3980.46,3982.56,3980.45,3982.56,135
2025-10-30 17:42:00,3982.84,3983.98,3981.74,3982.24,171
2025-10-30 17:43:00,3982.25,3982.93,3980.08,3982.59,176
2025-10-30 17:44:00,3982.51,3982.59,3981.59,3982.48,133
2025-10-30 17:45:00,3982.33,3984.45,3981.43,3981.72,139
2025-10-30 17:46:00,3981.64,3983.42,3981.6,3983.34,138
2025-10-30 17:47:00,3982.71,3983.35,3980.17,3981.66,170
2025-10-30 17:48:00,3981.59,3982.11,3979.65,3981.58,163
2025-10-30 17:49:00,3981.44,3982.43,3980.85,3982.09,109
2025-10-30 17:50:00,3982.0,3983.86,3981.19,3983.17,165
2025-10-30 17:51:00,3982.97,3985.4,3982.8,3985.4,145
2025-10-30 17:52:00,3985.43,3986.86,3985.03,3985.88,138
2025-10-30 17:53:00,3985.72,3986.46,3983.81,3986.43,142
2025-10-30 17:54:00,3986.16,3986.85,3985.45,3985.92,140
2025-10-30 17:55:00,3985.77,3986.61,3985.39,3986.28,136
2025-10-30 17:56:00,3986.33,3986.42,3985.77,3986.06,100
2025-10-30 17:57:00,3986.12,3986.12,3984.31,3984.84,113
2025-10-30 17:58:00,3984.74,3985.2,3982.17,3984.18,175
2025-10-30 17:59:00,3984.18,3985.7,3983.11,3984.26,132
2025-10-30 18:00:00,3984.31,3984.49,3981.32,3982.62,211
2025-10-30 18:01:00,3982.66,3984.28,3982.66,3983.8,171
2025-10-30 18:02:00,3983.77,3984.46,3981.99,3982.91,134
2025-10-30 18:03:00,3983.0,3985.06,3982.48,3984.82,202
2025-10-30 18:04:00,3984.83,3984.94,3982.66,3982.66,127
2025-10-30 18:05:00,3982.28,3982.91,3980.3,3981.48,189
2025-10-30 18:06:00,3981.54,3982.49,3980.18,3980.38,189
2025-10-30 18:07:00,3980.4,3981.88,3980.38,3981.4,142
2025-10-30 18:08:00,3981.42,3983.31,3980.94,3981.77,156
2025-10-30 18:09:00,3981.67,3982.18,3978.54,3978.83,92
2025-10-30 18:10:00,3978.82,3981.95,3978.74,3978.92,172
2025-10-30 18:11:00,3978.78,3979.81,3977.88,3979.05,152
2025-10-30 18:12:00,3978.9,3980.76,3978.6,3980.1,163
2025-10-30 18:13:00,3980.09,3980.15,3978.67,3979.67,201
2025-10-30 18:14:00,3979.65,3980.62,3976.86,3977.24,155
2025-10-30 18:15:00,3977.22,3977.6,3975.05,3975.7,196
2025-10-30 18:16:00,3975.69,3977.65,3974.96,3975.48,194
2025-10-30 18:17:00,3975.67,3977.48,3974.35,3975.46,189
2025-10-30 18:18:00,3975.39,3975.6,3972.37,3974.76,193
2025-10-30 18:19:00,3974.75,3974.91,3971.24,3971.63,176
2025-10-30 18:20:00,3971.8,3972.5,3967.25,3968.62,207
2025-10-30 18:21:00,3968.68,3971.91,3968.25,3969.22,202
2025-10-30 18:22:00,3969.27,3970.8,3964.16,3970.8,231
2025-10-30 18:23:00,3970.77,3970.84,3968.13,3970.15,189
2025-10-30 18:24:00,3970.41,3971.21,3969.7,3970.99,160
2025-10-30 18:25:00,3971.03,3971.03,3969.2,3969.74,145
2025-10-30 18:26:00,3969.7,3969.82,3967.52,3968.97,178
2025-10-30 18:27:00,3968.97,3969.59,3967.02,3967.44,156
2025-10-30 18:28:00,3967.38,3968.3,3966.02,3967.7,139
2025-10-30 18:29:00,3967.72,3968.24,3965.05,3966.2,168
2025-10-30 18:30:00,3966.0,3970.86,3965.32,3970.72,165
2025-10-30 18:31:00,3970.39,3970.43,3968.39,3968.39,163
2025-10-30 18:32:00,3968.45,3969.67,3966.15,3968.96,200
2025-10-30 18:33:00,3968.9,3970.55,3968.54,3970.42,119
2025-10-30 18:34:00,3970.53,3972.58,3970.07,3972.57,159
2025-10-30 18:35:00,3972.5,3975.28,3972.34,3975.03,217
2025-10-30 18:36:00,3975.16,3976.28,3974.45,3976.18,137
2025-10-30 18:37:00,3976.16,3976.53,3973.96,3974.5,111
2025-10-30 18:38:00,3974.51,3974.51,3971.79,3971.98,134
2025-10-30 18:39:00,3971.96,3974.05,3971.46,3973.29,149
2025-10-30 18:40:00,3973.27,3973.48,3970.33,3971.05,159
2025-10-30 18:41:00,3971.1,3973.19,3970.13,3972.09,90
2025-10-30 18:42:00,3972.07,3973.02,3971.19,3971.47,134
2025-10-30 18:43:00,3971.46,3973.11,3971.11,3972.6,114
2025-10-30 18:44:00,3972.43,3973.85,3972.12,3973.41,83
2025-10-30 18:45:00,3973.39,3973.39,3971.34,3971.37,94
2025-10-30 18:46:00,3971.12,3974.28,3971.12,3974.25,120
2025-10-30 18:47:00,3974.3,3974.33,3972.94,3973.76,113
2025-10-30 18:48:00,3973.77,3976.03,3973.37,3973.4,114
2025-10-30 18:49:00,3973.33,3973.47,3971.43,3973.17,120
2025-10-30 18:50:00,3973.33,3973.34,3971.63,3973.02,168
2025-10-30 18:51:00,3973.03,3973.67,3971.8,3973.67,150
2025-10-30 18:52:00,3973.7,3973.96,3972.19,3972.84,103
2025-10-30 18:53:00,3972.85,3973.29,3971.67,3971.98,78
2025-10-30 18:54:00,3971.92,3973.19,3971.37,3973.19,124
2025-10-30 18:55:00,3973.29,3975.18,3972.82,3974.49,118
2025-10-30 18:56:00,3974.06,3974.56,3973.58,3974.28,143
2025-10-30 18:57:00,3974.22,3975.8,3973.91,3975.71,133
2025-10-30 18:58:00,3975.72,3976.69,3974.99,3975.34,128
2025-10-30 18:59:00,3975.41,3976.08,3974.44,3974.53,121
2025-10-30 19:00:00,3974.68,3975.74,3973.67,3975.24,201
2025-10-30 19:01:00,3975.09,3976.37,3974.79,3976.11,151
2025-10-30 19:02:00,3976.16,3980.58,3975.95,3980.57,200
2025-10-30 19:03:00,3980.51,3981.98,3978.26,3979.91,206
2025-10-30 19:04:00,3979.91,3980.36,3976.75,3978.06,196
2025-10-30 19:05:00,3978.09,3980.61,3978.09,3980.61,130
2025-10-30 19:06:00,3980.66,3981.73,3979.34,3981.18,162
2025-10-30 19:07:00,3981.45,3981.55,3979.76,3980.5,147
2025-10-30 19:08:00,3980.16,3980.91,3978.82,3979.68,132
2025-10-30 19:09:00,3979.69,3980.71,3978.1,3979.56,179
2025-10-30 19:10:00,3979.49,3979.49,3973.88,3974.31,203
2025-10-30 19:11:00,3974.32,3978.62,3974.32,3978.62,178
2025-10-30 19:12:00,3978.3,3980.72,3977.99,3979.36,157
2025-10-30 19:13:00,3979.22,3981.04,3979.0,3980.81,145
2025-10-30 19:14:00,3980.79,3982.9,3980.4,3982.33,141
2025-10-30 19:15:00,3982.36,3985.39,3982.35,3984.41,169
2025-10-30 19:16:00,3984.31,3984.46,3980.84,3982.45,208
2025-10-30 19:17:00,3982.53,3984.02,3982.25,3983.25,137
2025-10-30 19:18:00,3983.24,3983.24,3980.3,3981.18,156
2025-10-30 19:19:00,3981.35,3982.23,3979.88,3980.19,161
2025-10-30 19:20:00,3980.18,3982.05,3979.86,3979.92,157
2025-10-30 19:21:00,3979.82,3980.81,3978.04,3980.81,166
2025-10-30 19:22:00,3981.0,3983.75,3979.72,3983.75,205
2025-10-30 19:23:00,3983.72,3984.31,3979.42,3980.2,209
2025-10-30 19:24:00,3979.98,3980.29,3977.68,3977.94,205
2025-10-30 19:25:00,3978.06,3980.92,3978.06,3979.23,217
2025-10-30 19:26:00,3979.0,3980.29,3976.66,3980.09,192
2025-10-30 19:27:00,3980.15,3980.25,3977.65,3978.83,127
2025-10-30 19:28:00,3978.95,3979.06,3974.73,3975.32,167
2025-10-30 19:29:00,3974.84,3975.18,3970.96,3971.03,206
2025-10-30 19:30:00,3971.04,3974.04,3967.79,3974.04,234
2025-10-30 19:31:00,3974.06,3974.84,3970.98,3971.02,225
2025-10-30 19:32:00,3970.96,3972.25,3969.18,3971.61,236
2025-10-30 19:33:00,3970.94,3970.94,3966.64,3970.12,252
2025-10-30 19:34:00,3970.32,3973.13,3969.53,3971.67,226
2025-10-30 19:35:00,3971.71,3977.37,3971.62,3976.32,194
2025-10-30 19:36:00,3976.18,3978.44,3976.03,3976.74,208
2025-10-30 19:37:00,3976.75,3979.12,3973.5,3973.5,196
2025-10-30 19:38:00,3973.62,3977.23,3972.66,3976.39,194
2025-10-30 19:39:00,3976.4,3976.76,3974.71,3976.7,137
2025-10-30 19:40:00,3976.75,3978.69,3976.11,3977.56,173
2025-10-30 19:41:00,3977.46,3978.37,3976.72,3977.03,135
2025-10-30 19:42:00,3977.13,3978.44,3977.0,3977.9,121
2025-10-30 19:43:00,3977.91,3979.04,3976.67,3977.61,144
2025-10-30 19:44:00,3977.7,3980.26,3977.27,3977.27,156
2025-10-30 19:45:00,3976.96,3978.95,3975.82,3977.8,174
2025-10-30 19:46:00,3977.75,3978.66,3974.77,3975.31,192
2025-10-30 19:47:00,3975.59,3975.61,3970.87,3972.02,215
2025-10-30 19:48:00,3972.06,3973.05,3969.6,3970.08,216
2025-10-30 19:49:00,3970.08,3970.44,3967.4,3967.4,188
2025-10-30 19:50:00,3967.37,3971.76,3967.1,3971.76,173
2025-10-30 19:51:00,3971.77,3973.02,3969.18,3972.46,220
2025-10-30 19:52:00,3972.41,3973.28,3971.96,3973.19,196
2025-10-30 19:53:00,3973.23,3974.25,3972.39,3972.64,186
2025-10-30 19:54:00,3972.71,3973.76,3971.37,3972.37,165
2025-10-30 19:55:00,3972.38,3973.44,3968.18,3969.36,194
2025-10-30 19:56:00,3969.44,3971.6,3966.75,3971.11,214
2025-10-30 19:57:00,3971.12,3971.26,3967.63,3968.74,184
2025-10-30 19:58:00,3968.75,3968.75,3961.31,3961.86,226
2025-10-30 19:59:00,3961.91,3963.91,3961.07,3961.33,224
2025-10-30 20:00:00,3961.32,3965.54,3960.73,3961.29,254
2025-10-30 20:01:00,3961.33,3967.59,3960.57,3966.24,249
2025-10-30 20:02:00,3966.23,3971.67,3966.23,3971.08,219
2025-10-30 20:03:00,3971.11,3972.8,3969.38,3969.38,215
2025-10-30 20:04:00,3969.77,3975.5,3969.3,3974.62,246
2025-10-30 20:05:00,3974.71,3975.91,3972.95,3973.94,223
2025-10-30 20:06:00,3973.58,3977.02,3973.58,3974.75,216
2025-10-30 20:07:00,3974.78,3975.21,3973.21,3973.53,207
2025-10-30 20:08:00,3973.49,3973.9,3970.84,3972.52,225
2025-10-30 20:09:00,3972.49,3973.01,3971.02,3972.45,235
2025-10-30 20:10:00,3972.41,3974.48,3971.89,3974.21,211
2025-10-30 20:11:00,3974.17,3976.02,3973.84,3975.05,193
2025-10-30 20:12:00,3974.56,3977.33,3974.56,3977.33,144
2025-10-30 20:13:00,3977.34,3977.63,3973.83,3973.84,185
2025-10-30 20:14:00,3973.83,3975.54,3973.48,3975.5,125
2025-10-30 20:15:00,3975.93,3976.23,3974.59,3974.62,131
2025-10-30 20:16:00,3974.81,3975.88,3973.91,3975.43,136
2025-10-30 20:17:00,3975.41,3975.79,3973.75,3975.42,153
2025-10-30 20:18:00,3975.25,3975.27,3971.39,3971.84,157
2025-10-30 20:19:00,3971.82,3974.72,3971.82,3973.81,176
2025-10-30 20:20:00,3973.83,3976.15,3973.16,3973.81,191
2025-10-30 20:21:00,3973.8,3973.86,3971.39,3971.43,192
2025-10-30 20:22:00,3971.41,3973.04,3970.88,3972.06,176
2025-10-30 20:23:00,3972.29,3973.49,3971.09,3973.34,176
2025-10-30 20:24:00,3973.2,3975.79,3973.02,3975.37,199
2025-10-30 20:25:00,3975.19,3976.0,3973.18,3973.62,153
2025-10-30 20:26:00,3973.69,3973.71,3969.84,3970.84,200
2025-10-30 20:27:00,3971.16,3974.93,3970.38,3970.55,172
2025-10-30 20:28:00,3970.52,3973.0,3970.35,3972.0,164
2025-10-30 20:29:00,3972.12,3972.45,3969.49,3969.82,197
2025-10-30 20:30:00,3969.69,3972.53,3966.75,3972.53,246
2025-10-30 20:31:00,3972.46,3977.59,3971.11,3977.25,249
2025-10-30 20:32:00,3976.83,3978.44,3974.6,3978.16,251
2025-10-30 20:33:00,3978.84,3978.84,3971.11,3971.11,240
2025-10-30 20:34:00,3970.93,3970.93,3967.0,3969.46,246
2025-10-30 20:35:00,3969.53,3970.26,3965.28,3969.42,252
2025-10-30 20:36:00,3969.38,3970.18,3965.36,3966.53,259
2025-10-30 20:37:00,3966.49,3970.63,3966.25,3970.56,238
2025-10-30 20:38:00,3971.33,3975.0,3971.23,3972.81,239
2025-10-30 20:39:00,3972.79,3973.8,3968.64,3968.97,228
2025-10-30 20:40:00,3969.01,3969.1,3966.59,3967.88,240
2025-10-30 20:41:00,3967.46,3968.67,3965.56,3966.75,240
2025-10-30 20:42:00,3966.67,3969.32,3963.34,3969.08,248
2025-10-30 20:43:00,3969.09,3971.25,3968.59,3970.95,240
2025-10-30 20:44:00,3970.97,3975.4,3969.12,3975.3,264
2025-10-30 20:45:00,3975.38,3978.78,3974.92,3976.54,255
2025-10-30 20:46:00,3976.48,3981.25,3976.48,3978.77,238
2025-10-30 20:47:00,3978.77,3979.1,3975.03,3976.8,237
2025-10-30 20:48:00,3976.78,3976.78,3974.24,3974.86,221
2025-10-30 20:49:00,3974.79,3978.14,3974.07,3975.64,240
2025-10-30 20:50:00,3975.68,3980.43,3975.12,3979.3,238
2025-10-30 20:51:00,3979.23,3984.07,3979.23,3983.78,255
2025-10-30 20:52:00,3983.85,3984.94,3981.38,3984.71,233
2025-10-30 20:53:00,3984.69,3989.6,3982.81,3989.27,254
2025-10-30 20:54:00,3988.99,3989.19,3987.33,3987.86,234
2025-10-30 20:55:00,3987.86,3990.9,3987.7,3990.22,238
2025-10-30 20:56:00,3990.34,3991.57,3988.62,3991.55,242
2025-10-30 20:57:00,3991.58,3995.16,3991.24,3992.0,244
2025-10-30 20:58:00,3992.08,3994.62,3991.8,3992.69,220
2025-10-30 20:59:00,3992.7,3995.43,3991.66,3995.39,243
2025-10-30 21:00:00,3995.37,3998.05,3993.02,3994.37,267
2025-10-30 21:01:00,3994.04,3994.74,3992.23,3992.81,227
2025-10-30 21:02:00,3992.79,3994.07,3991.93,3992.76,209
2025-10-30 21:03:00,3992.82,3998.65,3992.82,3997.95,212
2025-10-30 21:04:00,3997.8,4000.57,3996.99,3997.92,253
2025-10-30 21:05:00,3997.94,4000.6,3997.39,4000.35,253
2025-10-30 21:06:00,4000.32,4000.32,3998.38,3999.71,240
2025-10-30 21:07:00,3999.45,4005.06,3998.38,4004.46,261
2025-10-30 21:08:00,4004.44,4007.97,4003.88,4007.84,255
2025-10-30 21:09:00,4007.76,4013.9,4007.68,4009.74,269
2025-10-30 21:10:00,4009.75,4014.81,4009.0,4012.02,255
2025-10-30 21:11:00,4011.99,4012.81,4009.1,4009.17,262
2025-10-30 21:12:00,4009.13,4011.22,4005.51,4006.7,257
2025-10-30 21:13:00,4006.67,4010.76,4006.03,4010.65,258
2025-10-30 21:14:00,4011.14,4011.92,4007.62,4011.19,246
2025-10-30 21:15:00,4011.2,4013.31,4010.32,4011.91,265
2025-10-30 21:16:00,4012.03,4012.03,4006.87,4010.75,256
2025-10-30 21:17:00,4010.62,4010.93,4008.1,4008.2,236
2025-10-30 21:18:00,4007.83,4008.58,4004.74,4004.85,237
2025-10-30 21:19:00,4005.02,4007.83,4004.88,4007.29,236
2025-10-30 21:20:00,4007.3,4008.7,4005.17,4008.27,227
2025-10-30 21:21:00,4008.24,4009.86,4005.29,4005.29,250
2025-10-30 21:22:00,4005.0,4008.62,4005.0,4007.69,249
2025-10-30 21:23:00,4007.74,4007.95,4001.18,4001.18,254
2025-10-30 21:24:00,4001.21,4003.5,3996.79,4003.41,247
2025-10-30 21:25:00,4003.3,4003.59,3998.61,4002.17,243
2025-10-30 21:26:00,4002.07,4002.51,3999.16,4001.0,254
2025-10-30 21:27:00,4000.79,4001.12,3998.03,3999.56,229
2025-10-30 21:28:00,3999.61,4000.98,3996.63,4000.37,244
2025-10-30 21:29:00,4000.46,4000.89,3995.83,3997.99,238
2025-10-30 21:30:00,3998.19,4000.22,3997.11,3998.85,241
2025-10-30 21:31:00,3998.91,4001.05,3998.71,4000.91,214
2025-10-30 21:32:00,4000.82,4000.84,3997.09,3998.26,213
2025-10-30 21:33:00,3998.21,3998.21,3992.22,3992.58,236
2025-10-30 21:34:00,3992.55,3995.84,3992.39,3995.84,239
2025-10-30 21:35:00,3995.9,3996.54,3993.78,3995.55,254
2025-10-30 21:36:00,3995.58,3995.72,3990.89,3993.81,266
2025-10-30 21:37:00,3993.88,3994.44,3990.7,3993.56,259
2025-10-30 21:38:00,3993.52,3995.16,3989.59,3991.29,241
2025-10-30 21:39:00,3991.18,3991.65,3988.14,3991.31,239
2025-10-30 21:40:00,3991.34,3993.06,3988.28,3990.67,238
2025-10-30 21:41:00,3990.61,3991.49,3988.21,3989.49,216
2025-10-30 21:42:00,3989.46,3991.34,3986.92,3987.72,221
2025-10-30 21:43:00,3987.89,3991.37,3987.61,3990.96,225
2025-10-30 21:44:00,3990.97,3994.25,3990.87,3993.37,218
2025-10-30 21:45:00,3993.27,3994.8,3990.36,3990.36,212
2025-10-30 21:46:00,3990.47,3994.44,3989.46,3994.14,215
2025-10-30 21:47:00,3994.09,4000.0,3993.94,3998.22,232
2025-10-30 21:48:00,3997.86,4000.74,3997.51,4000.73,226
2025-10-30 21:49:00,4000.71,4002.31,3998.6,3999.36,229
2025-10-30 21:50:00,3999.36,3999.87,3995.36,3997.09,218
2025-10-30 21:51:00,3997.07,3998.75,3995.97,3997.22,206
2025-10-30 21:52:00,3997.22,4000.43,3996.98,3999.26,197
2025-10-30 21:53:00,3999.32,3999.32,3996.77,3998.8,198
2025-10-30 21:54:00,3998.36,3998.36,3996.38,3996.49,183
2025-10-30 21:55:00,3996.52,3997.07,3992.1,3992.82,237
2025-10-30 21:56:00,3992.81,3993.86,3990.59,3993.35,191
2025-10-30 21:57:00,3993.54,3995.8,3992.45,3995.6,170
2025-10-30 21:58:00,3995.6,3997.0,3994.78,3996.06,181
2025-10-30 21:59:00,3996.16,3998.44,3995.94,3996.51,168
2025-10-30 22:00:00,3996.44,3999.73,3993.11,3994.47,246
2025-10-30 22:01:00,3994.46,3997.16,3993.81,3996.56,242
2025-10-30 22:02:00,3996.6,3996.96,3990.55,3994.55,221
2025-10-30 22:03:00,3994.6,3996.06,3993.38,3995.63,182
2025-10-30 22:04:00,3995.65,3996.33,3994.11,3995.72,182
2025-10-30 22:05:00,3995.73,3996.27,3991.11,3993.04,212
2025-10-30 22:06:00,3993.06,3993.1,3988.29,3989.25,214
2025-10-30 22:07:00,3989.22,3992.09,3988.58,3991.59,215
2025-10-30 22:08:00,3991.4,3994.43,3991.07,3994.05,194
2025-10-30 22:09:00,3994.03,3997.09,3994.03,3996.19,189
2025-10-30 22:10:00,3996.13,4001.25,3995.91,4000.97,213
2025-10-30 22:11:00,4000.89,4003.06,3999.91,4002.98,195
2025-10-30 22:12:00,4003.12,4003.65,4000.99,4000.99,216
2025-10-30 22:13:00,4001.02,4001.15,3998.92,3999.67,183
2025-10-30 22:14:00,3999.64,4001.03,3998.46,4000.31,211
2025-10-30 22:15:00,4000.3,4002.47,3999.87,4002.19,186
2025-10-30 22:16:00,4002.18,4002.22,3999.06,4000.44,201
2025-10-30 22:17:00,4000.46,4001.84,3999.19,3999.29,190
2025-10-30 22:18:00,3999.3,4001.2,3998.07,3998.34,181
2025-10-30 22:19:00,3998.7,4001.73,3998.17,4001.04,189
2025-10-30 22:20:00,4001.05,4001.45,3997.84,4000.32,174
2025-10-30 22:21:00,4000.08,4000.42,3997.97,3999.12,193
2025-10-30 22:22:00,3999.05,3999.49,3996.93,3997.47,194
2025-10-30 22:23:00,3997.59,4001.0,3997.52,4000.23,189
2025-10-30 22:24:00,4000.38,4000.41,3996.53,3996.66,188
2025-10-30 22:25:00,3996.63,3997.09,3994.68,3995.77,199
2025-10-30 22:26:00,3995.79,3997.19,3995.47,3996.31,157
2025-10-30 22:27:00,3996.33,3998.0,3996.16,3997.55,139
2025-10-30 22:28:00,3997.56,3999.39,3997.53,3999.39,149
2025-10-30 22:29:00,3999.41,4000.4,3998.56,3998.88,137
2025-10-30 22:30:00,3998.9,3999.06,3997.92,3997.96,83
2025-10-30 22:31:00,3998.39,4000.85,3997.86,4000.85,151
2025-10-30 22:32:00,4000.51,4002.58,4000.41,4001.77,143
2025-10-30 22:33:00,4001.75,4002.47,4000.9,4000.98,161
2025-10-30 22:34:00,4000.97,4002.51,4000.97,4001.86,164
2025-10-30 22:35:00,4001.8,4002.72,4000.92,4001.8,185
2025-10-30 22:36:00,4001.83,4003.9,4001.8,4002.22,130
2025-10-30 22:37:00,4002.28,4002.28,3999.09,3999.18,177
2025-10-30 22:38:00,3999.58,4001.58,3999.22,3999.59,219
2025-10-30 22:39:00,3999.53,4001.5,3999.0,4001.32,150
2025-10-30 22:40:00,4001.35,4001.72,3999.79,4001.39,176
2025-10-30 22:41:00,4001.3,4003.16,3999.47,3999.54,178
2025-10-30 22:42:00,3999.66,4002.5,3998.76,4001.55,183
2025-10-30 22:43:00,4001.59,4004.73,4000.98,4003.73,185
2025-10-30 22:44:00,4003.63,4005.33,4002.65,4004.83,180
2025-10-30 22:45:00,4004.95,4005.36,4002.7,4004.33,180
2025-10-30 22:46:00,4004.31,4008.66,4004.22,4006.45,171
2025-10-30 22:47:00,4006.1,4006.1,4003.76,4004.79,192
2025-10-30 22:48:00,4004.8,4005.77,4003.67,4005.48,165
2025-10-30 22:49:00,4005.5,4007.58,4005.5,4005.95,194
2025-10-30 22:50:00,4005.95,4006.6,4005.06,4005.94,160
2025-10-30 22:51:00,4005.98,4005.99,4004.86,4005.37,120
2025-10-30 22:52:00,4005.37,4005.61,4004.93,4005.43,151
2025-10-30 22:53:00,4005.4,4005.4,4003.04,4004.83,163
2025-10-30 22:54:00,4004.85,4005.9,4004.68,4004.86,156
2025-10-30 22:55:00,4004.95,4005.96,4004.82,4005.81,158
2025-10-30 22:56:00,4005.76,4007.53,4005.31,4005.31,197
2025-10-30 22:57:00,4005.32,4005.32,4003.96,4004.41,164
2025-10-30 22:58:00,4004.35,4004.98,4002.12,4002.67,178
2025-10-30 22:59:00,4002.67,4003.04,4000.93,4001.9,152
2025-10-30 23:00:00,4001.8,4004.11,4001.11,4003.73,177
2025-10-30 23:01:00,4003.66,4003.66,4000.56,4001.56,160
2025-10-30 23:02:00,4001.37,4001.49,3995.63,3998.33,230
2025-10-30 23:03:00,3998.3,3998.3,3995.64,3996.04,196
2025-10-30 23:04:00,3996.01,3997.72,3995.7,3997.36,157
2025-10-30 23:05:00,3997.47,3999.27,3996.46,3998.77,167
2025-10-30 23:06:00,3998.88,4000.39,3998.63,4000.05,127
2025-10-30 23:07:00,4000.04,4001.36,3998.96,3999.42,136
2025-10-30 23:08:00,3999.4,4001.35,3999.4,4000.1,129
2025-10-30 23:09:00,4000.12,4001.26,3998.25,3998.25,182
2025-10-30 23:10:00,3998.23,3999.32,3997.29,3998.35,139
2025-10-30 23:11:00,3998.22,3999.71,3998.22,3999.6,146
2025-10-30 23:12:00,3999.59,3999.68,3996.95,3997.67,96
2025-10-30 23:13:00,3997.7,3997.74,3995.77,3996.59,169
2025-10-30 23:14:00,3996.58,3997.14,3994.24,3995.16,166
2025-10-30 23:15:00,3995.2,3995.89,3991.93,3995.4,198
2025-10-30 23:16:00,3995.38,3997.18,3995.24,3997.18,155
2025-10-30 23:17:00,3997.17,3997.89,3996.21,3997.85,153
2025-10-30 23:18:00,3997.84,3998.66,3996.79,3998.06,152
2025-10-30 23:19:00,3998.01,3998.43,3995.29,3995.86,171
2025-10-30 23:20:00,3995.85,3996.21,3994.72,3995.39,174
2025-10-30 23:21:00,3995.37,3996.82,3994.68,3995.72,186
2025-10-30 23:22:00,3995.76,3996.49,3993.08,3993.44,213
2025-10-30 23:23:00,3993.46,3994.42,3992.12,3993.05,191
2025-10-30 23:24:00,3993.07,3994.12,3992.66,3994.12,136
2025-10-30 23:25:00,3994.13,3994.56,3992.31,3993.3,174
2025-10-30 23:26:00,3993.23,3994.35,3991.43,3994.33,200
2025-10-30 23:27:00,3994.65,3996.94,3994.61,3996.53,195
2025-10-30 23:28:00,3996.52,3996.9,3995.2,3995.66,152
2025-10-30 23:29:00,3995.67,3996.99,3995.36,3995.58,142
2025-10-30 23:30:00,3995.54,3997.26,3994.97,3997.06,206
2025-10-30 23:31:00,3997.09,3998.09,3996.24,3997.1,182
2025-10-30 23:32:00,3997.09,3999.08,3996.48,3998.64,136
2025-10-30 23:33:00,3998.72,4000.86,3998.63,4000.18,163
2025-10-30 23:34:00,4000.27,4000.31,3997.51,3997.51,172
2025-10-30 23:35:00,3997.49,3999.23,3997.07,3998.01,164
2025-10-30 23:36:00,3998.03,3998.81,3997.49,3997.79,204
2025-10-30 23:37:00,3997.75,3998.2,3996.25,3997.65,165
2025-10-30 23:38:00,3997.46,3998.87,3997.29,3998.86,163
2025-10-30 23:39:00,3998.82,3999.01,3997.77,3998.82,143
2025-10-30 23:40:00,3999.39,3999.85,3998.76,3998.81,176
2025-10-30 23:41:00,3998.91,3999.94,3998.77,3999.16,163
2025-10-30 23:42:00,3999.19,4000.48,3999.19,4000.08,133
2025-10-30 23:43:00,4000.09,4002.74,3999.99,4002.03,151
2025-10-30 23:44:00,4002.05,4002.83,4001.68,4002.8,115
2025-10-30 23:45:00,4002.72,4003.18,4001.95,4002.48,135
2025-10-30 23:46:00,4002.19,4002.37,4001.16,4001.63,109
2025-10-30 23:47:00,4001.6,4002.1,4001.06,4001.96,140
2025-10-30 23:48:00,4001.8,4001.93,3999.38,3999.73,132
2025-10-30 23:49:00,3999.77,4000.28,3997.21,3997.64,185
2025-10-30 23:50:00,3997.62,3999.43,3997.23,3999.29,157
2025-10-30 23:51:00,3999.26,4001.17,3999.26,4000.73,130
2025-10-30 23:52:00,4000.77,4001.05,3999.36,4000.47,125
2025-10-30 23:53:00,4000.49,4000.78,3999.38,4000.41,125
2025-10-30 23:54:00,4000.4,4000.99,3999.61,4000.4,114
2025-10-31 01:00:00,4004.61,4004.89,4002.58,4002.65,187
2025-10-31 01:01:00,4002.61,4003.61,4001.59,4002.31,182
2025-10-31 01:02:00,4002.11,4004.39,4002.11,4003.14,159
2025-10-31 01:03:00,4003.09,4004.32,4001.99,4003.19,155
2025-10-31 01:04:00,4003.43,4003.68,4001.07,4001.18,155
2025-10-31 01:05:00,4001.17,4003.07,4000.2,4003.03,176
2025-10-31 01:06:00,4003.04,4003.31,4002.31,4002.8,131
2025-10-31 01:07:00,4002.85,4004.43,4002.21,4004.23,139
2025-10-31 01:08:00,4004.27,4006.72,4004.2,4006.35,162
2025-10-31 01:09:00,4006.28,4006.28,4004.94,4005.73,141
2025-10-31 01:10:00,4005.7,4006.06,4004.1,4005.78,153
2025-10-31 01:11:00,4005.77,4006.93,4005.68,4006.93,113
2025-10-31 01:12:00,4006.94,4007.3,4006.51,4006.81,112
2025-10-31 01:13:00,4006.76,4007.54,4006.24,4006.88,93
2025-10-31 01:14:00,4006.76,4007.78,4005.62,4005.65,136
2025-10-31 01:15:00,4005.65,4006.31,4003.52,4004.4,163
2025-10-31 01:16:00,4004.34,4006.03,4003.95,4005.08,158
2025-10-31 01:17:00,4005.15,4006.52,4005.0,4006.41,117
2025-10-31 01:18:00,4006.39,4007.64,4006.28,4006.99,105
2025-10-31 01:19:00,4006.84,4007.74,4006.84,4007.34,101
2025-10-31 01:20:00,4007.29,4007.99,4007.03,4007.86,112
2025-10-31 01:21:00,4007.82,4008.15,4007.07,4007.72,124
2025-10-31 01:22:00,4007.73,4008.39,4007.53,4007.88,121
2025-10-31 01:23:00,4007.87,4008.5,4007.55,4008.22,83
2025-10-31 01:24:00,4008.16,4009.3,4007.72,4008.52,115
2025-10-31 01:25:00,4008.55,4009.31,4008.39,4008.9,116
2025-10-31 01:26:00,4008.66,4009.24,4008.29,4009.24,92
2025-10-31 01:27:00,4009.25,4010.51,4008.67,4010.51,98
2025-10-31 01:28:00,4010.49,4011.74,4010.49,4011.54,125
2025-10-31 01:29:00,4011.58,4013.26,4011.42,4013.11,140
2025-10-31 01:30:00,4013.12,4015.54,4012.95,4015.39,159
2025-10-31 01:31:00,4015.25,4016.28,4014.23,4014.23,162
2025-10-31 01:32:00,4013.99,4014.92,4013.03,4013.61,194
2025-10-31 01:33:00,4013.78,4014.83,4012.87,4013.6,168
2025-10-31 01:34:00,4013.98,4015.57,4013.87,4015.57,144
2025-10-31 01:35:00,4015.51,4016.29,4014.35,4015.83,155
2025-10-31 01:36:00,4015.85,4017.54,4015.85,4016.96,123
2025-10-31 01:37:00,4016.84,4016.84,4011.53,4011.53,168
2025-10-31 01:38:00,4011.39,4012.76,4010.09,4012.74,162
2025-10-31 01:39:00,4013.06,4013.9,4011.31,4011.55,136
2025-10-31 01:40:00,4011.53,4012.85,4011.48,4012.74,128
2025-10-31 01:41:00,4012.7,4013.84,4012.7,4012.78,98
2025-10-31 01:42:00,4012.77,4012.86,4007.57,4008.67,161
2025-10-31 01:43:00,4008.67,4010.53,4007.98,4008.86,157
2025-10-31 01:44:00,4009.09,4011.09,4009.03,4011.09,118
2025-10-31 01:45:00,4011.19,4011.92,4010.01,4010.47,106
2025-10-31 01:46:00,4010.58,4011.55,4010.39,4011.1,117
2025-10-31 01:47:00,4011.09,4013.17,4010.93,4012.83,107
2025-10-31 01:48:00,4012.86,4012.86,4011.13,4011.15,125
2025-10-31 01:49:00,4011.25,4012.92,4011.25,4012.92,109
2025-10-31 01:50:00,4012.89,4012.93,4011.96,4012.4,117
2025-10-31 01:51:00,4012.37,4013.4,4011.37,4012.79,116
2025-10-31 01:52:00,4012.85,4014.04,4012.16,4014.04,126
2025-10-31 01:53:00,4014.05,4014.24,4013.67,4013.91,115
2025-10-31 01:54:00,4013.9,4016.16,4013.55,4015.34,135
2025-10-31 01:55:00,4015.43,4016.88,4015.2,4015.85,133
2025-10-31 01:56:00,4015.35,4017.8,4015.35,4017.17,129
2025-10-31 01:57:00,4017.32,4017.59,4016.24,4016.43,125
2025-10-31 01:58:00,4016.32,4017.05,4016.04,4016.35,108
2025-10-31 01:59:00,4016.38,4016.42,4015.38,4016.25,108
2025-10-31 02:00:00,4016.38,4018.3,4016.38,4017.98,158
2025-10-31 02:01:00,4018.01,4018.01,4015.69,4016.84,141
2025-10-31 02:02:00,4016.75,4017.74,4015.8,4015.8,144
2025-10-31 02:03:00,4015.79,4018.53,4015.56,4018.12,159
2025-10-31 02:04:00,4018.06,4021.68,4018.06,4021.17,209
2025-10-31 02:05:00,4021.05,4023.71,4020.6,4023.53,160
2025-10-31 02:06:00,4023.67,4024.96,4022.01,4024.63,182
2025-10-31 02:07:00,4024.65,4024.88,4023.22,4024.35,194
2025-10-31 02:08:00,4024.37,4024.45,4023.53,4024.02,129
2025-10-31 02:09:00,4024.0,4025.51,4023.97,4025.1,177
2025-10-31 02:10:00,4025.1,4025.78,4024.86,4025.68,153
2025-10-31 02:11:00,4025.71,4025.82,4023.94,4025.39,155
2025-10-31 02:12:00,4025.41,4025.41,4024.08,4024.68,131
2025-10-31 02:13:00,4024.7,4025.12,4024.23,4024.38,136
2025-10-31 02:14:00,4024.53,4025.39,4024.53,4025.08,110
2025-10-31 02:15:00,4025.11,4025.13,4023.31,4024.87,156
2025-10-31 02:16:00,4024.86,4025.68,4024.34,4025.56,170
2025-10-31 02:17:00,4025.48,4025.67,4025.05,4025.37,166
2025-10-31 02:18:00,4025.32,4025.86,4024.78,4024.86,144
2025-10-31 02:19:00,4024.9,4025.16,4024.07,4024.75,177
2025-10-31 02:20:00,4024.73,4025.31,4023.21,4024.17,179
2025-10-31 02:21:00,4024.19,4024.19,4020.36,4020.53,211
2025-10-31 02:22:00,4020.63,4021.04,4018.88,4019.99,189
2025-10-31 02:23:00,4020.18,4021.52,4019.3,4020.46,198
2025-10-31 02:24:00,4020.42,4022.36,4019.38,4021.91,134
2025-10-31 02:25:00,4021.98,4022.24,4020.89,4021.31,163
2025-10-31 02:26:00,4021.29,4021.87,4021.2,4021.82,151
2025-10-31 02:27:00,4021.91,4021.96,4020.77,4021.14,165
2025-10-31 02:28:00,4021.26,4021.8,4021.01,4021.15,154
2025-10-31 02:29:00,4021.14,4021.15,4019.76,4020.24,141
2025-10-31 02:30:00,4020.22,4024.06,4020.22,4023.87,193
2025-10-31 02:31:00,4023.75,4025.6,4023.69,4025.08,168
2025-10-31 02:32:00,4025.3,4025.83,4024.99,4025.46,117
2025-10-31 02:33:00,4025.4,4025.78,4024.54,4024.99,139
2025-10-31 02:34:00,4025.11,4025.28,4023.18,4024.18,138
2025-10-31 02:35:00,4024.08,4024.24,4023.04,4023.24,146
2025-10-31 02:36:00,4023.29,4024.34,4023.23,4023.54,126
2025-10-31 02:37:00,4023.53,4023.56,4021.74,4022.46,128
2025-10-31 02:38:00,4022.48,4023.16,4021.63,4022.56,140
2025-10-31 02:39:00,4022.65,4024.38,4022.47,4024.38,157
2025-10-31 02:40:00,4024.41,4024.42,4023.25,4024.01,162
2025-10-31 02:41:00,4024.07,4025.05,4023.92,4024.9,146
2025-10-31 02:42:00,4024.91,4024.91,4022.66,4022.66,157
2025-10-31 02:43:00,4022.59,4024.15,4021.97,4023.45,179
2025-10-31 02:44:00,4023.42,4025.56,4023.32,4024.74,154
2025-10-31 02:45:00,4024.74,4025.65,4024.57,4025.46,160
2025-10-31 02:46:00,4025.48,4025.48,4024.37,4024.41,150
2025-10-31 02:47:00,4024.39,4024.65,4023.75,4024.43,150
2025-10-31 02:48:00,4024.34,4024.35,4023.26,4023.72,210
2025-10-31 02:49:00,4023.67,4023.67,4022.02,4022.37,166
2025-10-31 02:50:00,4022.54,4024.8,4022.54,4024.78,179
2025-10-31 02:51:00,4024.77,4025.72,4023.78,4025.0,174
2025-10-31 02:52:00,4024.95,4025.73,4024.45,4024.82,187
2025-10-31 02:53:00,4024.8,4024.83,4023.04,4024.49,198
2025-10-31 02:54:00,4024.47,4025.38,4023.85,4023.96,199
2025-10-31 02:55:00,4023.97,4025.81,4023.33,4023.4,210
2025-10-31 02:56:00,4023.48,4024.78,4022.64,4023.18,201
2025-10-31 02:57:00,4023.17,4023.28,4020.96,4022.3,206
2025-10-31 02:58:00,4022.45,4023.48,4020.24,4023.4,186
2025-10-31 02:59:00,4023.46,4024.5,4022.91,4023.56,208
2025-10-31 03:00:00,4023.44,4025.19,4023.12,4025.12,109
2025-10-31 03:01:00,4024.75,4025.53,4024.07,4024.38,106
2025-10-31 03:02:00,4024.37,4026.98,4023.91,4026.92,99
2025-10-31 03:03:00,4026.97,4027.26,4025.2,4025.21,119
2025-10-31 03:04:00,4025.26,4026.18,4024.76,4026.06,66
2025-10-31 03:05:00,4026.09,4027.1,4024.94,4025.04,104
2025-10-31 03:06:00,4025.08,4025.35,4023.44,4023.85,103
2025-10-31 03:07:00,4023.84,4025.0,4023.43,4023.57,67
2025-10-31 03:08:00,4023.61,4023.61,4022.35,4022.79,62
2025-10-31 03:09:00,4022.78,4023.45,4022.77,4023.16,59
2025-10-31 03:10:00,4023.19,4025.83,4023.19,4024.99,94
2025-10-31 03:11:00,4025.06,4025.63,4022.58,4022.72,92
2025-10-31 03:12:00,4022.77,4023.23,4021.84,4022.7,82
2025-10-31 03:13:00,4022.67,4023.6,4022.13,4023.6,48
2025-10-31 03:14:00,4023.49,4024.03,4023.09,4023.49,62
2025-10-31 03:15:00,4023.48,4023.48,4022.89,4023.23,32
2025-10-31 03:16:00,4023.18,4023.25,4022.08,4022.4,52
2025-10-31 03:17:00,4022.43,4023.24,4022.38,4022.84,54
2025-10-31 03:18:00,4023.23,4023.92,4022.74,4022.78,48
2025-10-31 03:19:00,4022.76,4022.79,4021.1,4021.12,58
2025-10-31 03:20:00,4021.47,4021.98,4021.05,4021.05,65
2025-10-31 03:21:00,4020.98,4022.27,4020.98,4021.84,37
2025-10-31 03:22:00,4021.83,4021.83,4021.04,4021.37,32
2025-10-31 03:23:00,4020.99,4021.87,4020.77,4020.77,71
2025-10-31 03:24:00,4020.82,4020.82,4018.46,4018.55,95
2025-10-31 03:25:00,4018.84,4020.49,4018.26,4018.66,94
2025-10-31 03:26:00,4018.59,4019.97,4018.4,4018.93,61
2025-10-31 03:27:00,4018.85,4019.42,4017.99,4018.76,56
2025-10-31 03:28:00,4018.77,4019.03,4018.09,4018.67,75
2025-10-31 03:29:00,4018.47,4019.71,4017.97,4019.13,76
2025-10-31 03:30:00,4019.51,4019.79,4018.42,4018.7,90
2025-10-31 03:31:00,4018.67,4019.59,4017.94,4018.14,78
2025-10-31 03:32:00,4018.42,4018.56,4016.86,4017.36,84
2025-10-31 03:33:00,4017.26,4017.93,4016.41,4016.49,60
2025-10-31 03:34:00,4016.55,4017.54,4016.47,4017.28,74
2025-10-31 03:35:00,4016.74,4017.88,4016.52,4017.69,74
2025-10-31 03:36:00,4017.68,4018.56,4016.63,4016.81,66
2025-10-31 03:37:00,4016.84,4017.91,4016.8,4017.41,65
2025-10-31 03:38:00,4017.45,4018.33,4016.59,4017.76,92
2025-10-31 03:39:00,4017.8,4019.33,4017.8,4019.25,58
2025-10-31 03:40:00,4019.32,4019.84,4019.02,4019.49,32
2025-10-31 03:41:00,4019.69,4020.05,4019.64,4019.95,32
2025-10-31 03:42:00,4019.71,4019.78,4019.35,4019.35,26
2025-10-31 03:43:00,4019.35,4020.07,4018.67,4020.07,37
2025-10-31 03:44:00,4020.02,4020.31,4019.99,4020.19,32
2025-10-31 03:45:00,4020.16,4022.13,4019.88,4022.12,69
2025-10-31 03:46:00,4021.76,4023.26,4021.31,4023.04,65
2025-10-31 03:47:00,4023.24,4023.47,4022.81,4023.02,51
2025-10-31 03:48:00,4023.48,4025.16,4023.32,4025.09,42
2025-10-31 03:49:00,4025.23,4025.46,4024.72,4025.44,35
2025-10-31 03:50:00,4025.37,4026.23,4025.01,4025.97,45
2025-10-31 03:51:00,4025.91,4026.51,4025.82,4026.03,33
2025-10-31 03:52:00,4026.05,4026.84,4025.87,4026.39,29
2025-10-31 03:53:00,4026.42,4027.15,4025.84,4027.0,62
2025-10-31 03:54:00,4027.0,4027.0,4024.85,4024.85,61
2025-10-31 03:55:00,4024.47,4026.71,4024.32,4026.03,78
2025-10-31 03:56:00,4026.04,4026.8,4025.78,4025.9,80
2025-10-31 03:57:00,4025.89,4025.99,4024.46,4024.62,54
2025-10-31 03:58:00,4024.67,4025.01,4024.12,4024.4,69
2025-10-31 03:59:00,4024.39,4024.91,4024.28,4024.71,48
2025-10-31 05:00:00,4021.6,4025.03,4021.6,4024.05,121
2025-10-31 05:01:00,4024.0,4024.43,4022.97,4023.57,68
2025-10-31 05:02:00,4023.58,4023.58,4022.43,4022.49,69
2025-10-31 05:03:00,4022.42,4023.62,4022.36,4023.41,39
2025-10-31 05:04:00,4023.37,4023.37,4021.11,4021.11,60
2025-10-31 05:05:00,4020.81,4020.81,4018.36,4018.82,82
2025-10-31 05:06:00,4018.92,4019.21,4018.14,4018.35,56
2025-10-31 05:07:00,4018.29,4018.34,4016.43,4017.72,78
2025-10-31 05:08:00,4017.68,4018.15,4016.88,4018.1,37
2025-10-31 05:09:00,4018.14,4021.65,4018.07,4021.23,65
2025-10-31 05:10:00,4021.18,4023.12,4020.87,4022.92,76
2025-10-31 05:11:00,4022.21,4022.94,4019.59,4019.62,52
2025-10-31 05:12:00,4019.58,4021.54,4019.48,4021.34,69
2025-10-31 05:13:00,4021.32,4022.02,4020.41,4022.02,51
2025-10-31 05:14:00,4022.21,4022.91,4021.93,4022.28,45
2025-10-31 05:15:00,4022.14,4022.14,4020.79,4020.79,54
2025-10-31 05:16:00,4019.94,4020.48,4018.36,4018.44,79
2025-10-31 05:17:00,4018.42,4018.81,4018.12,4018.25,42
2025-10-31 05:18:00,4018.27,4019.17,4017.68,4018.92,62
2025-10-31 05:19:00,4018.91,4019.42,4018.37,4019.05,59
2025-10-31 05:20:00,4018.87,4019.32,4018.83,4019.28,45
2025-10-31 05:21:00,4019.36,4020.01,4018.35,4018.35,73
2025-10-31 05:22:00,4018.28,4018.68,4017.23,4017.99,71
2025-10-31 05:23:00,4017.95,4017.99,4016.83,4016.86,58
2025-10-31 05:24:00,4016.93,4019.35,4016.86,4017.97,89
2025-10-31 05:25:00,4017.97,4019.22,4017.88,4018.34,72
2025-10-31 05:26:00,4018.22,4019.04,4018.22,4018.82,43
2025-10-31 05:27:00,4018.85,4021.89,4018.41,4021.35,71
2025-10-31 05:28:00,4021.35,4022.27,4021.07,4021.96,80
2025-10-31 05:29:00,4021.96,4022.05,4020.79,4020.81,64
2025-10-31 05:30:00,4020.82,4023.27,4020.82,4022.96,117
2025-10-31 05:31:00,4023.01,4023.27,4022.3,4022.45,102
2025-10-31 05:32:00,4022.47,4024.34,4022.46,4024.02,85
2025-10-31 05:33:00,4024.19,4027.2,4023.5,4027.16,124
2025-10-31 05:34:00,4027.18,4027.21,4025.59,4025.71,141
2025-10-31 05:35:00,4025.72,4027.07,4025.6,4027.02,95
2025-10-31 05:36:00,4027.01,4027.01,4026.02,4026.39,61
2025-10-31 05:37:00,4026.47,4026.47,4025.49,4026.02,62
2025-10-31 05:38:00,4026.03,4026.18,4023.12,4024.39,76
2025-10-31 05:39:00,4024.48,4024.56,4023.05,4023.05,64
2025-10-31 05:40:00,4022.99,4023.08,4021.7,4021.73,60
2025-10-31 05:41:00,4021.89,4024.81,4021.89,4024.47,84
2025-10-31 05:42:00,4024.58,4024.86,4023.15,4023.18,56
2025-10-31 05:43:00,4023.14,4023.27,4022.61,4023.15,52
2025-10-31 05:44:00,4023.19,4024.54,4023.14,4024.31,58
2025-10-31 05:45:00,4024.3,4024.35,4023.66,4023.82,117
2025-10-31 05:46:00,4023.71,4025.07,4023.21,4024.96,85
2025-10-31 05:47:00,4025.01,4025.72,4024.76,4025.25,72
2025-10-31 05:48:00,4025.26,4025.92,4025.1,4025.45,87
2025-10-31 05:49:00,4025.58,4028.43,4025.45,4028.43,101
2025-10-31 05:50:00,4028.74,4038.61,4027.59,4036.95,207
2025-10-31 05:51:00,4037.28,4039.38,4036.47,4038.74,197
2025-10-31 05:52:00,4038.79,4039.77,4036.73,4038.75,194
2025-10-31 05:53:00,4038.92,4039.63,4037.51,4038.14,180
2025-10-31 05:54:00,4037.64,4039.56,4036.9,4038.92,149
2025-10-31 05:55:00,4038.84,4046.42,4038.63,4045.1,191
2025-10-31 05:56:00,4044.98,4044.98,4039.47,4040.43,149
2025-10-31 05:57:00,4040.37,4040.73,4038.11,4038.88,118
2025-10-31 05:58:00,4038.88,4039.8,4036.44,4038.19,145
2025-10-31 05:59:00,4038.21,4038.76,4037.37,4037.98,114
2025-10-31 06:00:00,4037.96,4038.54,4034.99,4036.87,150
2025-10-31 06:01:00,4037.1,4037.49,4032.04,4033.63,171
2025-10-31 06:02:00,4033.77,4033.77,4030.82,4031.34,142
2025-10-31 06:03:00,4031.14,4033.3,4031.13,4032.57,104
2025-10-31 06:04:00,4032.62,4033.23,4030.42,4032.1,122
2025-10-31 06:05:00,4031.27,4033.39,4030.25,4033.39,117
2025-10-31 06:06:00,4033.55,4034.32,4031.05,4034.07,141
2025-10-31 06:07:00,4034.11,4035.56,4032.59,4033.02,120
2025-10-31 06:08:00,4032.93,4033.52,4032.17,4033.5,97
2025-10-31 06:09:00,4033.51,4034.9,4033.03,4033.3,91
2025-10-31 06:10:00,4033.29,4033.3,4032.39,4032.48,100
2025-10-31 06:11:00,4032.42,4032.42,4029.23,4029.72,85
2025-10-31 06:12:00,4029.78,4029.82,4024.86,4024.86,162
2025-10-31 06:13:00,4024.59,4027.44,4019.16,4026.74,227
2025-10-31 06:14:00,4026.78,4030.09,4025.78,4027.42,184
2025-10-31 06:15:00,4027.46,4027.83,4025.43,4025.43,120
2025-10-31 06:16:00,4026.05,4027.22,4023.33,4025.27,174
2025-10-31 06:17:00,4025.3,4029.08,4025.29,4028.18,141
2025-10-31 06:18:00,4028.18,4028.63,4024.5,4026.87,108
2025-10-31 06:19:00,4026.77,4027.22,4025.07,4026.01,117
2025-10-31 06:20:00,4026.31,4028.44,4025.52,4027.84,114
2025-10-31 06:21:00,4027.88,4028.16,4026.68,4027.4,64
2025-10-31 06:22:00,4027.44,4028.96,4027.44,4028.68,88
2025-10-31 06:23:00,4028.57,4028.65,4027.71,4028.65,51
2025-10-31 06:24:00,4028.83,4030.68,4028.83,4030.68,88
2025-10-31 06:25:00,4030.74,4031.81,4030.07,4031.37,116
2025-10-31 06:26:00,4031.34,4032.07,4031.09,4031.16,107
2025-10-31 06:27:00,4031.15,4031.34,4028.71,4028.73,96
2025-10-31 06:28:00,4028.71,4030.13,4028.58,4028.89,77
2025-10-31 06:29:00,4029.03,4029.58,4028.12,4028.14,64
2025-10-31 06:30:00,4028.26,4028.58,4026.86,4026.87,134
2025-10-31 06:31:00,4026.9,4030.23,4026.52,4030.23,95
2025-10-31 06:32:00,4030.25,4031.82,4030.09,4031.45,89
2025-10-31 06:33:00,4031.54,4035.02,4031.54,4034.08,155
2025-10-31 06:34:00,4034.15,4034.15,4032.81,4033.73,110
2025-10-31 06:35:00,4033.79,4035.15,4033.79,4034.36,110
2025-10-31 06:36:00,4034.42,4034.6,4031.37,4031.41,100
2025-10-31 06:37:00,4031.43,4033.19,4031.41,4032.92,93
2025-10-31 06:38:00,4032.97,4033.43,4031.95,4032.89,103
2025-10-31 06:39:00,4033.17,4034.17,4033.15,4033.29,43
2025-10-31 06:40:00,4032.67,4033.82,4032.67,4033.2,96
2025-10-31 06:41:00,4033.28,4033.87,4033.1,4033.82,55
2025-10-31 06:42:00,4033.84,4034.21,4033.58,4033.67,48
2025-10-31 06:43:00,4033.63,4033.64,4031.71,4032.58,50
2025-10-31 06:44:00,4032.6,4032.76,4031.97,4032.11,56
2025-10-31 06:45:00,4032.05,4037.21,4032.05,4037.2,118
2025-10-31 06:46:00,4037.0,4038.64,4035.7,4038.38,136
2025-10-31 06:47:00,4038.58,4038.71,4036.72,4038.24,195
2025-10-31 06:48:00,4038.18,4039.67,4035.95,4036.55,105
2025-10-31 06:49:00,4036.47,4040.79,4036.26,4040.53,149
2025-10-31 06:50:00,4040.51,4041.75,4040.01,4041.07,131
2025-10-31 06:51:00,4041.05,4041.05,4037.01,4037.47,110
2025-10-31 06:52:00,4037.44,4039.29,4037.14,4038.91,138
2025-10-31 06:53:00,4038.97,4040.32,4038.97,4040.18,91
2025-10-31 06:54:00,4040.19,4040.75,4039.73,4040.51,95
2025-10-31 06:55:00,4040.42,4042.7,4040.23,4042.54,118
2025-10-31 06:56:00,4042.65,4043.03,4041.18,4041.73,113
2025-10-31 06:57:00,4041.69,4043.17,4041.11,4041.71,71
2025-10-31 06:58:00,4041.81,4041.84,4040.5,4040.8,71
2025-10-31 06:59:00,4040.87,4040.87,4036.66,4036.66,98
2025-10-31 07:00:00,4036.56,4036.89,4034.94,4035.86,143
2025-10-31 07:01:00,4035.88,4036.0,4034.34,4035.48,123
2025-10-31 07:02:00,4035.25,4036.03,4033.54,4034.55,131
2025-10-31 07:03:00,4034.57,4034.8,4031.36,4032.6,115
2025-10-31 07:04:00,4033.0,4033.74,4032.04,4032.19,123
2025-10-31 07:05:00,4032.46,4032.94,4029.64,4030.13,146
2025-10-31 07:06:00,4030.1,4031.47,4029.04,4030.6,145
2025-10-31 07:07:00,4030.51,4030.98,4029.74,4030.16,123
2025-10-31 07:08:00,4030.61,4032.94,4030.19,4031.27,161
2025-10-31 07:09:00,4031.25,4032.11,4030.71,4031.62,121
2025-10-31 07:10:00,4031.61,4035.02,4031.29,4034.95,109
2025-10-31 07:11:00,4035.14,4035.14,4032.07,4033.24,152
2025-10-31 07:12:00,4033.26,4034.19,4030.69,4030.69,135
2025-10-31 07:13:00,4030.59,4032.21,4029.99,4031.84,157
2025-10-31 07:14:00,4031.85,4032.68,4030.62,4031.97,143
2025-10-31 07:15:00,4031.94,4033.88,4030.58,4033.54,136
2025-10-31 07:16:00,4033.51,4033.71,4031.39,4031.43,118
2025-10-31 07:17:00,4031.92,4033.26,4031.61,4032.84,122
2025-10-31 07:18:00,4032.8,4034.02,4032.8,4033.17,142
2025-10-31 07:19:00,4033.13,4033.15,4031.6,4032.31,121
2025-10-31 07:20:00,4032.35,4032.65,4030.51,4032.16,150
2025-10-31 07:21:00,4032.17,4032.92,4030.73,4031.12,142
2025-10-31 07:22:00,4031.24,4031.56,4030.26,4030.54,71
2025-10-31 07:23:00,4030.56,4032.83,4030.56,4031.69,96
2025-10-31 07:24:00,4032.07,4033.46,4031.75,4032.51,66
2025-10-31 07:25:00,4033.03,4033.19,4031.2,4032.42,82
2025-10-31 07:26:00,4032.41,4032.59,4031.23,4031.49,70
2025-10-31 07:27:00,4031.49,4031.49,4028.54,4028.54,80
2025-10-31 07:28:00,4028.47,4028.74,4026.24,4027.09,186
2025-10-31 07:29:00,4027.14,4028.75,4027.1,4027.44,142
2025-10-31 07:30:00,4027.62,4029.98,4027.19,4029.93,125
2025-10-31 07:31:00,4029.7,4030.17,4028.65,4029.03,105
2025-10-31 07:32:00,4028.98,4029.56,4028.07,4029.22,110
2025-10-31 07:33:00,4029.33,4030.14,4026.92,4029.86,112
2025-10-31 07:34:00,4029.84,4030.54,4028.9,4030.31,122
2025-10-31 07:35:00,4030.29,4030.34,4028.67,4029.43,113
2025-10-31 07:36:00,4029.41,4030.86,4029.3,4029.96,115
2025-10-31 07:37:00,4029.95,4030.89,4029.6,4030.52,141
2025-10-31 07:38:00,4030.68,4030.88,4026.5,4027.09,157
2025-10-31 07:39:00,4027.02,4027.86,4026.54,4026.63,207
2025-10-31 07:40:00,4026.55,4027.94,4026.45,4027.94,133
2025-10-31 07:41:00,4028.0,4028.54,4026.79,4027.67,118
2025-10-31 07:42:00,4027.68,4028.27,4027.44,4027.84,149
2025-10-31 07:43:00,4027.84,4028.75,4027.27,4027.48,103
2025-10-31 07:44:00,4027.55,4028.27,4027.5,4027.9,151
2025-10-31 07:45:00,4027.95,4029.98,4027.89,4028.4,156
2025-10-31 07:46:00,4028.43,4028.46,4025.87,4025.92,200
2025-10-31 07:47:00,4025.93,4029.05,4025.93,4028.4,197
2025-10-31 07:48:00,4028.37,4029.63,4028.05,4029.56,133
2025-10-31 07:49:00,4029.68,4030.62,4029.68,4030.13,124
2025-10-31 07:50:00,4030.12,4030.94,4030.0,4030.72,117
2025-10-31 07:51:00,4030.61,4031.36,4030.16,4030.64,128
2025-10-31 07:52:00,4030.61,4031.46,4030.47,4030.93,131
2025-10-31 07:53:00,4030.95,4031.11,4027.77,4028.15,146
2025-10-31 07:54:00,4028.29,4028.81,4026.82,4026.96,121
2025-10-31 07:55:00,4026.99,4028.1,4026.13,4026.43,147
2025-10-31 07:56:00,4026.37,4027.05,4024.72,4025.49,212
2025-10-31 07:57:00,4025.55,4026.02,4024.92,4025.71,151
2025-10-31 07:58:00,4025.74,4025.81,4024.58,4025.21,152
2025-10-31 07:59:00,4025.27,4025.35,4023.98,4025.12,151
2025-10-31 08:00:00,4025.17,4025.17,4021.51,4022.31,220
2025-10-31 08:01:00,4022.38,4024.12,4019.74,4020.15,232
2025-10-31 08:02:00,4020.1,4023.39,4019.69,4021.72,212
2025-10-31 08:03:00,4021.73,4023.86,4021.55,4023.18,154
2025-10-31 08:04:00,4022.98,4026.38,4022.72,4026.13,180
2025-10-31 08:05:00,4026.03,4027.83,4025.03,4027.04,164
2025-10-31 08:06:00,4027.09,4028.27,4024.62,4028.14,195
2025-10-31 08:07:00,4028.05,4031.5,4027.89,4030.5,194
2025-10-31 08:08:00,4030.42,4033.2,4030.41,4032.88,157
2025-10-31 08:09:00,4032.9,4036.37,4032.78,4034.22,185
2025-10-31 08:10:00,4034.19,4038.36,4034.05,4038.36,216
2025-10-31 08:11:00,4038.43,4039.39,4037.4,4037.98,196
2025-10-31 08:12:00,4037.97,4038.32,4034.33,4034.41,194
2025-10-31 08:13:00,4034.35,4035.24,4033.28,4034.77,175
2025-10-31 08:14:00,4034.68,4034.91,4032.84,4032.84,127
2025-10-31 08:15:00,4032.82,4034.16,4030.89,4031.14,185
2025-10-31 08:16:00,4031.35,4032.02,4030.26,4030.57,171
2025-10-31 08:17:00,4030.62,4031.93,4029.93,4031.78,238
2025-10-31 08:18:00,4031.72,4032.28,4029.94,4030.44,170
2025-10-31 08:19:00,4030.44,4034.37,4030.18,4033.39,181
2025-10-31 08:20:00,4033.36,4035.67,4033.33,4035.3,191
2025-10-31 08:21:00,4035.23,4035.91,4034.76,4034.87,171
2025-10-31 08:22:00,4034.87,4035.21,4033.84,4034.47,202
2025-10-31 08:23:00,4034.49,4034.55,4033.0,4033.42,208
2025-10-31 08:24:00,4033.41,4034.11,4033.12,4033.46,149
2025-10-31 08:25:00,4033.43,4034.5,4033.28,4034.15,147
2025-10-31 08:26:00,4034.15,4034.35,4032.35,4033.92,138
2025-10-31 08:27:00,4034.0,4034.0,4028.25,4029.48,174
2025-10-31 08:28:00,4029.45,4032.68,4029.42,4032.43,142
2025-10-31 08:29:00,4032.48,4033.44,4029.7,4030.87,122
2025-10-31 08:30:00,4030.98,4031.08,4028.43,4029.95,125
2025-10-31 08:31:00,4029.94,4030.14,4027.83,4028.95,136
2025-10-31 08:32:00,4029.04,4029.88,4028.49,4029.0,162
2025-10-31 08:33:00,4029.02,4029.3,4027.72,4028.27,160
2025-10-31 08:34:00,4028.3,4029.87,4028.24,4029.83,158
2025-10-31 08:35:00,4029.85,4030.01,4028.64,4029.61,194
2025-10-31 08:36:00,4029.71,4029.87,4027.62,4028.21,131
2025-10-31 08:37:00,4028.09,4029.1,4027.81,4028.55,172
2025-10-31 08:38:00,4028.61,4028.61,4026.7,4026.94,171
2025-10-31 08:39:00,4026.89,4028.82,4026.38,4028.59,191
2025-10-31 08:40:00,4028.59,4029.74,4028.16,4028.96,155
2025-10-31 08:41:00,4028.93,4029.54,4028.02,4028.02,227
2025-10-31 08:42:00,4028.08,4028.08,4025.54,4025.83,166
2025-10-31 08:43:00,4025.88,4026.44,4024.79,4024.79,146
2025-10-31 08:44:00,4024.91,4025.0,4023.56,4024.05,181
2025-10-31 08:45:00,4024.03,4025.56,4023.79,4025.24,153
2025-10-31 08:46:00,4025.21,4025.23,4023.09,4023.2,121
2025-10-31 08:47:00,4023.18,4024.91,4022.21,4024.63,155
2025-10-31 08:48:00,4024.52,4025.01,4023.17,4023.94,135
2025-10-31 08:49:00,4024.31,4024.65,4023.96,4024.36,132
2025-10-31 08:50:00,4024.36,4024.64,4023.78,4023.87,156
2025-10-31 08:51:00,4023.96,4025.48,4023.85,4024.08,190
2025-10-31 08:52:00,4024.15,4024.87,4020.47,4021.71,215
2025-10-31 08:53:00,4021.72,4023.75,4019.13,4019.13,220
2025-10-31 08:54:00,4019.35,4019.38,4012.93,4016.31,259
2025-10-31 08:55:00,4016.32,4020.3,4016.32,4019.71,194
2025-10-31 08:56:00,4019.7,4021.33,4018.63,4018.67,196
2025-10-31 08:57:00,4018.66,4020.0,4017.06,4017.52,188
2025-10-31 08:58:00,4017.47,4018.65,4016.99,4018.39,217
2025-10-31 08:59:00,4018.36,4018.95,4017.51,4018.94,167
2025-10-31 09:00:00,4018.57,4019.23,4017.68,4017.72,193
2025-10-31 09:01:00,4018.34,4018.89,4014.48,4014.48,211
2025-10-31 09:02:00,4014.45,4019.26,4013.33,4016.6,194
2025-10-31 09:03:00,4016.55,4018.47,4015.83,4017.53,204
2025-10-31 09:04:00,4017.28,4017.28,4013.75,4013.86,212
2025-10-31 09:05:00,4014.12,4015.92,4013.73,4014.46,174
2025-10-31 09:06:00,4014.39,4015.26,4013.74,4015.02,180
2025-10-31 09:07:00,4014.99,4015.32,4011.36,4012.49,169
2025-10-31 09:08:00,4012.52,4014.31,4011.42,4012.32,189
2025-10-31 09:09:00,4012.29,4014.25,4011.18,4012.39,182
2025-10-31 09:10:00,4012.12,4014.51,4012.12,4014.4,152
2025-10-31 09:11:00,4014.06,4017.82,4012.62,4016.89,198
2025-10-31 09:12:00,4016.83,4018.12,4015.08,4015.84,216
2025-10-31 09:13:00,4015.83,4016.46,4012.95,4013.34,201
2025-10-31 09:14:00,4013.24,4013.24,4009.38,4009.89,206
2025-10-31 09:15:00,4009.87,4011.05,4008.85,4010.22,254
2025-10-31 09:16:00,4010.32,4014.0,4010.21,4013.88,229
2025-10-31 09:17:00,4014.01,4014.77,4011.96,4014.73,166
2025-10-31 09:18:00,4014.63,4015.03,4013.8,4014.95,123
2025-10-31 09:19:00,4014.94,4017.15,4014.94,4017.07,170
2025-10-31 09:20:00,4016.9,4017.93,4016.46,4017.7,165
2025-10-31 09:21:00,4017.75,4017.76,4016.18,4017.15,174
2025-10-31 09:22:00,4017.25,4017.32,4015.82,4016.49,129
2025-10-31 09:23:00,4016.49,4016.6,4015.71,4016.59,112
2025-10-31 09:24:00,4016.51,4016.61,4014.67,4014.67,150
2025-10-31 09:25:00,4014.67,4015.97,4014.41,4015.11,100
2025-10-31 09:26:00,4015.26,4015.29,4013.11,4013.28,107
2025-10-31 09:27:00,4013.3,4014.06,4012.42,4013.24,96
2025-10-31 09:28:00,4012.88,4013.96,4012.48,4013.12,91
2025-10-31 09:29:00,4013.11,4013.79,4012.43,4013.5,65
2025-10-31 09:30:00,4013.59,4015.08,4011.46,4011.47,184
2025-10-31 09:31:00,4011.46,4011.86,4008.73,4009.77,194
2025-10-31 09:32:00,4009.75,4010.18,4007.72,4009.03,190
2025-10-31 09:33:00,4008.98,4010.33,4008.63,4009.67,203
2025-10-31 09:34:00,4009.67,4010.37,4008.96,4010.37,158
2025-10-31 09:35:00,4010.43,4010.43,4005.0,4006.97,205
2025-10-31 09:36:00,4006.97,4010.76,4006.17,4008.78,199
2025-10-31 09:37:00,4008.77,4009.09,4004.07,4004.75,202
2025-10-31 09:38:00,4004.73,4007.66,4003.88,4006.88,229
2025-10-31 09:39:00,4006.84,4009.8,4005.94,4009.39,213
2025-10-31 09:40:00,4009.69,4009.74,4004.39,4005.52,231
2025-10-31 09:41:00,4005.61,4007.04,4004.31,4005.05,249
2025-10-31 09:42:00,4005.06,4005.52,4004.0,4004.64,193
2025-10-31 09:43:00,4004.65,4006.37,4003.57,4006.11,209
2025-10-31 09:44:00,4005.44,4005.63,4001.56,4003.08,198
2025-10-31 09:45:00,4003.07,4008.92,4003.07,4008.84,207
2025-10-31 09:46:00,4009.43,4011.79,4009.43,4011.58,201
2025-10-31 09:47:00,4011.55,4011.67,4008.41,4009.9,231
2025-10-31 09:48:00,4009.83,4010.37,4008.88,4010.08,180
2025-10-31 09:49:00,4010.07,4012.29,4010.03,4011.17,202
2025-10-31 09:50:00,4011.15,4014.41,4011.01,4013.31,205
2025-10-31 09:51:00,4013.23,4015.5,4013.0,4015.5,151
2025-10-31 09:52:00,4015.62,4016.97,4015.33,4016.48,170
2025-10-31 09:53:00,4016.57,4017.28,4015.46,4015.46,183
2025-10-31 09:54:00,4015.8,4015.8,4010.47,4010.89,183
2025-10-31 09:55:00,4010.99,4011.8,4009.68,4011.64,169
2025-10-31 09:56:00,4011.52,4011.8,4010.27,4011.35,132
2025-10-31 09:57:00,4011.24,4011.44,4007.96,4008.59,162
2025-10-31 09:58:00,4008.62,4011.47,4008.54,4010.7,186
2025-10-31 09:59:00,4010.64,4011.2,4010.38,4011.0,188
2025-10-31 10:00:00,4010.99,4013.86,4010.99,4012.88,190
2025-10-31 10:01:00,4012.87,4013.28,4010.51,4011.19,189
2025-10-31 10:02:00,4010.73,4010.73,4008.55,4010.01,226
2025-10-31 10:03:00,4009.99,4011.63,4007.57,4007.57,230
2025-10-31 10:04:00,4007.75,4008.28,4004.66,4004.87,250
2025-10-31 10:05:00,4004.97,4005.37,4001.76,4004.35,248
2025-10-31 10:06:00,4004.41,4006.7,4003.47,4003.49,199
2025-10-31 10:07:00,4003.25,4004.2,4001.38,4003.57,221
2025-10-31 10:08:00,4003.62,4007.09,4003.43,4005.67,200
2025-10-31 10:09:00,4005.65,4007.77,4004.97,4007.49,186
2025-10-31 10:10:00,4007.43,4009.12,4003.86,4003.97,196
2025-10-31 10:11:00,4004.29,4005.31,4001.06,4002.34,238
2025-10-31 10:12:00,4002.34,4003.81,4000.35,4000.35,201
2025-10-31 10:13:00,4000.37,4000.7,3991.51,3993.57,232
2025-10-31 10:14:00,3993.67,3994.46,3991.13,3994.29,216
2025-10-31 10:15:00,3994.31,3995.51,3992.92,3994.01,206
2025-10-31 10:16:00,3993.96,3996.43,3993.28,3996.39,169
2025-10-31 10:17:00,3996.35,3997.64,3995.1,3995.17,185
2025-10-31 10:18:00,3995.09,3995.8,3994.54,3995.8,166
2025-10-31 10:19:00,3995.72,3998.29,3995.59,3997.41,166
2025-10-31 10:20:00,3997.33,4000.22,3996.88,4000.22,141
2025-10-31 10:21:00,4000.2,4001.46,3999.4,4000.82,143
2025-10-31 10:22:00,4000.8,4001.7,4000.19,4000.43,139
2025-10-31 10:23:00,4000.21,4001.03,3999.98,4000.45,128
2025-10-31 10:24:00,4000.43,4000.94,3998.89,3998.93,141
2025-10-31 10:25:00,3998.91,3999.65,3996.93,3998.5,200
2025-10-31 10:26:00,3998.61,3998.61,3996.19,3996.95,220
2025-10-31 10:27:00,3997.01,3997.57,3995.61,3995.94,249
2025-10-31 10:28:00,3995.89,3999.86,3995.89,3998.83,232
2025-10-31 10:29:00,3998.93,4000.3,3997.53,4000.28,215
2025-10-31 10:30:00,4000.46,4001.36,4000.04,4001.23,193
2025-10-31 10:31:00,4001.06,4001.35,3999.63,4000.11,130
2025-10-31 10:32:00,4000.1,4000.19,3998.22,3999.35,178
2025-10-31 10:33:00,3999.37,4000.48,3998.4,4000.46,115
2025-10-31 10:34:00,4000.61,4002.05,4000.46,4001.51,105
2025-10-31 10:35:00,4001.46,4002.83,4001.46,4002.83,109
2025-10-31 10:36:00,4002.72,4003.2,4002.2,4002.49,101
2025-10-31 10:37:00,4002.47,4002.47,4001.33,4001.66,90
2025-10-31 10:38:00,4001.65,4002.89,4001.48,4002.88,97
2025-10-31 10:39:00,4002.89,4003.86,4002.49,4003.03,104
2025-10-31 10:40:00,4003.06,4003.06,4002.23,4002.32,84
2025-10-31 10:41:00,4002.34,4002.48,4000.99,4002.03,109
2025-10-31 10:42:00,4001.85,4001.85,4000.89,4001.56,127
2025-10-31 10:43:00,4001.58,4001.59,3998.3,3998.43,145
2025-10-31 10:44:00,3998.39,3999.65,3997.75,3997.97,116
2025-10-31 10:45:00,3997.95,3997.95,3993.98,3994.84,174
2025-10-31 10:46:00,3994.75,3996.36,3994.49,3995.72,141
2025-10-31 10:47:00,3995.31,3997.57,3994.95,3996.56,144
2025-10-31 10:48:00,3996.53,3997.28,3995.69,3996.65,140
2025-10-31 10:49:00,3996.89,3998.14,3996.78,3997.12,128
2025-10-31 10:50:00,3997.18,3997.97,3996.57,3997.92,88
2025-10-31 10:51:00,3997.82,3998.44,3997.75,3998.29,101
2025-10-31 10:52:00,3998.19,3998.79,3997.75,3998.75,97
2025-10-31 10:53:00,3998.72,3998.72,3997.01,3997.87,95
2025-10-31 10:54:00,3997.89,3998.0,3996.06,3996.59,105
2025-10-31 10:55:00,3996.52,3996.65,3994.87,3995.11,102
2025-10-31 10:56:00,3995.09,3997.62,3994.99,3997.58,132
2025-10-31 10:57:00,3997.59,3997.82,3996.49,3996.6,119
2025-10-31 10:58:00,3996.78,3996.78,3995.72,3996.23,80
2025-10-31 10:59:00,3996.18,3996.98,3996.08,3996.32,91
2025-10-31 11:00:00,3996.35,3996.49,3994.32,3996.14,157
2025-10-31 11:01:00,3996.33,3997.33,3996.16,3996.94,101
2025-10-31 11:02:00,3997.11,3997.18,3994.35,3994.72,108
2025-10-31 11:03:00,3994.7,3995.91,3994.64,3995.68,120
2025-10-31 11:04:00,3995.7,3995.9,3994.93,3995.42,80
2025-10-31 11:05:00,3995.3,3996.1,3994.96,3995.69,89
2025-10-31 11:06:00,3995.79,3995.79,3992.33,3992.62,90
2025-10-31 11:07:00,3992.57,3993.3,3990.16,3992.06,158
2025-10-31 11:08:00,3991.81,3992.52,3989.46,3990.67,150
2025-10-31 11:09:00,3990.59,3992.04,3989.31,3991.13,177
2025-10-31 11:10:00,3991.12,3991.47,3989.19,3991.44,165
2025-10-31 11:11:00,3991.4,3991.99,3990.71,3991.51,112
2025-10-31 11:12:00,3991.52,3991.81,3990.03,3991.33,118
2025-10-31 11:13:00,3991.33,3992.78,3990.7,3992.19,131
2025-10-31 11:14:00,3992.18,3992.18,3990.62,3991.7,95
2025-10-31 11:15:00,3991.38,3992.1,3991.2,3991.85,134
2025-10-31 11:16:00,3991.93,3993.68,3991.86,3993.36,108
2025-10-31 11:17:00,3993.35,3995.3,3993.01,3995.17,111
2025-10-31 11:18:00,3995.09,3995.94,3994.61,3995.11,82
2025-10-31 11:19:00,3995.12,3995.36,3994.43,3994.87,89
2025-10-31 11:20:00,3994.69,3994.74,3993.57,3994.23,106
2025-10-31 11:21:00,3994.14,3994.46,3993.35,3993.81,90
2025-10-31 11:22:00,3993.76,3994.19,3993.04,3993.76,76
2025-10-31 11:23:00,3993.91,3994.54,3993.79,3994.53,90
2025-10-31 11:24:00,3994.37,3996.33,3994.36,3996.12,86
2025-10-31 11:25:00,3996.15,3996.21,3995.24,3996.14,92
2025-10-31 11:26:00,3996.14,3996.53,3995.92,3996.42,70
2025-10-31 11:27:00,3996.44,3997.71,3996.3,3997.71,70
2025-10-31 11:28:00,3997.75,4000.15,3997.75,3999.5,160
2025-10-31 11:29:00,3999.45,4000.94,3999.36,4000.86,118
2025-10-31 11:30:00,4000.95,4001.66,4000.38,4001.66,84
2025-10-31 11:31:00,4001.69,4004.15,4001.68,4004.06,129
2025-10-31 11:32:00,4004.08,4006.16,4003.0,4005.44,158
2025-10-31 11:33:00,4005.37,4005.39,4001.69,4002.26,149
2025-10-31 11:34:00,4002.18,4002.18,3999.94,4000.79,141
2025-10-31 11:35:00,4000.77,4000.82,3999.66,3999.92,103
2025-10-31 11:36:00,3999.93,4000.9,3998.65,4000.46,130
2025-10-31 11:37:00,4000.39,4000.39,3999.44,4000.02,103
2025-10-31 11:38:00,4000.32,4001.34,4000.18,4001.1,92
2025-10-31 11:39:00,4001.06,4001.09,4000.23,4000.74,92
2025-10-31 11:40:00,4000.73,4000.94,3999.94,4000.23,79
2025-10-31 11:41:00,4000.31,4000.35,3999.66,3999.66,63
2025-10-31 11:42:00,3999.51,4000.08,3999.14,3999.7,89
2025-10-31 11:43:00,3999.62,4000.83,3999.18,4000.71,104
2025-10-31 11:44:00,4000.75,4000.75,4000.07,4000.43,73
2025-10-31 11:45:00,4000.42,4001.96,4000.33,4001.96,62
2025-10-31 11:46:00,4001.97,4002.49,4001.28,4002.37,111
2025-10-31 11:47:00,4002.34,4005.19,4001.79,4004.03,122
2025-10-31 11:48:00,4004.03,4006.64,4003.71,4006.18,154
2025-10-31 11:49:00,4006.2,4006.36,4005.37,4005.39,101
2025-10-31 11:50:00,4005.2,4006.77,4005.1,4005.47,123
2025-10-31 11:51:00,4005.44,4006.97,4005.02,4006.54,114
2025-10-31 11:52:00,4006.55,4010.53,4006.0,4008.02,190
2025-10-31 11:53:00,4008.06,4008.84,4005.8,4006.39,166
2025-10-31 11:54:00,4006.4,4007.03,4005.49,4007.03,96
2025-10-31 11:55:00,4007.11,4008.1,4006.31,4006.98,146
2025-10-31 11:56:00,4006.8,4006.8,4004.69,4006.47,144
2025-10-31 11:57:00,4006.46,4007.76,4005.59,4006.02,114
2025-10-31 11:58:00,4006.04,4006.97,4005.32,4006.37,106
2025-10-31 11:59:00,4006.37,4006.51,4005.04,4005.91,107
2025-10-31 12:00:00,4005.67,4006.35,4003.6,4004.13,128
2025-10-31 12:01:00,4003.82,4006.14,4003.54,4004.35,146
2025-10-31 12:02:00,4004.37,4004.59,4002.06,4002.24,120
2025-10-31 12:03:00,4002.27,4003.0,4001.92,4002.43,150
2025-10-31 12:04:00,4002.43,4002.44,4000.66,4000.71,93
2025-10-31 12:05:00,4000.72,4001.09,3999.22,4000.39,171
2025-10-31 12:06:00,4000.4,4001.73,3999.75,4000.25,136
2025-10-31 12:07:00,4000.26,4001.21,3997.07,3998.36,113
2025-10-31 12:08:00,3998.32,3998.64,3996.93,3998.36,130
2025-10-31 12:09:00,3998.17,3998.49,3997.05,3997.28,127
2025-10-31 12:10:00,3997.49,3998.44,3996.33,3998.33,148
2025-10-31 12:11:00,3998.28,3999.25,3997.82,3998.89,133
2025-10-31 12:12:00,3998.9,3998.97,3997.97,3998.0,107
2025-10-31 12:13:00,3998.01,3998.08,3997.05,3997.68,129
2025-10-31 12:14:00,3997.7,3998.1,3996.66,3997.31,145
2025-10-31 12:15:00,3997.3,3997.93,3996.77,3996.9,138
2025-10-31 12:16:00,3996.89,3997.32,3996.03,3996.05,119
2025-10-31 12:17:00,3996.08,3996.99,3995.85,3996.53,98
2025-10-31 12:18:00,3996.56,3997.46,3995.07,3995.14,113
2025-10-31 12:19:00,3995.1,3997.58,3994.77,3997.44,140
2025-10-31 12:20:00,3997.34,3997.34,3995.45,3995.69,89
2025-10-31 12:21:00,3995.57,3995.91,3994.15,3994.97,119
2025-10-31 12:22:00,3994.96,3995.27,3994.33,3995.04,96
2025-10-31 12:23:00,3995.08,3996.51,3994.85,3996.21,90
2025-10-31 12:24:00,3996.0,3996.32,3995.27,3996.23,110
2025-10-31 12:25:00,3996.32,3997.23,3995.73,3996.5,157
2025-10-31 12:26:00,3996.49,3998.51,3996.15,3998.04,174
2025-10-31 12:27:00,3997.95,3998.88,3997.32,3998.27,202
2025-10-31 12:28:00,3998.37,4000.01,3998.22,3999.63,227
2025-10-31 12:29:00,3999.64,4003.25,3999.57,4002.06,180
2025-10-31 12:30:00,4002.02,4003.85,4000.84,4003.8,204
2025-10-31 12:31:00,4003.75,4004.79,4001.09,4002.05,206
2025-10-31 12:32:00,4002.3,4005.95,4002.19,4004.97,211
2025-10-31 12:33:00,4004.77,4005.03,4001.73,4002.27,192
2025-10-31 12:34:00,4002.24,4003.4,4000.17,4001.36,176
2025-10-31 12:35:00,4001.54,4002.02,3998.24,4001.07,192
2025-10-31 12:36:00,4000.82,4002.24,4000.14,4000.14,178
2025-10-31 12:37:00,4000.13,4001.8,4000.09,4000.84,180
2025-10-31 12:38:00,4000.87,4001.44,3999.19,3999.72,182
2025-10-31 12:39:00,3999.78,4001.12,3999.69,3999.99,186
2025-10-31 12:40:00,4000.03,4002.33,3999.34,4001.42,180
2025-10-31 12:41:00,4001.43,4003.31,4001.34,4002.46,168
2025-10-31 12:42:00,4002.39,4002.76,4000.67,4000.78,176
2025-10-31 12:43:00,4000.76,4004.2,4000.65,4004.02,161
2025-10-31 12:44:00,4004.05,4006.68,4004.02,4006.67,152
2025-10-31 12:45:00,4006.69,4009.66,4006.37,4008.04,195
2025-10-31 12:46:00,4008.02,4011.13,4007.37,4010.34,197
2025-10-31 12:47:00,4010.44,4011.14,4009.9,4010.66,185
2025-10-31 12:48:00,4010.65,4011.24,4008.45,4009.08,149
2025-10-31 12:49:00,4008.96,4008.98,4006.33,4007.79,183
2025-10-31 12:50:00,4007.8,4007.89,4005.83,4006.71,169
2025-10-31 12:51:00,4006.65,4009.4,4006.65,4009.09,179
2025-10-31 12:52:00,4008.95,4008.98,4006.6,4007.14,170
2025-10-31 12:53:00,4007.09,4007.68,4007.06,4007.15,146
2025-10-31 12:54:00,4007.11,4007.74,4006.09,4007.59,165
2025-10-31 12:55:00,4007.39,4007.39,4005.31,4006.53,172
2025-10-31 12:56:00,4006.47,4007.99,4005.15,4005.59,223
2025-10-31 12:57:00,4005.57,4006.35,4004.0,4004.0,186
2025-10-31 12:58:00,4003.99,4005.48,4003.69,4003.91,170
2025-10-31 12:59:00,4003.82,4005.31,4003.61,4005.07,142
2025-10-31 13:00:00,4005.1,4005.55,4002.23,4002.69,194
2025-10-31 13:01:00,4002.77,4004.23,4002.46,4003.27,170
2025-10-31 13:02:00,4003.47,4005.94,4003.46,4004.72,121
2025-10-31 13:03:00,4004.67,4006.59,4004.67,4006.39,185
2025-10-31 13:04:00,4006.36,4009.36,4006.34,4009.34,190
2025-10-31 13:05:00,4009.38,4011.36,4008.83,4010.93,196
2025-10-31 13:06:00,4010.99,4013.28,4010.85,4012.3,211
2025-10-31 13:07:00,4012.31,4012.32,4007.74,4008.11,209
2025-10-31 13:08:00,4008.09,4009.1,4007.39,4008.44,135
2025-10-31 13:09:00,4008.63,4010.52,4008.48,4008.91,144
2025-10-31 13:10:00,4008.92,4010.8,4008.61,4009.53,181
2025-10-31 13:11:00,4009.55,4010.09,4008.5,4008.5,134
2025-10-31 13:12:00,4008.22,4010.14,4007.15,4007.94,162
2025-10-31 13:13:00,4008.06,4009.13,4007.15,4009.12,176
2025-10-31 13:14:00,4009.12,4010.03,4008.3,4009.64,160
2025-10-31 13:15:00,4009.64,4010.95,4009.17,4010.64,168
2025-10-31 13:16:00,4010.52,4012.67,4010.45,4012.27,179
2025-10-31 13:17:00,4012.12,4015.13,4011.93,4014.56,214
2025-10-31 13:18:00,4014.56,4014.82,4013.39,4014.26,183
2025-10-31 13:19:00,4014.11,4014.21,4011.33,4011.95,209
2025-10-31 13:20:00,4011.9,4012.52,4010.58,4010.59,205
2025-10-31 13:21:00,4010.62,4011.09,4007.6,4007.6,192
2025-10-31 13:22:00,4007.41,4009.72,4006.5,4008.99,191
2025-10-31 13:23:00,4009.04,4009.44,4008.15,4009.28,140
2025-10-31 13:24:00,4009.43,4011.93,4009.11,4011.6,139
2025-10-31 13:25:00,4011.61,4012.79,4011.38,4012.69,122
2025-10-31 13:26:00,4012.63,4013.03,4009.79,4011.78,165
2025-10-31 13:27:00,4011.8,4012.04,4008.54,4009.59,133
2025-10-31 13:28:00,4009.55,4009.9,4008.88,4009.4,113
2025-10-31 13:29:00,4009.36,4009.8,4009.06,4009.31,113
2025-10-31 13:30:00,4009.13,4011.61,4009.13,4010.22,141
2025-10-31 13:31:00,4010.19,4010.2,4008.96,4010.04,139
2025-10-31 13:32:00,4010.06,4011.88,4009.26,4011.81,177
2025-10-31 13:33:00,4011.94,4012.03,4009.61,4009.61,165
2025-10-31 13:34:00,4009.64,4009.83,4008.34,4009.69,116
2025-10-31 13:35:00,4009.63,4012.11,4009.13,4009.2,133
2025-10-31 13:36:00,4009.14,4010.22,4008.52,4008.77,137
2025-10-31 13:37:00,4008.68,4008.8,4007.77,4007.95,145
2025-10-31 13:38:00,4007.98,4009.54,4007.37,4008.21,126
2025-10-31 13:39:00,4008.25,4009.55,4007.55,4009.42,113
2025-10-31 13:40:00,4009.44,4010.78,4008.98,4010.34,136
2025-10-31 13:41:00,4010.32,4011.6,4009.91,4010.49,180
2025-10-31 13:42:00,4010.55,4010.88,4008.59,4009.23,141
2025-10-31 13:43:00,4009.16,4009.22,4007.75,4008.25,129
2025-10-31 13:44:00,4008.24,4010.61,4008.05,4010.36,126
2025-10-31 13:45:00,4010.39,4010.67,4008.71,4009.34,132
2025-10-31 13:46:00,4009.36,4009.74,4008.51,4008.65,129
2025-10-31 13:47:00,4008.63,4008.9,4007.7,4008.24,117
2025-10-31 13:48:00,4008.23,4010.07,4006.88,4009.8,190
2025-10-31 13:49:00,4009.76,4009.78,4006.89,4007.47,147
2025-10-31 13:50:00,4007.33,4008.65,4005.41,4006.34,151
2025-10-31 13:51:00,4006.33,4009.24,4006.31,4008.53,150
2025-10-31 13:52:00,4008.54,4009.33,4007.73,4007.94,128
2025-10-31 13:53:00,4007.93,4008.68,4007.93,4008.42,127
2025-10-31 13:54:00,4008.49,4008.88,4007.76,4008.52,113
2025-10-31 13:55:00,4008.35,4008.84,4007.01,4007.62,125
2025-10-31 13:56:00,4007.62,4010.91,4007.39,4010.91,154
2025-10-31 13:57:00,4010.92,4013.29,4010.92,4013.08,175
2025-10-31 13:58:00,4013.09,4014.02,4012.25,4013.78,128
2025-10-31 13:59:00,4013.65,4014.62,4013.07,4013.13,121
2025-10-31 14:00:00,4013.14,4014.03,4009.62,4010.68,135
2025-10-31 14:01:00,4010.73,4012.19,4009.04,4011.33,117
2025-10-31 14:02:00,4011.41,4011.41,4009.12,4010.02,156
2025-10-31 14:03:00,4009.78,4012.74,4007.71,4012.24,166
2025-10-31 14:04:00,4012.26,4016.59,4012.0,4015.46,191
2025-10-31 14:05:00,4015.47,4016.8,4011.59,4013.66,217
2025-10-31 14:06:00,4013.48,4013.53,4011.9,4013.09,160
2025-10-31 14:07:00,4013.1,4013.1,4011.36,4011.86,172
2025-10-31 14:08:00,4011.87,4013.53,4011.12,4012.96,176
2025-10-31 14:09:00,4013.08,4013.1,4008.92,4009.07,194
2025-10-31 14:10:00,4009.09,4009.35,4007.68,4008.46,137
2025-10-31 14:11:00,4008.45,4010.06,4008.45,4008.93,138
2025-10-31 14:12:00,4008.94,4010.71,4008.94,4009.8,153
2025-10-31 14:13:00,4009.86,4012.88,4009.86,4012.75,132
2025-10-31 14:14:00,4013.02,4015.89,4011.93,4015.84,164
2025-10-31 14:15:00,4015.86,4016.9,4014.89,4016.19,154
2025-10-31 14:16:00,4016.2,4017.55,4015.42,4016.59,135
2025-10-31 14:17:00,4016.59,4019.42,4016.47,4018.53,129
2025-10-31 14:18:00,4018.5,4020.15,4017.39,4017.9,186
2025-10-31 14:19:00,4017.97,4018.67,4016.76,4017.88,169
2025-10-31 14:20:00,4017.87,4020.16,4017.85,4020.16,180
2025-10-31 14:21:00,4020.49,4021.48,4019.23,4020.64,208
2025-10-31 14:22:00,4020.67,4023.18,4019.94,4021.81,193
2025-10-31 14:23:00,4022.23,4023.13,4020.0,4021.25,161
2025-10-31 14:24:00,4021.07,4021.59,4020.17,4020.64,146
2025-10-31 14:25:00,4020.6,4020.78,4019.9,4020.12,133
2025-10-31 14:26:00,4020.1,4020.71,4019.39,4019.45,107
2025-10-31 14:27:00,4019.33,4019.64,4018.86,4019.23,107
2025-10-31 14:28:00,4019.24,4022.23,4018.94,4021.99,131
2025-10-31 14:29:00,4022.02,4023.54,4021.58,4023.24,138
2025-10-31 14:30:00,4023.02,4023.75,4022.17,4023.5,136
2025-10-31 14:31:00,4023.51,4024.55,4022.24,4024.47,166
2025-10-31 14:32:00,4024.48,4025.51,4022.04,4022.16,161
2025-10-31 14:33:00,4022.19,4023.27,4020.98,4021.5,184
2025-10-31 14:34:00,4021.48,4022.15,4020.89,4021.01,166
2025-10-31 14:35:00,4021.03,4021.12,4018.04,4018.81,204
2025-10-31 14:36:00,4018.79,4020.96,4018.1,4019.87,152
2025-10-31 14:37:00,4019.75,4019.87,4018.9,4019.48,121
2025-10-31 14:38:00,4019.28,4019.59,4018.39,4019.4,168
2025-10-31 14:39:00,4019.22,4019.82,4017.99,4018.57,161
2025-10-31 14:40:00,4018.42,4018.66,4017.97,4018.1,106
2025-10-31 14:41:00,4018.21,4019.37,4017.84,4019.34,100
2025-10-31 14:42:00,4019.36,4019.48,4018.38,4018.77,104
2025-10-31 14:43:00,4018.63,4019.26,4015.82,4016.21,115
2025-10-31 14:44:00,4016.18,4016.84,4012.08,4012.44,204
2025-10-31 14:45:00,4012.55,4015.02,4012.39,4013.99,199
2025-10-31 14:46:00,4014.02,4016.31,4013.7,4016.09,143
2025-10-31 14:47:00,4016.05,4016.43,4015.46,4015.46,114
2025-10-31 14:48:00,4015.48,4018.94,4015.47,4018.94,137
2025-10-31 14:49:00,4019.02,4020.01,4018.22,4018.22,106
2025-10-31 14:50:00,4018.14,4018.5,4016.06,4016.21,97
2025-10-31 14:51:00,4016.16,4016.58,4015.25,4016.34,96
2025-10-31 14:52:00,4016.39,4017.27,4015.59,4016.11,123
2025-10-31 14:53:00,4016.09,4017.37,4015.94,4017.02,107
2025-10-31 14:54:00,4017.06,4017.84,4016.62,4017.52,146
2025-10-31 14:55:00,4017.72,4022.01,4017.72,4021.55,180
2025-10-31 14:56:00,4021.52,4022.61,4020.06,4022.17,200
2025-10-31 14:57:00,4022.16,4024.01,4022.13,4022.75,195
2025-10-31 14:58:00,4022.73,4022.87,4020.32,4020.84,164
2025-10-31 14:59:00,4020.98,4022.4,4020.94,4021.03,156
2025-10-31 15:00:00,4021.04,4021.85,4018.96,4020.27,158
2025-10-31 15:01:00,4020.22,4022.44,4019.64,4022.19,145
2025-10-31 15:02:00,4022.23,4023.37,4020.95,4022.79,114
2025-10-31 15:03:00,4022.79,4024.67,4022.39,4024.39,153
2025-10-31 15:04:00,4024.43,4024.43,4021.92,4023.01,112
2025-10-31 15:05:00,4022.97,4025.48,4022.93,4025.12,115
2025-10-31 15:06:00,4025.13,4026.27,4023.75,4025.9,122
2025-10-31 15:07:00,4026.03,4026.58,4025.22,4026.58,146
2025-10-31 15:08:00,4026.7,4026.76,4026.1,4026.39,102
2025-10-31 15:09:00,4026.28,4026.36,4024.54,4025.92,126
2025-10-31 15:10:00,4025.95,4026.46,4025.1,4025.46,124
2025-10-31 15:11:00,4025.51,4026.51,4025.3,4026.12,116
2025-10-31 15:12:00,4025.91,4026.01,4023.22,4024.23,153
2025-10-31 15:13:00,4024.25,4025.19,4023.43,4024.76,163
2025-10-31 15:14:00,4024.32,4024.33,4023.1,4023.1,115
2025-10-31 15:15:00,4023.09,4023.14,4022.17,4022.79,162
2025-10-31 15:16:00,4022.75,4022.76,4022.02,4022.02,120
2025-10-31 15:17:00,4021.87,4022.42,4020.7,4020.87,132
2025-10-31 15:18:00,4020.85,4021.65,4020.64,4021.26,132
2025-10-31 15:19:00,4021.28,4022.4,4020.91,4022.19,129
2025-10-31 15:20:00,4022.07,4023.19,4021.83,4022.78,146
2025-10-31 15:21:00,4022.81,4024.28,4020.75,4020.87,139
2025-10-31 15:22:00,4020.83,4021.3,4020.12,4021.1,152
2025-10-31 15:23:00,4021.18,4021.3,4020.52,4021.09,117
2025-10-31 15:24:00,4021.07,4021.9,4020.48,4021.23,111
2025-10-31 15:25:00,4021.47,4021.83,4020.9,4021.2,80
2025-10-31 15:26:00,4021.31,4022.95,4019.48,4019.66,126
2025-10-31 15:27:00,4019.65,4020.74,4018.55,4020.55,106
2025-10-31 15:28:00,4020.45,4022.09,4020.39,4020.88,143
2025-10-31 15:29:00,4020.77,4021.46,4020.39,4021.46,85
2025-10-31 15:30:00,4021.44,4021.99,4020.39,4021.2,110
2025-10-31 15:31:00,4021.11,4022.24,4020.74,4021.69,97
2025-10-31 15:32:00,4021.68,4023.25,4020.06,4022.46,126
2025-10-31 15:33:00,4022.43,4023.09,4020.03,4020.23,122
2025-10-31 15:34:00,4019.97,4022.19,4019.25,4019.29,100
2025-10-31 15:35:00,4019.24,4021.16,4018.84,4019.21,121
2025-10-31 15:36:00,4019.23,4019.56,4019.12,4019.31,28
